1.682920145110355925e+00 2.340458297520708886e+00 3.065065349554518814e+00 3.849861601416704193e+00 4.691332846413553526e+00 5.584181458327552861e+00 6.525222330944313143e+00 7.511458660271452814e+00 8.539919882435697218e+00 9.609037973884838379e+00 1.071622324609531418e+01 1.185905436347782782e+01 1.303694041879148813e+01 1.424776806822112363e+01 1.548961776668944523e+01 1.676161152038355695e+01 1.806187589128974835e+01 1.938942430293311148e+01 2.074307898783742843e+01 2.212188396834531190e+01 2.352439106656321144e+01 2.494926559884532580e+01 2.639634347448007645e+01 2.786387168974763284e+01 2.935120087595002403e+01 3.085703157816759301e+01 3.238103697613752274e+01 3.392239116577358260e+01 3.547982081978170754e+01 3.705269094699512777e+01 3.863904091206104852e+01 4.023994029696166308e+01 4.185340700820952975e+01 4.347929211914969017e+01 4.511652267761358814e+01 4.676384773900294078e+01 4.842115847958668695e+01 5.008732355511007484e+01 5.176137692190913242e+01 5.344398548310778096e+01 5.513253193722308509e+01 5.682740041469778447e+01 5.852716332818139477e+01 6.023181567388349578e+01 6.193997995210782648e+01 6.365024224008944032e+01 6.536364414072917839e+01 6.707659085709538260e+01 6.879034134975543680e+01 7.050302572877113505e+01 7.221199624035516251e+01 7.391707446448496910e+01 7.561554633377140533e+01 7.730483350956308186e+01 7.898068014754267097e+01 8.063746604866467749e+01 8.226720457162599587e+01 8.385139032401554005e+01 8.535918360271716665e+01 8.670729191847875938e+01 1.000000000000000000e+02 1.000000000000000000e+02 1.000000000000000000e+02 1.000000000000000000e+02 1.000000000000000000e+02 8.729203707153317282e+01 8.614599428391726121e+01 8.475481070834253217e+01 8.326644314422802040e+01 8.173187598893900940e+01 8.017207637355224392e+01 7.860126903849612745e+01 7.702483251254177787e+01 7.544789878664731475e+01 7.387482302776702170e+01 7.230627514182997118e+01 7.074453141467225237e+01 6.919002962000145374e+01 6.764497125906542863e+01 6.610937452613040932e+01 6.458522009463479208e+01 6.307143026789920981e+01 6.157045432936387641e+01 6.008149474315889194e+01 5.860614267660354670e+01 5.714411025857040016e+01 5.569512023056601180e+01 5.426112021494075321e+01 5.284202966918827116e+01 5.143778680534608583e+01 5.004850453438247371e+01 4.867607856627289209e+01 4.731847758875215249e+01 4.597796626732652925e+01 4.465343087457937798e+01 4.334644809511495112e+01 4.205662664784050264e+01 4.078391326342346446e+01 3.952931054734888505e+01 3.829210641383160407e+01 3.707357150423369063e+01 3.587299048915576805e+01 3.469115591939750942e+01 3.352805145641190876e+01 3.238395692478701449e+01 3.125900454233824277e+01 3.015362829941618017e+01 2.906721322773221416e+01 2.800030807626865226e+01 2.695359754326657153e+01 2.592688854585023606e+01 2.491971888200910001e+01 2.393259167704700019e+01 2.296578288250570310e+01 2.201944936531457131e+01 2.109325256463942111e+01 2.018772498767482659e+01 1.930256942725434754e+01 1.843813123188726877e+01 1.759380256840026391e+01 1.677025660725826128e+01 1.596764277344960803e+01 1.518568951746737028e+01 1.442421525598356347e+01
1.686993509013723358e+00 2.344911259095017186e+00 3.069717247016456874e+00 3.855205641744074985e+00 4.696717681416251011e+00 5.589471032736115674e+00 6.530833884674525081e+00 7.517339742716555584e+00 8.546352187093509301e+00 9.615362633587320573e+00 1.072240650097232617e+01 1.186576683152322786e+01 1.304414782276659324e+01 1.425482657508101525e+01 1.549711257049754032e+01 1.676918332448023108e+01 1.806941841364831802e+01 1.939766053536380497e+01 2.075155634704334418e+01 2.213071397321184719e+01 2.353324853047118381e+01 2.495888762433698815e+01 2.640623504952981193e+01 2.787427564339313335e+01 2.936172412570081747e+01 3.086860265810013004e+01 3.239328134164045991e+01 3.393421691476908109e+01 3.549224816022184825e+01 3.706515508893223654e+01 3.865299268232472940e+01 4.025348325244670633e+01 4.186800211716394671e+01 4.349454271679320527e+01 4.513187632665750471e+01 4.677910481147718258e+01 4.843787264434623552e+01 5.010448481686304945e+01 5.177951553050388611e+01 5.346223767979261510e+01 5.515168616564410797e+01 5.684751507820153904e+01 5.854799823784774304e+01 6.025275200612566806e+01 6.196136146017973090e+01 6.367304810069487075e+01 6.538700336375060829e+01 6.710070751076546003e+01 6.881428183429991918e+01 7.052738495725495227e+01 7.223764345869845727e+01 7.394286660141372636e+01 7.564240850831779994e+01 7.733265648069621534e+01 7.900939558106281879e+01 8.066745898281395455e+01 8.229711738717490732e+01 8.388152725822651234e+01 8.538866760467955430e+01 8.673536311824615552e+01 1.000000000000000000e+02 1.000000000000000000e+02 1.000000000000000000e+02 1.000000000000000000e+02 1.000000000000000000e+02 8.728711345526569687e+01 8.613268533778752101e+01 8.473665776714551612e+01 8.324664375017269435e+01 8.170972857385265797e+01 8.014916882578886259e+01 7.857701470253330456e+01 7.700011289570647932e+01 7.542282761326517004e+01 7.384820835370813086e+01 7.227869801029169139e+01 7.071590294761796258e+01 6.916126551307226578e+01 6.761541939800285661e+01 6.607928099015951773e+01 6.455437758100299561e+01 6.304104772823504277e+01 6.153913298232372142e+01 6.004978950587346276e+01 5.857362239840470863e+01 5.711120703885013228e+01 5.566240381106730695e+01 5.422783798849758341e+01 5.280808553374043157e+01 5.140397047236484696e+01 5.001512122821263517e+01 4.864167403711140736e+01 4.728430717506463310e+01 4.594365720460886848e+01 4.461946833267685975e+01 4.331244074655378284e+01 4.202274295310011354e+01 4.074928833672854012e+01 3.949547378648266260e+01 3.825893500542871806e+01 3.703982464048651480e+01 3.583994190236236932e+01 3.465854692345629928e+01 3.349563487780679338e+01 3.235219736602245888e+01 3.122700288373336974e+01 3.012226251792502296e+01 2.903665685146116360e+01 2.797039363124895672e+01 2.692389153604497665e+01 2.589771641583426032e+01 2.489121600418972946e+01 2.390475319841631574e+01 2.293868063307517957e+01 2.199307070847687129e+01 2.106741694281605248e+01 2.016298993326779510e+01 1.927850948463266789e+01 1.841486014153213091e+01 1.757145149958022756e+01 1.674910386942381990e+01 1.594748593131202163e+01 1.516633014142002622e+01 1.440593057301468072e+01
1.692981807293447716e+00 2.351457794380396038e+00 3.077009753956483351e+00 3.863023644744956187e+00 4.704877523480865520e+00 5.598326309124490585e+00 6.539759717535698513e+00 7.526223041971224603e+00 8.555615631716840142e+00 9.625278636197442950e+00 1.073256722423664478e+01 1.187650564095635808e+01 1.305483382367772549e+01 1.426561830767779604e+01 1.550848404961108251e+01 1.678075601212326617e+01 1.808180652470476701e+01 1.941008919541503630e+01 2.076446789701055096e+01 2.214353934635446919e+01 2.354679195028568373e+01 2.497287240880140402e+01 2.642010633341577019e+01 2.788919025992525746e+01 2.937708565973547081e+01 3.088419483297350965e+01 3.240879506580536429e+01 3.395079993359184556e+01 3.550915801253857751e+01 3.708273176137352323e+01 3.867098549172865063e+01 4.027257051464271598e+01 4.188703604873318653e+01 4.351383714991169427e+01 4.515190433202360509e+01 4.680059106896041499e+01 4.845900479864266686e+01 5.012681589726264519e+01 5.180238129626999211e+01 5.348561851306724435e+01 5.517559305995200702e+01 5.687156945045972378e+01 5.857295374356337447e+01 6.027863370215013106e+01 6.198827973882205811e+01 6.370033641878312380e+01 6.541409466691945340e+01 6.712907938775980199e+01 6.884405911181303850e+01 7.055670004735308964e+01 7.226811197360609640e+01 7.397475228216701737e+01 7.567389098178512086e+01 7.736484064856213649e+01 7.904167020786135822e+01 8.070069444452083474e+01 8.233011978078019411e+01 8.391558323824139620e+01 8.542260429575429725e+01 8.676598612078036865e+01 1.000000000000000000e+02 1.000000000000000000e+02 1.000000000000000000e+02 1.000000000000000000e+02 1.000000000000000000e+02 8.728006031813441723e+01 8.611561808124508843e+01 8.471561699073819796e+01 8.322259680873794707e+01 8.168454895016840567e+01 8.012240953438856650e+01 7.854931632527038232e+01 7.697121574308376069e+01 7.539351092603783400e+01 7.381812980051300599e+01 7.224770063245679808e+01 7.068416915713116566e+01 6.912867171417954637e+01 6.758201878391771800e+01 6.604581785638255553e+01 6.452074127867209086e+01 6.300503829570913439e+01 6.150427877844777669e+01 6.001470840448297395e+01 5.853851892112869137e+01 5.707551102299534307e+01 5.562678502919226986e+01 5.419206556787328566e+01 5.277171390284094343e+01 5.136727727991190307e+01 4.997802517254798715e+01 4.860498800601722280e+01 4.724710570364219819e+01 4.590708673024015241e+01 4.458281901013059212e+01 4.327593007228635003e+01 4.198569984144337752e+01 4.071376255480667794e+01 3.945909624603478960e+01 3.822284527600482562e+01 3.700473725348648912e+01 3.580448956827946461e+01 3.462349910779366269e+01 3.346138771667289546e+01 3.231787559262803455e+01 3.119349688161078404e+01 3.008937298246845415e+01 2.900372670964123145e+01 2.793829447692925783e+01 2.689276324591503098e+01 2.586692541372772780e+01 2.486124717861384426e+01 2.387571480486426623e+01 2.291037128044532878e+01 2.196564495154101948e+01 2.104102048551384030e+01 2.013688692240203082e+01 1.925354655149993377e+01 1.839040541419584329e+01 1.754836601257331452e+01 1.672679005076617287e+01 1.592630456337152900e+01 1.514606277292092074e+01 1.438692643361522094e+01
1.701059112001090945e+00 2.360471627400961836e+00 3.086601263834143349e+00 3.873440717183851412e+00 4.715550875581520529e+00 5.609604059311457114e+00 6.551800363202076483e+00 7.538760142984235912e+00 8.568592802411922449e+00 9.638539653772948412e+00 1.074650158101423436e+01 1.189085418611918143e+01 1.306958595597468253e+01 1.428100151046152178e+01 1.552405384264235977e+01 1.679652030098917237e+01 1.809819439654608431e+01 1.942675555203665638e+01 2.078160107855674354e+01 2.216137416815750072e+01 2.356474069778807845e+01 2.499098474643744083e+01 2.643912518716914306e+01 2.790779421296150176e+01 2.939649768502541249e+01 3.090436011651987869e+01 3.242980796273040767e+01 3.397214554678284770e+01 3.553097040769797843e+01 3.710501361088288519e+01 3.869344060936074925e+01 4.029558403959190116e+01 4.191123153252177502e+01 4.353805361762346138e+01 4.517633679743671138e+01 4.682620999478547219e+01 4.848514366033619183e+01 5.015342655393602200e+01 5.182967447642639058e+01 5.351312691788508857e+01 5.520427562288763568e+01 5.690068721969171150e+01 5.860269979640509064e+01 6.030911863873533463e+01 6.201925118403848103e+01 6.373221169933809449e+01 6.544647601680743776e+01 6.716227585286709711e+01 6.887795458468106347e+01 7.059156949731448094e+01 7.230266178263491383e+01 7.401004119881385179e+01 7.571041966373159937e+01 7.740128188783255325e+01 7.907972270541931437e+01 8.073782396164938291e+01 8.236796821531477519e+01 8.395381413740888377e+01 8.545934846891202596e+01 8.679990440149100550e+01 1.000000000000000000e+02 1.000000000000000000e+02 1.000000000000000000e+02 1.000000000000000000e+02 1.000000000000000000e+02 8.727081378874399320e+01 8.609562587036127468e+01 8.469177178868139322e+01 8.319607802480830117e+01 8.165573304022126422e+01 8.009201552666722534e+01 7.851792541751559895e+01 7.693878262347195118e+01 7.535886995797653753e+01 7.378349586325208520e+01 7.221305084510321137e+01 7.064935130641131877e+01 6.909310939245143857e+01 6.754571283571758045e+01 6.600914572430733074e+01 6.448295170371910956e+01 6.296813755054222383e+01 6.146649338237673987e+01 5.997653368087002690e+01 5.849987961645783940e+01 5.703643435476519841e+01 5.558726861954823306e+01 5.415211554153221130e+01 5.273311775121809575e+01 5.132812109283113955e+01 4.993882940299806705e+01 4.856537951011918608e+01 4.720837133409222730e+01 4.586777430574342418e+01 4.454373468725004415e+01 4.323663572436471725e+01 4.194673776838043011e+01 4.067488997307295051e+01 3.942069668787667780e+01 3.818455558171972797e+01 3.696684456933704155e+01 3.576729573525484795e+01 3.458638147210215408e+01 3.342487642721927443e+01 3.228193335153110155e+01 3.115831868831746476e+01 3.005389340406588872e+01 2.896971132574114449e+01 2.790452591628958956e+01 2.685979398970149745e+01 2.583453837409984644e+01 2.482970144362731801e+01 2.384499384555088852e+01 2.288049834048043607e+01 2.193652876232465943e+01 2.101279577254414477e+01 2.010999403162914234e+01 1.922721904355053724e+01 1.836576389414378241e+01 1.752430546226878505e+01 1.670404095164554903e+01 1.590422746687123379e+01 1.512509383901711146e+01 1.436695064735632421e+01
1.711573935365118260e+00 2.371821602508872306e+00 3.098905300421561648e+00 3.886459208467374360e+00 4.729511123002327899e+00 5.624169963323987886e+00 6.566671116226830307e+00 7.554604985508273529e+00 8.584680785740628650e+00 9.655219485394962220e+00 1.076378428044613145e+01 1.190846385474177893e+01 1.308766201796389694e+01 1.429896899445086689e+01 1.554338935456344117e+01 1.681660513177203242e+01 1.811823501333019593e+01 1.944767508022683344e+01 2.080273219563268938e+01 2.218307986022972500e+01 2.358674711473749497e+01 2.501405629093038741e+01 2.646206738355961718e+01 2.793171713141905244e+01 2.942091880723218722e+01 3.092914732760131358e+01 3.245497283135203759e+01 3.399825993519669254e+01 3.555717694829231590e+01 3.713127920479273314e+01 3.872062802558211558e+01 4.032382751882662575e+01 4.193956841666407342e+01 4.356735323137578320e+01 4.520619986567881909e+01 4.685660303385583347e+01 4.851599912744474352e+01 5.018492377532621873e+01 5.186147448612253896e+01 5.354586105697685383e+01 5.523778758740890282e+01 5.693520861362244290e+01 5.863756738492828902e+01 6.034421422305713634e+01 6.205517975880030690e+01 6.376844834411945584e+01 6.548372547672049393e+01 6.720018181743061803e+01 6.891631692224157746e+01 7.063096578176622131e+01 7.234289494483236638e+01 7.405011762818848808e+01 7.575150115037374121e+01 7.744256058740366200e+01 7.912161987781689731e+01 8.078025174063225222e+01 8.241099959975130673e+01 8.399515116909766732e+01 8.549996182361458352e+01 8.683651007260144183e+01 1.000000000000000000e+02 1.000000000000000000e+02 1.000000000000000000e+02 1.000000000000000000e+02 1.000000000000000000e+02 8.725814984321823431e+01 8.607112226562358615e+01 8.466341113152867592e+01 8.316402359777542586e+01 8.162246630266251657e+01 8.005784900730485276e+01 7.848278856302945883e+01 7.690290579332589971e+01 7.532271154233306731e+01 7.374568740657501564e+01 7.217406328777498459e+01 7.060970253298086163e+01 6.905329341339917448e+01 6.750598976556150888e+01 6.596881586575503320e+01 6.444260688935547421e+01 6.292664133963068451e+01 6.142480567425303661e+01 5.993477298755418303e+01 5.845795946354872541e+01 5.699450554676316472e+01 5.554540250138364854e+01 5.411017430096147507e+01 5.269024044045369237e+01 5.128538657462511452e+01 4.989664213155958805e+01 4.852300592825551462e+01 4.716615405414405160e+01 4.582578953822334711e+01 4.450186228238468544e+01 4.319530384932212286e+01 4.190592013093318258e+01 4.063374292168728630e+01 3.938011868434614371e+01 3.814402798838134601e+01 3.692673095809946204e+01 3.572769076631089291e+01 3.454767814689439831e+01 3.338629398198842324e+01 3.224351331646943208e+01 3.112100154353191073e+01 3.001747025603152963e+01 2.893351116664687339e+01 2.786952951724349603e+01 2.682512764591856680e+01 2.580086597343643717e+01 2.479674599943584212e+01 2.381281424813255398e+01 2.284948165634890316e+01 2.190611389859277125e+01 2.098365896472235193e+01 2.008137931175968305e+01 1.919985905711671847e+01 1.833916852379049445e+01 1.749926804256016766e+01 1.667986681500526203e+01 1.588108688576572725e+01 1.510351978524596639e+01 1.434623737334850269e+01
1.724190088156873912e+00 2.385704345763473011e+00 3.113751618841509305e+00 3.902413991189201958e+00 4.746373722234265458e+00 5.641584214625772198e+00 6.584734023012783766e+00 7.573146833032595282e+00 8.604648346909705481e+00 9.675588649815324516e+00 1.078496217708380200e+01 1.193050382342202198e+01 1.310992749785691025e+01 1.432260693417770625e+01 1.556657066341847795e+01 1.684041568065900307e+01 1.814254816370052126e+01 1.947285426068584613e+01 2.082865585627374827e+01 2.220909979863058226e+01 2.361368170490839447e+01 2.504109350565980563e+01 2.649024349421222979e+01 2.795983241280736209e+01 2.944955334968959448e+01 3.095830933188007350e+01 3.248481157810731190e+01 3.402798030848754962e+01 3.558850506357305932e+01 3.716328425238496180e+01 3.875315129753468568e+01 4.035617255564840633e+01 4.197270558697960041e+01 4.360111340141921943e+01 4.524089075698080364e+01 4.689153633522774811e+01 4.855130777858251179e+01 5.022097625924541830e+01 5.189839320840192727e+01 5.358382134847845180e+01 5.527543733195550146e+01 5.697362436792717943e+01 5.867697864170067135e+01 6.038457917674973174e+01 6.209584006066062045e+01 6.380958416142352974e+01 6.552600251262691700e+01 6.724269397701871753e+01 6.895971682204539377e+01 7.067491361557107155e+01 7.238742235786754975e+01 7.409508674526169614e+01 7.579703923246640329e+01 7.748854480020057167e+01 7.916756379231068763e+01 8.082672973874888100e+01 8.245756405589325766e+01 8.404134147943321409e+01 8.554392631007968362e+01 8.687612447971169161e+01 1.000000000000000000e+02 1.000000000000000000e+02 1.000000000000000000e+02 1.000000000000000000e+02 1.000000000000000000e+02 8.724245074646532316e+01 8.604479831296735881e+01 8.463134694969900806e+01 8.312948845882077364e+01 8.158612236519594774e+01 8.001949222985842880e+01 7.844317311762867462e+01 7.686226300760965557e+01 7.528204414650063825e+01 7.370437617925394136e+01 7.213212458938835425e+01 7.056776940012503019e+01 6.901063294701832262e+01 6.746268102330348881e+01 6.592524348801566703e+01 6.439831927917265375e+01 6.288300182861672738e+01 6.137990907234259907e+01 5.989042268923607537e+01 5.841280755989990325e+01 5.694961590229989667e+01 5.550003558352374000e+01 5.406526203336833447e+01 5.264530407596379291e+01 5.124045398946900320e+01 4.985128364931730260e+01 4.847849925421815698e+01 4.712121048527513523e+01 4.578089747230852424e+01 4.445726455968284085e+01 4.315116591468270713e+01 4.186217234284072219e+01 4.059030662512481769e+01 3.933720308541987976e+01 3.810146649131230845e+01 3.688425173510905353e+01 3.568607999451602808e+01 3.450647264377718670e+01 3.334568356920494381e+01 3.220437651377969956e+01 3.108191131133992613e+01 2.997859233055926254e+01 2.889556587105912655e+01 2.783264425840183875e+01 2.678917025421003828e+01 2.576568426991549998e+01 2.476253872153775148e+01 2.377961163686369517e+01 2.281685660071296340e+01 2.187442734679786582e+01 2.095334642698148997e+01 2.005219865367234888e+01 1.917193257891569402e+01 1.831219802125005813e+01 1.747325288695691370e+01 1.665487477288192153e+01 1.585757891375211237e+01 1.508074902413281038e+01 1.432496754805923089e+01
1.738856697605106749e+00 2.401975827729319057e+00 3.131188406294149740e+00 3.921230604151815236e+00 4.766189691638011539e+00 5.662623720186932275e+00 6.606654179028426555e+00 7.596427233194336104e+00 8.627982391292521314e+00 9.699718271992519902e+00 1.080958584031460568e+01 1.195554527712250348e+01 1.313604030418061797e+01 1.434923185062854145e+01 1.559413345805127449e+01 1.686867924607177116e+01 1.817166682168994640e+01 1.950207439682639787e+01 2.085839004700189747e+01 2.223957074625149133e+01 2.364477944513000551e+01 2.507253268354315878e+01 2.652234953220631297e+01 2.799280717062053725e+01 2.948299257809894414e+01 3.099188389751248351e+01 3.251899210890676528e+01 3.406337508197713504e+01 3.562377028057834849e+01 3.719954181972306628e+01 3.878977744111045212e+01 4.039403059493017167e+01 4.201015267465296432e+01 4.363989131441123703e+01 4.528067839682421436e+01 4.693149592540149229e+01 4.859215968226887838e+01 5.026246571450644041e+01 5.194028125443227140e+01 5.362635264018016557e+01 5.531876404729938201e+01 5.701665976455065987e+01 5.872144551770260534e+01 6.042919162468638206e+01 6.214118389689784294e+01 6.385602522025618555e+01 6.557186939076207466e+01 6.728930029808448410e+01 6.900722178089391434e+01 7.072286593908394536e+01 7.243565867166022088e+01 7.414461761647935134e+01 7.584627033411089769e+01 7.753907804022716732e+01 7.921792051671685897e+01 8.087745758092006554e+01 8.250829368107737594e+01 8.409182302423418776e+01 8.559213521686517367e+01 8.691923585305222844e+01 1.000000000000000000e+02 1.000000000000000000e+02 1.000000000000000000e+02 1.000000000000000000e+02 1.000000000000000000e+02 8.722387638464201132e+01 8.601374171830690329e+01 8.459501889707759403e+01 8.309123084267834258e+01 8.154515853643597723e+01 7.997821140424036912e+01 7.840041101184699812e+01 7.681899102153282399e+01 7.523760825183495626e+01 7.365942376214493947e+01 7.208669655700077783e+01 7.052175839372291932e+01 6.896379130083984421e+01 6.741575539830408559e+01 6.587787141586319706e+01 6.435092407956692284e+01 6.283581114940067636e+01 6.133207310429276049e+01 5.984210412819010827e+01 5.836508622808174351e+01 5.690109567037984561e+01 5.545181750609488347e+01 5.401722905947694642e+01 5.259671145263733649e+01 5.119226472841245368e+01 4.980336416821712220e+01 4.843050444392963527e+01 4.707372477587823312e+01 4.573371862639930896e+01 4.441037741299985697e+01 4.310421490116209498e+01 4.181586373432048021e+01 4.054502810480276054e+01 3.929135636384933861e+01 3.805679368208297575e+01 3.684039366096422441e+01 3.564225054341116561e+01 3.446330993812426158e+01 3.330328383918887170e+01 3.216203494033179311e+01 3.104071487111407279e+01 2.993846335570446016e+01 2.885652391397486127e+01 2.779380918991830640e+01 2.675121798041842780e+01 2.572879039451909478e+01 2.472695849669278445e+01 2.374461910420599864e+01 2.278309268831023715e+01 2.184174743197060309e+01 2.092105908430789185e+01 2.002165188275176888e+01 1.914220690060164287e+01 1.828394757678346494e+01 1.744626243839646662e+01 1.662920065982148543e+01 1.583286842794423599e+01 1.505761496332115357e+01 1.430290773836969720e+01
1.755764307086904452e+00 2.420381043915942332e+00 3.151480418053187460e+00 3.942560607199674383e+00 4.788941438089744373e+00 5.686650994676856641e+00 6.631964749974428308e+00 7.622290548096088969e+00 8.654966484147298189e+00 9.727554702878205006e+00 1.083806425792456274e+01 1.198504588895660206e+01 1.316642032974085730e+01 1.437990422362389609e+01 1.562570040984054742e+01 1.690102439484877550e+01 1.820455476457579636e+01 1.953513470748853109e+01 2.089219363956686948e+01 2.227469348921767889e+01 2.368055464323087733e+01 2.510823911512864015e+01 2.655917702655658985e+01 2.803025323910947009e+01 2.952096486284682086e+01 3.103037616317558900e+01 3.255847993774661830e+01 3.410363307833639368e+01 3.566455559695720012e+01 3.724084710211970162e+01 3.883155821489226156e+01 4.043605232770197944e+01 4.205387841956061834e+01 4.368317585035409678e+01 4.532381468331658425e+01 4.697643194653801402e+01 4.863771969273246043e+01 5.030816689049345314e+01 5.198715210749074345e+01 5.367314304173198281e+01 5.536670207382059772e+01 5.706621165691956321e+01 5.877003972375862872e+01 6.047902171088595225e+01 6.219167894913193351e+01 6.390665841889917687e+01 6.562408979214463045e+01 6.734192821391759765e+01 6.905891997422362749e+01 7.077601590858213854e+01 7.248956001126471449e+01 7.419847705562519025e+01 7.590121150923027926e+01 7.759395542262335255e+01 7.927326681002760722e+01 8.093273276961548390e+01 8.256307724331466602e+01 8.414573497934574675e+01 8.564455111071254123e+01 8.696429542106902488e+01 1.000000000000000000e+02 1.000000000000000000e+02 1.000000000000000000e+02 1.000000000000000000e+02 1.000000000000000000e+02 8.720251839978783437e+01 8.597898256652808868e+01 8.455569589059342661e+01 8.304892870332781740e+01 8.150059641108350661e+01 7.993305847983438639e+01 7.835374713929891755e+01 7.677172443949105229e+01 7.518958968333447501e+01 7.361089289039691153e+01 7.203744278090024977e+01 7.047147344808399794e+01 6.891367401453520358e+01 6.736558736227735267e+01 6.582730673822183576e+01 6.429979478262352188e+01 6.278448068447508490e+01 6.128102868965093108e+01 5.979068938312563120e+01 5.831298393386185808e+01 5.684951925732175937e+01 5.540076009261587586e+01 5.396581083458824679e+01 5.254624779034033821e+01 5.114151441349896743e+01 4.975241509291290498e+01 4.838026722889254927e+01 4.702334327975672323e+01 4.568377266017510152e+01 4.436069272898844673e+01 4.305528794077082466e+01 4.176705051971627825e+01 4.049605561795838327e+01 3.924383443524048687e+01 3.800962157933254559e+01 3.679358407705726108e+01 3.559665411284746028e+01 3.441834321024405341e+01 3.325865752441284684e+01 3.211834478847573848e+01 3.099810350725893215e+01 2.989645975927006560e+01 2.881520411447294805e+01 2.775346373976036318e+01 2.671202221768926677e+01 2.569064142471068024e+01 2.468902158101551336e+01 2.370846295637607426e+01 2.274809306946406906e+01 2.180809505221197497e+01 2.088859826406146425e+01 1.999008441993880325e+01 1.911205923630521397e+01 1.825446221138625802e+01 1.741794599923554188e+01 1.660242592061785771e+01 1.580765172313368616e+01 1.503201143049005495e+01 1.426867260372769408e+01
1.775037008624513746e+00 2.441844583650198963e+00 3.174471957551439072e+00 3.967178810048876958e+00 4.814911795996234645e+00 5.713501494884576815e+00 6.660117522426300951e+00 7.651460927808006574e+00 8.685326831689653915e+00 9.759079446833895943e+00 1.087060029529509642e+01 1.201818276122101992e+01 1.320047828309180993e+01 1.441465068383734938e+01 1.566147488002970256e+01 1.693723772014510587e+01 1.824161570896606221e+01 1.957341066601221513e+01 2.093148059798535243e+01 2.231368765441914448e+01 2.371962351318227391e+01 2.514962720164184518e+01 2.660063817361913863e+01 2.807200017577121542e+01 2.956373818335077530e+01 3.107415972438686325e+01 3.260246782815998756e+01 3.414740341674381341e+01 3.570963241697619850e+01 3.728684890963150167e+01 3.887798748898576662e+01 4.048314794371464842e+01 4.210096717037017555e+01 4.373195448246064387e+01 4.537370286290089894e+01 4.702593003456891552e+01 4.868780461239053636e+01 5.035916954289889702e+01 5.203867337694405393e+01 5.372530857264546711e+01 5.541885404380187197e+01 5.711900521651897833e+01 5.882412904596417036e+01 6.053405313429301060e+01 6.224658198604239345e+01 6.396260232686081793e+01 6.568042100879965517e+01 6.739881472980383137e+01 6.911708759600033147e+01 7.083402673360725998e+01 7.254812762710680829e+01 7.425778380531184553e+01 7.596000110652394710e+01 7.765347401018618712e+01 7.933244954458143638e+01 8.099238939136283477e+01 8.262178755830188948e+01 8.420383399962720716e+01 8.569916706730450073e+01 8.701264631952643924e+01 1.000000000000000000e+02 1.000000000000000000e+02 1.000000000000000000e+02 1.000000000000000000e+02 1.000000000000000000e+02 8.717775440856027558e+01 8.594148636758387738e+01 8.451214941742117048e+01 8.300259983161757305e+01 8.145265543848010736e+01 7.988293470851701272e+01 7.830291205102808760e+01 7.672024628610839159e+01 7.513742316079859052e+01 7.355843157751746730e+01 7.198461183480814896e+01 7.041798563490526419e+01 6.886001184307583856e+01 6.731137922573203980e+01 6.577317024702009007e+01 6.424568097721819981e+01 6.272947866723234966e+01 6.122656679429599080e+01 5.973580075554498592e+01 5.825903992857950442e+01 5.679487162475390960e+01 5.534629561804653974e+01 5.391170444962536124e+01 5.249216742447442385e+01 5.108755788059238512e+01 4.969919487608731856e+01 4.832659864016159901e+01 4.697087202882384815e+01 4.563157114957091665e+01 4.430848104557711764e+01 4.300355614849300423e+01 4.171581388193431650e+01 4.044595091608121606e+01 3.919394007675909108e+01 3.796013838230549453e+01 3.674531304143285837e+01 3.554853637202330674e+01 3.437076657005313507e+01 3.321235144868742850e+01 3.207291852846368130e+01 3.095313027317601140e+01 2.985298539004420704e+01 2.877258805272718689e+01 2.771198885106730359e+01 2.667119805245149422e+01 2.565098838654388302e+01 2.465072767997553882e+01 2.367088367184684472e+01 2.271150317357733073e+01 2.177272580832859816e+01 2.085455986444386767e+01 1.995722354455766734e+01 1.908054067433121403e+01 1.822435062427491914e+01 1.738657042970161015e+01 1.655958563663295635e+01 1.574331219258721148e+01 1.493865717516357172e+01 1.414668578776170449e+01
1.796718821477039096e+00 2.465309986092700800e+00 3.200092601036086393e+00 3.994499247145855136e+00 4.843839001225347829e+00 5.743813305229195088e+00 6.691914957588962487e+00 7.684553554264117459e+00 8.719049091285480557e+00 9.794286548860132058e+00 1.090668924733201273e+01 1.205527212397865533e+01 1.323869775597413856e+01 1.445454966988251044e+01 1.570127525492919318e+01 1.697810841754644429e+01 1.828341618180593287e+01 1.961591456448600468e+01 2.097443594754649965e+01 2.235752197490745630e+01 2.376502259202637646e+01 2.519500348716175964e+01 2.664661737078487391e+01 2.811927343537202617e+01 2.961117445373786694e+01 3.112210055309502366e+01 3.265141899677821158e+01 3.419802573050682071e+01 3.576010299632872602e+01 3.733740109938706553e+01 3.892954764705179826e+01 4.053550179636123119e+01 4.215437018269765446e+01 4.378543144921135166e+01 4.542754988393616600e+01 4.708075880430422444e+01 4.874328468890875143e+01 5.041488264778837447e+01 5.209507034066272979e+01 5.378268841045586157e+01 5.547718800487479740e+01 5.717767253224197077e+01 5.888338407505388972e+01 6.059326635440900333e+01 6.230651726434150817e+01 6.402316362989733989e+01 6.574163992909875276e+01 6.746067022740614050e+01 6.917921306677983750e+01 7.089630069937456369e+01 7.261118576714670780e+01 7.432082570994055004e+01 7.602416929547328550e+01 7.771739328912759959e+01 7.939680539795449477e+01 8.105676959096881262e+01 8.268586341637109172e+01 8.426634926938990588e+01 8.575918840270561816e+01 8.706299627787007012e+01 1.000000000000000000e+02 1.000000000000000000e+02 1.000000000000000000e+02 1.000000000000000000e+02 1.000000000000000000e+02 8.714908836926942115e+01 8.590061143029588209e+01 8.446500463003813763e+01 8.295283583791803039e+01 8.140126337801120826e+01 7.982931021495517143e+01 7.824864957135089583e+01 7.666478898080788440e+01 7.508135566752103784e+01 7.350141642994118740e+01 7.192793732423869812e+01 7.036054718123190810e+01 6.880226709489303971e+01 6.725348248737368806e+01 6.571522052099582822e+01 6.418785576988572927e+01 6.267207383420956290e+01 6.116842097160556335e+01 5.967817293493791198e+01 5.820105425151908918e+01 5.673793698732871604e+01 5.528847148838249836e+01 5.385396553378316753e+01 5.243470899828346177e+01 5.103076673799391472e+01 4.964238345512487172e+01 4.827045257821824009e+01 4.691463527974894987e+01 4.557621856310877462e+01 4.425346022140112723e+01 4.294908802841368356e+01 4.166216354280668810e+01 4.039255268335352156e+01 3.914163476804278474e+01 3.790797819862918061e+01 3.669402716136054465e+01 3.549832059589138566e+01 3.432169162486609082e+01 3.316388530478183583e+01 3.202550134808451787e+01 3.090654704846101808e+01 2.980739588136946949e+01 2.872785478267581993e+01 2.766816407930181754e+01 2.662849694116420451e+01 2.560921715134907117e+01 2.461051529372213409e+01 2.363199658056378638e+01 2.267396883997972878e+01 2.173615258491994240e+01 2.081944750572527525e+01 1.991841708979518089e+01 1.902780315674319667e+01 1.814703867617797428e+01 1.727783634389730238e+01 1.642002316187839384e+01 1.557491627586946592e+01 1.474357808343118492e+01 1.392781275288558263e+01
1.820595052416529303e+00 2.491829532111533574e+00 3.228492089385504027e+00 4.024883710032534090e+00 4.875897813635865496e+00 5.777535899332775671e+00 6.726962555476401207e+00 7.721088020738109847e+00 8.757156565349866639e+00 9.833129603911283212e+00 1.094700110803301740e+01 1.209670338861391592e+01 1.328074757809333306e+01 1.449757000935814055e+01 1.574541859953479950e+01 1.702321897304642917e+01 1.832940185333076144e+01 1.966239356977716923e+01 2.102228708630534726e+01 2.240626119066669730e+01 2.381443512832647258e+01 2.524501663448447530e+01 2.669744321982546609e+01 2.817062008428490216e+01 2.966362661485659658e+01 3.117556606191496016e+01 3.270538964094122747e+01 3.425224838535848448e+01 3.581499864757481078e+01 3.739337148192593929e+01 3.898597588138008518e+01 4.059268864116531716e+01 4.221189785450935261e+01 4.384382957895341093e+01 4.548642354368248419e+01 4.714064898892553401e+01 4.880360343817975632e+01 5.047648403574937959e+01 5.215671017467477100e+01 5.384530526929373906e+01 5.553996877939866295e+01 5.724084701056284530e+01 5.894683071377604477e+01 6.065754659623034684e+01 6.237190403310837183e+01 6.408784036419449137e+01 6.580720769495808042e+01 6.752722416071603107e+01 6.924641095780732769e+01 7.096465246669205840e+01 7.267932374327133971e+01 7.438921878050686587e+01 7.609270471374149736e+01 7.778597658064117581e+01 7.946564536543679935e+01 8.112518221987907907e+01 8.275413511791673216e+01 8.433250424315129123e+01 8.582249968548734387e+01 8.711623151619482996e+01 1.000000000000000000e+02 1.000000000000000000e+02 1.000000000000000000e+02 1.000000000000000000e+02 1.000000000000000000e+02 8.711699373739858743e+01 8.585497442957044711e+01 8.441426326393401780e+01 8.289842297748351996e+01 8.134523521008388514e+01 7.977238350409844259e+01 7.818997062404899623e+01 7.660548700567315450e+01 7.502178791133792402e+01 7.344155418522358048e+01 7.186662045601484294e+01 7.030044637736537538e+01 6.874102683221403254e+01 6.719239912841364060e+01 6.565391157604358341e+01 6.412675536983047664e+01 6.261098710339143736e+01 6.110773281876641505e+01 5.961733060887504365e+01 5.814014008333621319e+01 5.667637396806479444e+01 5.522799212692044080e+01 5.379408619246098056e+01 5.237477523279557090e+01 5.097125377330493734e+01 4.958354251874754937e+01 4.821150384974868075e+01 4.685635640008784719e+01 4.551822765286273409e+01 4.419662663426149152e+01 4.289275182785462448e+01 4.160607362375883156e+01 4.033717867957423664e+01 3.908662930027470139e+01 3.785493320640595982e+01 3.664109102933720408e+01 3.544624148981198886e+01 3.427050920396786893e+01 3.311317329035430390e+01 3.197633708688737286e+01 3.085828116160729451e+01 2.976008821038539409e+01 2.868153684194206932e+01 2.762320283094566875e+01 2.658474668115574602e+01 2.556669398214995681e+01 2.456875570392064034e+01 2.359160157483508513e+01 2.262652328707501681e+01 2.167122119979559969e+01 2.072569881486987597e+01 1.979066660552237877e+01 1.886737136977433238e+01 1.795586226198809854e+01 1.705823869241867996e+01 1.617538988482610662e+01 1.530921367141528933e+01 1.447419385298127636e+01 1.366808750823599361e+01
1.847033535059683373e+00 2.520878851843810775e+00 3.259971080308021740e+00 4.057940635897061554e+00 4.911239862131166589e+00 5.814610619454219531e+00 6.765498183106943841e+00 7.761172600965182689e+00 8.798014128039055137e+00 9.876163718902642330e+00 1.099110049727940464e+01 1.214187629451350858e+01 1.332733048933204500e+01 1.454476537476275766e+01 1.579419941656718862e+01 1.707234770482682862e+01 1.837985883284074617e+01 1.971368386895486680e+01 2.107435304328426540e+01 2.245924194671704655e+01 2.386786239540133892e+01 2.529967372149111071e+01 2.675317443153000241e+01 2.822697539420409996e+01 2.972044740204325919e+01 3.123347738080279967e+01 3.276391925359173030e+01 3.431133251911289506e+01 3.587498024991990775e+01 3.745419649989707267e+01 3.904783852079592776e+01 4.065463326108486086e+01 4.227481574629544525e+01 4.390687492879368392e+01 4.555130951855140609e+01 4.720523133195396781e+01 4.886900180649615777e+01 5.054157489534449610e+01 5.222315496295204440e+01 5.391218087541859916e+01 5.560809729613951191e+01 5.730925476349462144e+01 5.901575214358949495e+01 6.072723012418098421e+01 6.244207132423738216e+01 6.415949765725754617e+01 6.587833700303966111e+01 6.759871969713933026e+01 6.931849143875797381e+01 7.103632639733164922e+01 7.275171868740811476e+01 7.446270537397273870e+01 7.616626705245082007e+01 7.785971948487090799e+01 7.953882687496269455e+01 8.119841635229316523e+01 8.282604361822376404e+01 8.440351499243179489e+01 8.588891422805188824e+01 8.717175984078555473e+01 1.000000000000000000e+02 1.000000000000000000e+02 1.000000000000000000e+02 1.000000000000000000e+02 1.000000000000000000e+02 8.708102110800413698e+01 8.580523585463512859e+01 8.435999996415711166e+01 8.284000927083394572e+01 8.128528533029835046e+01 7.971076222002140810e+01 7.812834344728383940e+01 7.654301356224843289e+01 7.495838115244997368e+01 7.337792420664199255e+01 7.180334372650639807e+01 7.023557960521804944e+01 6.867702263442978960e+01 6.712791110390156746e+01 6.558921573478426126e+01 6.406146653980968608e+01 6.254618289329913949e+01 6.104257799526378392e+01 5.955175976735139898e+01 5.807586527443074687e+01 5.661285749267553058e+01 5.516428797427186481e+01 5.373031380457775441e+01 5.231171418427449282e+01 5.090842122142997539e+01 4.952115517484855189e+01 4.815033957323753100e+01 4.679535507994534527e+01 4.545752180957312305e+01 4.413708668285168102e+01 4.283350813445765226e+01 4.154745560774797752e+01 4.027961319852195743e+01 3.902988974711196590e+01 3.779858577092524285e+01 3.658586026198462804e+01 3.539205363917751157e+01 3.421708154855296158e+01 3.306129501685936845e+01 3.192498699612306012e+01 3.080793074251931785e+01 2.971100569849980388e+01 2.863345779421906201e+01 2.757622486288935448e+01 2.653658019974356463e+01 2.550698827903896770e+01 2.448744523279543372e+01 2.347610481904365187e+01 2.247537198881529719e+01 2.148579436802337028e+01 2.050818091730302228e+01 1.954323247858727086e+01 1.859195709920018658e+01 1.765577832275771897e+01 1.674875577616487021e+01 1.586868086956857482e+01 1.501696376554838608e+01 1.419445802875348761e+01 1.340172227760442247e+01
1.875957700361119418e+00 2.552387834175107173e+00 3.294137960533971565e+00 4.094650704358215876e+00 4.949416280665630552e+00 5.854972502365074050e+00 6.807678427653385711e+00 7.804295827255547380e+00 8.843395109279450494e+00 9.922616268254280669e+00 1.103912800759034951e+01 1.219104619887723118e+01 1.337769794912383503e+01 1.459624086266531151e+01 1.584684076562037447e+01 1.712643535832584263e+01 1.843468157003340480e+01 1.976973280507596797e+01 2.113067041199618856e+01 2.251707523663884913e+01 2.392692969104055578e+01 2.535930227052050157e+01 2.681344899777157309e+01 2.828817891239821947e+01 2.978276584593109177e+01 3.129525414914003889e+01 3.282713880820126917e+01 3.437593671147725161e+01 3.593981375463671668e+01 3.752003872923893368e+01 3.911387928697828187e+01 4.072243697919171979e+01 4.234319260338315161e+01 4.397606827049103373e+01 4.562040398938580665e+01 4.727519217213937708e+01 4.893949232573514507e+01 5.061311544509388227e+01 5.229507799810841107e+01 5.398421621358839673e+01 5.568091234233928333e+01 5.738281955001613710e+01 5.909019362751106996e+01 6.080164094367632543e+01 6.251689008635344180e+01 6.423434620140882600e+01 6.595468243813064646e+01 6.767503394591570043e+01 6.939507155835006813e+01 7.111395041325627631e+01 7.282898369383326553e+01 7.454025586458982389e+01 7.624372244556211342e+01 7.793715380661043923e+01 7.961662921576385088e+01 8.127606777547666184e+01 8.290247692897911236e+01 8.447775314475620689e+01 8.595914905591894239e+01 8.722948612433928872e+01 1.000000000000000000e+02 1.000000000000000000e+02 1.000000000000000000e+02 1.000000000000000000e+02 1.000000000000000000e+02 8.704087318537571605e+01 8.575239755360964011e+01 8.430051683693167774e+01 8.277881549148276008e+01 8.122103064810706030e+01 7.964569154657628758e+01 7.806181181115239553e+01 7.647592091784837010e+01 7.489087246126769060e+01 7.330968563895318368e+01 7.173539620504936920e+01 7.016700511933717621e+01 6.860844666167496086e+01 6.705958593779786270e+01 6.552092431800654992e+01 6.399364735112662572e+01 6.247783951211188480e+01 6.097417390877548371e+01 5.948435455509182646e+01 5.800805236172430313e+01 5.654564062078527797e+01 5.509753960839854869e+01 5.366367636838540278e+01 5.224530112583801866e+01 5.084267545259790921e+01 4.945590327214220849e+01 4.808562900840123433e+01 4.673130439373356637e+01 4.539440830311038866e+01 4.407431094133092842e+01 4.277169022810760879e+01 4.148648947001760945e+01 4.021975520967665574e+01 3.897054532120037607e+01 3.773985475676179391e+01 3.652841045358466943e+01 3.533537049162964649e+01 3.416131939897284298e+01 3.300667137807845819e+01 3.187179195142120136e+01 3.075554432590248410e+01 2.965248307042499576e+01 2.855672623796473530e+01 2.747015658873254296e+01 2.639333567559726390e+01 2.532693034733398818e+01 2.427035169418256899e+01 2.322559291851674601e+01 2.219382831184509897e+01 2.117629090005586079e+01 2.017134091857392164e+01 1.919381335100685959e+01 1.824243753324766715e+01 1.731831539089822058e+01 1.642211934912518601e+01 1.555386038885196953e+01 1.471464798167327892e+01 1.390520846331357774e+01 1.312599297657055430e+01
1.907327202342001815e+00 2.586949629329793332e+00 3.331280485791687784e+00 4.134326295094458814e+00 4.991471471541508720e+00 5.898847426211306200e+00 6.853247325724387551e+00 7.852083210201055152e+00 8.893026616506949367e+00 9.973498540364222009e+00 1.109103133303181998e+01 1.224472111771151006e+01 1.343209006224512692e+01 1.465273911207305346e+01 1.590386025652325053e+01 1.718502534238704982e+01 1.849366683908764131e+01 1.983010351089272660e+01 2.119254830870647055e+01 2.257966997950575561e+01 2.399054673512031144e+01 2.542382702985378629e+01 2.687859826785123829e+01 2.835437012042908478e+01 2.984943021458699164e+01 3.136393539349612425e+01 3.289577529863092309e+01 3.444474701826302265e+01 3.601003612305072465e+01 3.759081685627086244e+01 3.918553156209886623e+01 4.079465115284910581e+01 4.241622597737897138e+01 4.404996386836697297e+01 4.569443156030399678e+01 4.734974337644564457e+01 4.901517665663783418e+01 5.068984921190915571e+01 5.237121799511568554e+01 5.406176500165149434e+01 5.575736203203269525e+01 5.746163924562554115e+01 5.916930718153570012e+01 6.088158362303312998e+01 6.259706536771094676e+01 6.431572235653379721e+01 6.603542924637335432e+01 6.775644701800248981e+01 6.947608289897632972e+01 7.119532009473698508e+01 7.291207129993792080e+01 7.462242252425963329e+01 7.632725812524383002e+01 7.801994738244042082e+01 7.969990794788041910e+01 8.135785447054510655e+01 8.298358984926792914e+01 8.455619600391939628e+01 8.603259878336065469e+01 8.728926970921476425e+01 1.000000000000000000e+02 1.000000000000000000e+02 1.000000000000000000e+02 1.000000000000000000e+02 1.000000000000000000e+02 8.699693104115206665e+01 8.569491100555896423e+01 8.423756753880149972e+01 8.271229723644793808e+01 8.115276703884005371e+01 7.957585374786273746e+01 7.799077547215026129e+01 7.640507733565114279e+01 7.481955942832050255e+01 7.323838206889745095e+01 7.166287038976196300e+01 7.009563447502678457e+01 6.853641900808800358e+01 6.698645212575601704e+01 6.544873920543032852e+01 6.392108483823317755e+01 6.240593535685556503e+01 6.090312477067928398e+01 5.941355663329241565e+01 5.793732519091121702e+01 5.647485793551447841e+01 5.502760436964219082e+01 5.359423231203880533e+01 5.217650066104718576e+01 5.077472869392012456e+01 4.938789480850216762e+01 4.801870387849701416e+01 4.666476732712033026e+01 4.532807831191757231e+01 4.400942489096458843e+01 4.270725177839165099e+01 4.142321374805122502e+01 4.015695391142077852e+01 3.890923333185025967e+01 3.767949087307547273e+01 3.646871290014295397e+01 3.527674655998981024e+01 3.409972958897707684e+01 3.293003108743840812e+01 3.176884809378940489e+01 3.061660237325831702e+01 2.947252194330509667e+01 2.833833366060681769e+01 2.721580942857687546e+01 2.610426115945596592e+01 2.500549500071598175e+01 2.391929620524494382e+01 2.284817713629364633e+01 2.180291970018515357e+01 2.078299979598420322e+01 1.978898836961488072e+01 1.882111096530788430e+01 1.788051102002250303e+01 1.696726648731794285e+01 1.609045768163760570e+01 1.526222000524636258e+01 1.445718497980779205e+01 1.367582133886909901e+01 1.291931039620025601e+01
1.941082271583305374e+00 2.624150819539072810e+00 3.371468586728654238e+00 4.176962155521113829e+00 5.036368562320204134e+00 5.946096145727408633e+00 6.902704036496976059e+00 7.903397132510637135e+00 8.946063866105724571e+00 1.002785786583865146e+01 1.114725262257158001e+01 1.230233138606125998e+01 1.349151440077839226e+01 1.471302457131665697e+01 1.596549794805026679e+01 1.724763614527653388e+01 1.855820843440385559e+01 1.989523900089223929e+01 2.125886916177195474e+01 2.264625697854797437e+01 2.405845266846580088e+01 2.549282271901719454e+01 2.694881749032754925e+01 2.842477808694183850e+01 2.992145620594557442e+01 3.143659107675728137e+01 3.296991687781803648e+01 3.451922129790471416e+01 3.608529327084546168e+01 3.766661334738387978e+01 3.926255933536133824e+01 4.087179696343703483e+01 4.249402260420793453e+01 4.412853823100449091e+01 4.577395966076848310e+01 4.742979513760462140e+01 4.909583248853582660e+01 5.077083158812697405e+01 5.245390198787980296e+01 5.414450361981646154e+01 5.584200317454011042e+01 5.754512453869799771e+01 5.925314533389786220e+01 6.096548680063941106e+01 6.268258718938166396e+01 6.440110293171909461e+01 6.612164788532230375e+01 6.784336194323230984e+01 6.956393362171783679e+01 7.128326705578429312e+01 7.299863917787041601e+01 7.471013064893253386e+01 7.641376718432930204e+01 7.810845473083891477e+01 7.978683072207473970e+01 8.144459877273280313e+01 8.306892428187168775e+01 8.463979865153456217e+01 8.610998309116193639e+01 8.734977615440939758e+01 1.000000000000000000e+02 1.000000000000000000e+02 1.000000000000000000e+02 1.000000000000000000e+02 1.000000000000000000e+02 8.694942840247941263e+01 8.563414255615141712e+01 8.417111236679831165e+01 8.264270438831458421e+01 8.108069023039276146e+01 7.950280879652738975e+01 7.791736073155145448e+01 7.633043318932227805e+01 7.474416673448021697e+01 7.316224974890768351e+01 7.158711404560034453e+01 7.001962865028316685e+01 6.846035107395233865e+01 6.691146671011472336e+01 6.537321127678590926e+01 6.384635677420406807e+01 6.233079957864227083e+01 6.082808311036641413e+01 5.933871204517184594e+01 5.786293591063149933e+01 5.640141857350984367e+01 5.495362112126989018e+01 5.352155749838961896e+01 5.210425880823420641e+01 5.070308182758513738e+01 4.931722868011539873e+01 4.794801798624683897e+01 4.659579313703346060e+01 4.525981509756304177e+01 4.394155252883577845e+01 4.264038895347345459e+01 4.135699394295831866e+01 4.009145573164052223e+01 3.884170254310207326e+01 3.759888296615488912e+01 3.636301996686973581e+01 3.513463281804898486e+01 3.391379396843036176e+01 3.270330340437571692e+01 3.150249437111324369e+01 3.031289358309870963e+01 2.913429583841556791e+01 2.796835995652657658e+01 2.681556046496316270e+01 2.568023974196405135e+01 2.457022968349472691e+01 2.348420281462719572e+01 2.242229642022336478e+01 2.142344686977261148e+01 2.046008961056184816e+01 1.951876279920153934e+01 1.860044546596432014e+01 1.770502723122746502e+01 1.683265938367431858e+01 1.598403163773366487e+01 1.515908899814384370e+01 1.435831529107166560e+01 1.358130032255412445e+01 1.282893952943541294e+01
2.002401111560869751e+00 2.664394509409084844e+00 3.414610446244559228e+00 4.223076977210582506e+00 5.085131593652647553e+00 5.997096455465166898e+00 6.955710400079562206e+00 7.958210235705099223e+00 9.002856141886162789e+00 1.008650851770592816e+01 1.120765698612057371e+01 1.236436707790184997e+01 1.355474735120831831e+01 1.477755282624764277e+01 1.603189940532661240e+01 1.731506481702714950e+01 1.862669440560974365e+01 1.996538975162780361e+01 2.132867732427872198e+01 2.271881845343127893e+01 2.413150851359261395e+01 2.556678118671462840e+01 2.702356781807005959e+01 2.850096134130364334e+01 2.999835311632255141e+01 3.151449644680002393e+01 3.304823225697423084e+01 3.459885250723871764e+01 3.616549743959822649e+01 3.774759177746059891e+01 3.934430915153147623e+01 4.095453935189025430e+01 4.257727422214910007e+01 4.421266059021940720e+01 4.585903057136802374e+01 4.751529526607792775e+01 4.918207071749588266e+01 5.085766167320324627e+01 5.254173672249589089e+01 5.423207093341204654e+01 5.593020112579971936e+01 5.763370772691822452e+01 5.934286880762888927e+01 6.105617690389939867e+01 6.277274233405822912e+01 6.449198798316082559e+01 6.621263119004233033e+01 6.793464272145830307e+01 6.965549312028976203e+01 7.137548080994761790e+01 7.309162839489067665e+01 7.480297788780039525e+01 7.650753151829702858e+01 7.820020937810909345e+01 7.987892645194358465e+01 8.153586061069452740e+01 8.315853893658710660e+01 8.472593057982606979e+01 8.619062890684776335e+01 8.741272363504911880e+01 1.000000000000000000e+02 1.000000000000000000e+02 1.000000000000000000e+02 1.000000000000000000e+02 1.000000000000000000e+02 8.689718036875011364e+01 8.556848290075879504e+01 8.409980180445325004e+01 8.256792224713792905e+01 8.100465225740839514e+01 7.942581806220097462e+01 7.783975032936881178e+01 7.625146673324421442e+01 7.466570056188758997e+01 7.308368874961540484e+01 7.150800630711397332e+01 6.993997193826058378e+01 6.838146797388040454e+01 6.683193350431679391e+01 6.529439360068936082e+01 6.376727160551418905e+01 6.225241895640535006e+01 6.075002588361020628e+01 5.926084875768029292e+01 5.778556868146701220e+01 5.632461850995073860e+01 5.487733435581425567e+01 5.344529609648424895e+01 5.202927526902441002e+01 5.062848485903295170e+01 4.924370572842439486e+01 4.787539430512097738e+01 4.652355194919637427e+01 4.518842177710773456e+01 4.386712503621696158e+01 4.254977569083160205e+01 4.123884989246524668e+01 3.993592092549066308e+01 3.864054724109894323e+01 3.735381855101851301e+01 3.607671102348608372e+01 3.480883516398829158e+01 3.355147579261059576e+01 3.230639303943168983e+01 3.107362741768774228e+01 2.985564322078164778e+01 2.866091952338297588e+01 2.752189307599630652e+01 2.643061474063378569e+01 2.536072157726086829e+01 2.431155439711528743e+01 2.328367158394342340e+01 2.227777916059293517e+01 2.129376826680853441e+01 2.033243097758990103e+01 1.939310727649027299e+01 1.847768749442192515e+01 1.758514728302125008e+01 1.671651932219908687e+01 1.587153530342202501e+01 1.505034922625865335e+01 1.425414755102916153e+01 1.348199928615462184e+01 1.273474414059294624e+01
2.220158548270800836e+00 2.736812340904715146e+00 3.461092159478340591e+00 4.272412543009229680e+00 5.137160619742320300e+00 6.051607522102586678e+00 7.012540659658384357e+00 8.017101591192854926e+00 9.063682064978939579e+00 1.014934836547395314e+01 1.127205858437041464e+01 1.243070268684858348e+01 1.362268924719495189e+01 1.484708383964812306e+01 1.610207675660856452e+01 1.738710276869297644e+01 1.869991377115676201e+01 2.003996561782387431e+01 2.140562444365101769e+01 2.279587053358558180e+01 2.420955328215903535e+01 2.564589739799652079e+01 2.710394502442710163e+01 2.858248579824876856e+01 3.008060043987380539e+01 3.159669187992353301e+01 3.313172739095294617e+01 3.468366511470170366e+01 3.625082016710994282e+01 3.783409334499262400e+01 3.943141123787321334e+01 4.104204671308048091e+01 4.266616250235373542e+01 4.430117006088083542e+01 4.594898664531869770e+01 4.760622886540974719e+01 4.927321364636320311e+01 5.094969706786029917e+01 5.263354709065239945e+01 5.432513751092612608e+01 5.602377423735138962e+01 5.772843266348487390e+01 5.943778951844586800e+01 6.115098388161612775e+01 6.286810562923044188e+01 6.458741658527907248e+01 6.630955326185453202e+01 6.803131372324308757e+01 6.975256289720654479e+01 7.147226804107209830e+01 7.318895701410612276e+01 7.490025017689573872e+01 7.660451067286612670e+01 7.829813035558711931e+01 7.997528424109019340e+01 8.163155185327723018e+01 8.325241066592778338e+01 8.481754922429102805e+01 8.627434038749196077e+01 8.747609955423105532e+01 1.000000000000000000e+02 1.000000000000000000e+02 1.000000000000000000e+02 1.000000000000000000e+02 8.776374419738428401e+01 8.684017663231449546e+01 8.549937665424660338e+01 8.402469166345302654e+01 8.248987237008546458e+01 8.092482074370848011e+01 7.934467549609257730e+01 7.775672069333560898e+01 7.616891473461778617e+01 7.458210379118631295e+01 7.300014251958728551e+01 7.142453319416503632e+01 6.985657805730321002e+01 6.829795347090875168e+01 6.674891548134330321e+01 6.521140653751088223e+01 6.368459553134935192e+01 6.217016554696480313e+01 6.066834773232660893e+01 5.917981859325833938e+01 5.770473041567485240e+01 5.624434311896347083e+01 5.479799007133448185e+01 5.336662406724834540e+01 5.195132739256364829e+01 5.055055267557682441e+01 4.915679874487381795e+01 4.776728543629042179e+01 4.638295489673507177e+01 4.500585966793980930e+01 4.363433324321239581e+01 4.227329869271660812e+01 4.091901450180846211e+01 3.957378569408144386e+01 3.824077460704950937e+01 3.691777350543484459e+01 3.560637560014967562e+01 3.434362820219729429e+01 3.313395531171477160e+01 3.194319381895756038e+01 3.077173338128056201e+01 2.961997241579107509e+01 2.848825034679047974e+01 2.737702044804768420e+01 2.628586826659691411e+01 2.521667290024580765e+01 2.416873936405047374e+01 2.314218834652762524e+01 2.213788116713922705e+01 2.115600409269150362e+01 2.019678314929809204e+01 1.926049899012051014e+01 1.834764600005812696e+01 1.745887581580795000e+01 1.659389795263791356e+01 1.575304203846743434e+01 1.493680984221532526e+01 1.414494867601693251e+01 1.337806071110652084e+01 1.263609797163548443e+01
2.422388761564209236e+00 2.968430558866186342e+00 3.546837177269057673e+00 4.324886024544172258e+00 5.192692229151174566e+00 6.109386886239032144e+00 7.073206733000702684e+00 8.080025527072198344e+00 9.128255809942720234e+00 1.021624070000211049e+01 1.134086647596671504e+01 1.250079881507994983e+01 1.369476231598842908e+01 1.492079702254481788e+01 1.617783504448958709e+01 1.746381765797896435e+01 1.877779739351417376e+01 2.011908350769439124e+01 2.148629612222266871e+01 2.287735245508841686e+01 2.429225099706763302e+01 2.573002576956799814e+01 2.718815308252219154e+01 2.866839330113412032e+01 3.016759565132418430e+01 3.168511965754975535e+01 3.322094314909331558e+01 3.477376384732665571e+01 3.634200573592183048e+01 3.792567836158824690e+01 3.952379485472392417e+01 4.113550752498726126e+01 4.275972163779185564e+01 4.439563497643786150e+01 4.604370537486698112e+01 4.770180852026420126e+01 4.937022626829983096e+01 5.104652393452957426e+01 5.273150641582309106e+01 5.442402370814492230e+01 5.612267309016716155e+01 5.782754866461847598e+01 5.953723581587991021e+01 6.125132917964543822e+01 6.296857895651362469e+01 6.468870015078972813e+01 6.641111550775985961e+01 6.813307047860168097e+01 6.985494038209539269e+01 7.157392412988718888e+01 7.329131453570948906e+01 7.500323392554342661e+01 7.670688869777148966e+01 7.839975528300728058e+01 8.007726406445827649e+01 8.173124508848191283e+01 8.335150350663741392e+01 8.491190748598113203e+01 8.636239459591679690e+01 8.754026712861274007e+01 1.000000000000000000e+02 1.000000000000000000e+02 1.000000000000000000e+02 1.000000000000000000e+02 8.775555974449579821e+01 8.677989798370990115e+01 8.542546989575188832e+01 8.394498260996074634e+01 8.240749940364429449e+01 8.084036162239853240e+01 7.925847099360805714e+01 7.767094935929891619e+01 7.608161740977658383e+01 7.449522592928965992e+01 7.291303011242889909e+01 7.133759018678587438e+01 6.976957979740903681e+01 6.821034905501475976e+01 6.666255530468824020e+01 6.512476881410083251e+01 6.359904352070967803e+01 6.208438930196518157e+01 6.058359978217762176e+01 5.909555426807890655e+01 5.762019475663851154e+01 5.615145896464248665e+01 5.468693181974193607e+01 5.322442287663913163e+01 5.176883519031583347e+01 5.031699588502272036e+01 4.887276166957719425e+01 4.743484986067396392e+01 4.600599412255778020e+01 4.458807340827372201e+01 4.317811158266429317e+01 4.183812915767277474e+01 4.051921942354695716e+01 3.921791938752618734e+01 3.793357004071591376e+01 3.666750953593861340e+01 3.541951998285771452e+01 3.418959847761150428e+01 3.297912078437384764e+01 3.178756028155052960e+01 3.061605829094361653e+01 2.946398056957061229e+01 2.833225386239998045e+01 2.722090518873406850e+01 2.613125004468949086e+01 2.506243203269710307e+01 2.401535328827705129e+01 2.299060673797218612e+01 2.198827266500251909e+01 2.100898323373935384e+01 2.005228095542611655e+01 1.911921022657080371e+01 1.821032874770338594e+01 1.732462625319185534e+01 1.646413458051151224e+01 1.562806702576768814e+01 1.481684736568082883e+01 1.403004316071918467e+01 1.326873847155999364e+01 1.253288559778238387e+01
2.607581598206731854e+00 3.181369422124546986e+00 3.788906902893007800e+00 4.427307096167199418e+00 5.251567957147473820e+00 6.171699870635105611e+00 7.137693958101620773e+00 8.147286995051160829e+00 9.197526109549226447e+00 1.028750946376547581e+01 1.141435311116155660e+01 1.257598871088283587e+01 1.377144842768762700e+01 1.499916291409700797e+01 1.625770808745977547e+01 1.754519338308042720e+01 1.886084710802059661e+01 2.020294621924155720e+01 2.157165105332773436e+01 2.296416382266500733e+01 2.438057342663683258e+01 2.581896735871417192e+01 2.727924093638982583e+01 2.875965564288984666e+01 3.025989000109937521e+01 3.177856366838486224e+01 3.331549235338682280e+01 3.486863787734370135e+01 3.643728002054651682e+01 3.802271145572392186e+01 3.962073413912013109e+01 4.123396246731181236e+01 4.285909336080858623e+01 4.449624496108776839e+01 4.614438693654774681e+01 4.780369738812322566e+01 4.947191746939893875e+01 5.114920224174434793e+01 5.283421160443984377e+01 5.452748290909287476e+01 5.622697156828919418e+01 5.793205390220237661e+01 5.964232882787700873e+01 6.135706523808117652e+01 6.307489507864010392e+01 6.479577459567175879e+01 6.651718217441673175e+01 6.823959163766305380e+01 6.996178705244315665e+01 7.168192222336163866e+01 7.339861607811846511e+01 7.511023207380748090e+01 7.681355909308501850e+01 7.850660869124961039e+01 8.018312519348312151e+01 8.183677238066890425e+01 8.345369002286831517e+01 8.501160058794565089e+01 8.645283835069528777e+01 8.760365033990559880e+01 1.000000000000000000e+02 1.000000000000000000e+02 1.000000000000000000e+02 1.000000000000000000e+02 8.773632210872443693e+01 8.671452431786030957e+01 8.534791576937712421e+01 8.386207138181107723e+01 8.232033591527616068e+01 8.075160296870892296e+01 7.916911958114218351e+01 7.758063865693637240e+01 7.599079489275230515e+01 7.440419512030854321e+01 7.282183442512418026e+01 7.124646672302863237e+01 6.967859388534465381e+01 6.812057987383923319e+01 6.657216157795447486e+01 6.503216880028253399e+01 6.349281875237721096e+01 6.195400226237926944e+01 6.041757450289506437e+01 5.888557061231372813e+01 5.735521378100371237e+01 5.583353558378223624e+01 5.431636994319809730e+01 5.282492200839781304e+01 5.137865465354023797e+01 4.994794629137497566e+01 4.853087054517764898e+01 4.712982811116249593e+01 4.574365807880003132e+01 4.437367161430617557e+01 4.301948273760868346e+01 4.168208197409967397e+01 4.036113003441437286e+01 3.905780943047012244e+01 3.777230778278226353e+01 3.650433325716044664e+01 3.525446962026320818e+01 3.402424824501234468e+01 3.281270156575719454e+01 3.162033053214837608e+01 3.044730909918406070e+01 2.929561804078905141e+01 2.816447074355881242e+01 2.705392822061271119e+01 2.596441205196667923e+01 2.489708529211941368e+01 2.385174891742355285e+01 2.282903818715930200e+01 2.182892490912401584e+01 2.085199900203254941e+01 1.989888979380779332e+01 1.896946075351468863e+01 1.806411212200671557e+01 1.718347647657799726e+01 1.632741054717832441e+01 1.549599604205463876e+01 1.469021359447643071e+01 1.390954339687513475e+01 1.315429870018374103e+01 1.242484858272181469e+01
2.774083257398152202e+00 3.373818566223374393e+00 4.008857026082557340e+00 4.676056530915950304e+00 5.372359593914522335e+00 6.215165040377534922e+00 7.191911888779555895e+00 8.209596877911383928e+00 9.267513607573540924e+00 1.036156417380496109e+01 1.149149048432780518e+01 1.265561324937890575e+01 1.385284144731584455e+01 1.508218048837928293e+01 1.634204460398235170e+01 1.763164287036617139e+01 1.894868439870285215e+01 2.029224779534215628e+01 2.166202852017057268e+01 2.305635187040547862e+01 2.447394075886793985e+01 2.591317281467102518e+01 2.737482715835357538e+01 2.885656487261213243e+01 3.035729028301055266e+01 3.187764533066660277e+01 3.341466482755676992e+01 3.496883350725597950e+01 3.653848374715065006e+01 3.812465335980624559e+01 3.972432729536845386e+01 4.133777928080465358e+01 4.296360411135391644e+01 4.460103872004792436e+01 4.625031128988786833e+01 4.790991127821890672e+01 4.957919511046557659e+01 5.125732869933759872e+01 5.294308802901559829e+01 5.463618619566901202e+01 5.633666585193615362e+01 5.804232189787268226e+01 5.975319765943554273e+01 6.146777530288724734e+01 6.318579391362460740e+01 6.490692005947660448e+01 6.662887570012000538e+01 6.835124492371546978e+01 7.007402782545632647e+01 7.179476510289694602e+01 7.351165506180061016e+01 7.522243206994829734e+01 7.692613773367331476e+01 7.861814549784863004e+01 8.029417422479849620e+01 8.194645587754961014e+01 8.356136993619294628e+01 8.511460927299694390e+01 8.654635757463758239e+01 8.766550796333081053e+01 1.000000000000000000e+02 1.000000000000000000e+02 1.000000000000000000e+02 1.000000000000000000e+02 8.770889862735930365e+01 8.664437081912694794e+01 8.526537172838980894e+01 8.377414735374453869e+01 8.222963920405609883e+01 8.065931425144231071e+01 7.907490899082793590e+01 7.748555501544993263e+01 7.589524276574414330e+01 7.430323601263702926e+01 7.270295168887305692e+01 7.109921620922132490e+01 6.949304855502469991e+01 6.788628021396033319e+01 6.629130826013118849e+01 6.473227636763787984e+01 6.318445986313913920e+01 6.164700637724023125e+01 6.011991378158057131e+01 5.860646092150294351e+01 5.710442886914868410e+01 5.561507244935170036e+01 5.413875204328407875e+01 5.267640122012770831e+01 5.122826229171606371e+01 4.979395007488580660e+01 4.837446666809869100e+01 4.697038455687517455e+01 4.558143995696086392e+01 4.420897848777470784e+01 4.285216015511874588e+01 4.151232139774685237e+01 4.018951555248862917e+01 3.888410127264197769e+01 3.759646218114709626e+01 3.632681528464443232e+01 3.507630804339366648e+01 3.384418550899427203e+01 3.263209240890463292e+01 3.143903440518534964e+01 3.026670894596533756e+01 2.911474352393230802e+01 2.798343235900212633e+01 2.687394305818661167e+01 2.578580966780323891e+01 2.471966261298562628e+01 2.367633602944449933e+01 2.265570039785746914e+01 2.165870079179859076e+01 2.068498535021897666e+01 1.973523395241618772e+01 1.880998480069301237e+01 1.790932010329695601e+01 1.703327694157679062e+01 1.618255076307642071e+01 1.535715673005605453e+01 1.455733939753793749e+01 1.378292504083636949e+01 1.303446959417852113e+01 1.231161797296885752e+01
2.920093304694337810e+00 3.544573713102339152e+00 4.205204147067020948e+00 4.899658873758660604e+00 5.625034283994856388e+00 6.378470423410531609e+00 7.239092893166865217e+00 8.259577128931027801e+00 9.319988730553463441e+00 1.041862968614006846e+01 1.155387906711826673e+01 1.272350622603928372e+01 1.392591399665911212e+01 1.516031078641115748e+01 1.642447568866172247e+01 1.771717065160859406e+01 1.903905208192552223e+01 2.038566813808627742e+01 2.175768030236899619e+01 2.315313072483611379e+01 2.457194847399361137e+01 2.601282659098397332e+01 2.747514239597211727e+01 2.895796967826145263e+01 3.046025567044475935e+01 3.198094828746658180e+01 3.351945268749406637e+01 3.507473844162299770e+01 3.664590973388644812e+01 3.823232786462246224e+01 3.983277414051733700e+01 4.144665470003238283e+01 4.307386114128131283e+01 4.471193071131735053e+01 4.636208179297609888e+01 4.802216264359719133e+01 4.969184190619822061e+01 5.137045040552150965e+01 5.305677682641785253e+01 5.475071669315713052e+01 5.645119506175624480e+01 5.815768897298012519e+01 5.986896057169195728e+01 6.158449895275648345e+01 6.330308373371378394e+01 6.502398794315513442e+01 6.674661817459622171e+01 6.846944969254022340e+01 7.019184523069617399e+01 7.191245833667116472e+01 7.362927943342481285e+01 7.533971165374076406e+01 7.704288635313771749e+01 7.873515743498980157e+01 8.040975494512846922e+01 8.206062981336805251e+01 8.367328255656344993e+01 8.522161617329923899e+01 8.664210958315126732e+01 8.772579956501520826e+01 1.000000000000000000e+02 1.000000000000000000e+02 1.000000000000000000e+02 1.000000000000000000e+02 8.767276052640697515e+01 8.656493784429137861e+01 8.515323113455359305e+01 8.364314554214649888e+01 8.208565867948978223e+01 8.050139997636385658e+01 7.890300857139045831e+01 7.729988102514901982e+01 7.569410880851961565e+01 7.408997298245121499e+01 7.249027388459849419e+01 7.089627038153507499e+01 6.930810462224650337e+01 6.772848327067917751e+01 6.615769569823561369e+01 6.459643943065825056e+01 6.304488000320469610e+01 6.150442605137214258e+01 5.997502755257162477e+01 5.845765240414755226e+01 5.695236569954226979e+01 5.545990794147489567e+01 5.398074603944485261e+01 5.251474694016553713e+01 5.106274765411347261e+01 4.962561554634741157e+01 4.820300373578999853e+01 4.679603232198674334e+01 4.540478647233323528e+01 4.402906524175903513e+01 4.266949786664563504e+01 4.132750912031373502e+01 4.000239132146726462e+01 3.869500367034536481e+01 3.740551997013743346e+01 3.613448202433069412e+01 3.488258605576067595e+01 3.364935589757626389e+01 3.243611749599454441e+01 3.124302211777056826e+01 3.007047807042055965e+01 2.891875714481163584e+01 2.778839457133329560e+01 2.667987892169657727e+01 2.559376324560428273e+01 2.452938098617184437e+01 2.348842683322703806e+01 2.247075671194907898e+01 2.147696623678274719e+01 2.050686595031220349e+01 1.956148597948003243e+01 1.864068904085296552e+01 1.774512615557478767e+01 1.687439660424594479e+01 1.602947505779474113e+01 1.521041624917552859e+01 1.441738244230451649e+01 1.365005059990370739e+01 1.290883835816606329e+01 1.219361994730310172e+01
3.045086785486494918e+00 3.691978759548275590e+00 4.377212572770883270e+00 5.097102313607160262e+00 5.849701814670583033e+00 6.631183050128475642e+00 7.441881190604782148e+00 8.324273133091409704e+00 9.389306357968917993e+00 1.049246300022105238e+01 1.163120066772237493e+01 1.280439809757402081e+01 1.401001064403400953e+01 1.524743945757833785e+01 1.651399153001164066e+01 1.780948026008163509e+01 1.913219886810777481e+01 2.048135818170143807e+01 2.185523876027473023e+01 2.325295712341023346e+01 2.467373342813327142e+01 2.611643966720404819e+01 2.758008767779207560e+01 2.906368608891630601e+01 3.056657057631423413e+01 3.208801617329055489e+01 3.362678254854092330e+01 3.518158836661842059e+01 3.675497728848140611e+01 3.834405193632901643e+01 3.994667683101583577e+01 4.156154102558390662e+01 4.318894896861969812e+01 4.482855683143628056e+01 4.647887336375129053e+01 4.813975014971357780e+01 4.981034917677993690e+01 5.148947564114634190e+01 5.317651527501838871e+01 5.487006121321871177e+01 5.657203584209122482e+01 5.827828721936319312e+01 5.998992939698882765e+01 6.170559437153325888e+01 6.342515433497170818e+01 6.514666705355929821e+01 6.686859596804130490e+01 6.859223285340510756e+01 7.031443825398831393e+01 7.203503383765804813e+01 7.375199337390010612e+01 7.546257064252381497e+01 7.716434782315813834e+01 7.885043547081394877e+01 8.051630136354152967e+01 8.215472873217697725e+01 8.376747449918143218e+01 8.531473446873411604e+01 8.672875023352899859e+01 8.777736577160536058e+01 1.000000000000000000e+02 1.000000000000000000e+02 1.000000000000000000e+02 1.000000000000000000e+02 8.761850379201023031e+01 8.646687132236830564e+01 8.505308539668949663e+01 8.353635395736039015e+01 8.197375834869551170e+01 8.038613787863613425e+01 7.878452332939541236e+01 7.717743252716586255e+01 7.556865546011377432e+01 7.396177539400923706e+01 7.235837377485387378e+01 7.076075401263440767e+01 6.917052797836666400e+01 6.758689285209229070e+01 6.601247660703141662e+01 6.444723745573212170e+01 6.289324928101572709e+01 6.134904864655854340e+01 5.981581283828663942e+01 5.829475452308826533e+01 5.678548367440117062e+01 5.529003113546269077e+01 5.380687604130501001e+01 5.233746406777276405e+01 5.088253787693736996e+01 4.944182168366403118e+01 4.801570648023813703e+01 4.660560732712599474e+01 4.521109300349185389e+01 4.383185122437654968e+01 4.247070965966292277e+01 4.112551038010349203e+01 3.979814416780823905e+01 3.848852524746673964e+01 3.719751173607892270e+01 3.592514055717673926e+01 3.467172338978578949e+01 3.343806318404705991e+01 3.222439559191707303e+01 3.103119008530183009e+01 2.985891899659955939e+01 2.870770857658748554e+01 2.757838407870645270e+01 2.647131380473200934e+01 2.538690322994011694e+01 2.432501454435276145e+01 2.328735155119480282e+01 2.227273867973726951e+01 2.128302422230028412e+01 2.031709569500752366e+01 1.937651470505582552e+01 1.846096558767206375e+01 1.757091981193694608e+01 1.670633543525896769e+01 1.586833358226246204e+01 1.505618193893776180e+01 1.426975073668103100e+01 1.351006492045673291e+01 1.277708247807521857e+01 1.207013540281105435e+01
3.148475307157549974e+00 3.816691803171423647e+00 4.524049089718218397e+00 5.267566988274596795e+00 6.045304331734302039e+00 6.853990403429921940e+00 7.692423114869217926e+00 8.558883591476728725e+00 9.458647901525839785e+00 1.056611635739752586e+01 1.170943697621863500e+01 1.288664736474405359e+01 1.409668963590198132e+01 1.533692714488806885e+01 1.660723348185146975e+01 1.790505265228922127e+01 1.923040273899832187e+01 2.058198323629646254e+01 2.195783952065609768e+01 2.335741422254979938e+01 2.477982350121210686e+01 2.622332011885731973e+01 2.768920728928015862e+01 2.917432337938857856e+01 3.067773480321572777e+01 3.219988412576796577e+01 3.373914361644844462e+01 3.529536478879810346e+01 3.686658745443802587e+01 3.845344962864524518e+01 4.005388297323661106e+01 4.166732675257402718e+01 4.329398143821080680e+01 4.493171154195846384e+01 4.658109440625744924e+01 4.824035907253214361e+01 4.990898074217512459e+01 5.158689862264967019e+01 5.327237481463629365e+01 5.496542919764281976e+01 5.666482204339860118e+01 5.837008581096374371e+01 6.008005744060893960e+01 6.179501826619416960e+01 6.351282435754682609e+01 6.523359238521568670e+01 6.695524489482129127e+01 6.867873080195204238e+01 7.040076181987519988e+01 7.212064343339241645e+01 7.383752084892589096e+01 7.554937366290641876e+01 7.725342515130469678e+01 7.894545867089129842e+01 8.062137742346715186e+01 8.227204722255176250e+01 8.388270000179312547e+01 8.542454505305722989e+01 8.682775603518155094e+01 8.782652171946224939e+01 1.000000000000000000e+02 1.000000000000000000e+02 1.000000000000000000e+02 1.000000000000000000e+02 8.756381823344455029e+01 8.637620946798783450e+01 8.494808151265574736e+01 8.342454496917039819e+01 8.185606622418811185e+01 8.026282499058368103e+01 7.865725201941152989e+01 7.704571572886615627e+01 7.543332712894410008e+01 7.382256459176123542e+01 7.221568459092044634e+01 7.061485744859712099e+01 6.901988224075665812e+01 6.743271740180335883e+01 6.585460270181438602e+01 6.428549782076902375e+01 6.272688069225933560e+01 6.117878087452371005e+01 5.964132806583969426e+01 5.811632663334572868e+01 5.660382621433034700e+01 5.510301003163405653e+01 5.361607229288340903e+01 5.214359536499338788e+01 5.068445706855833066e+01 4.923985186067797315e+01 4.781026501250660488e+01 4.639672101806182525e+01 4.499883757482814417e+01 4.361712335635318283e+01 4.225255064898143331e+01 4.090528015823910835e+01 3.957541640789534654e+01 3.826410441851847111e+01 3.697084985427569137e+01 3.569720411997578680e+01 3.444297898466077612e+01 3.320853282145009899e+01 3.199417726995936562e+01 3.080174207622958704e+01 2.962966869368820610e+01 2.847960696881800402e+01 2.735182448650219555e+01 2.624667737537721379e+01 2.516469390204377632e+01 2.410648760291947923e+01 2.307173304496530264e+01 2.206077824228999162e+01 2.107551480327741800e+01 2.011466471648274279e+01 1.917961776666388118e+01 1.827009375400319158e+01 1.738603852084560231e+01 1.652854191053930677e+01 1.569752304666899256e+01 1.489298655286470563e+01 1.411499280680619250e+01 1.336336404639455466e+01 1.263880930472041086e+01 1.194059696766194278e+01
3.230771046717317851e+00 3.917869869838541685e+00 4.645821684203399471e+00 5.411254047407821233e+00 6.211945658178608554e+00 7.045233547114138517e+00 7.910105448397031225e+00 8.804096199279065615e+00 9.726174526377317164e+00 1.067450929928891412e+01 1.178764340817613032e+01 1.296959063979263860e+01 1.418414777344503364e+01 1.542846990625766956e+01 1.670268796824026936e+01 1.800385625996916517e+01 1.933245750325909285e+01 2.068654918852261915e+01 2.206498959845153252e+01 2.346686431253994698e+01 2.489043778800246187e+01 2.633650539846679095e+01 2.780328773488218630e+01 2.928885369397897875e+01 3.079414279751737737e+01 3.231725708711079648e+01 3.385771189845656437e+01 3.541354736787523905e+01 3.698558140505221559e+01 3.857249344053018802e+01 4.017340898611819711e+01 4.178763112525225409e+01 4.341407342068034581e+01 4.505193676894509025e+01 4.670143520657754266e+01 4.836100854593385634e+01 5.002921252258356333e+01 5.170707393305683297e+01 5.339274819198440980e+01 5.508531600346768897e+01 5.678546802873684385e+01 5.849049173772458232e+01 6.020134728229413668e+01 6.191591216622553873e+01 6.363388343575962125e+01 6.535397661733809116e+01 6.707655931285808038e+01 6.879948929986558426e+01 7.052153451119356475e+01 7.224158829062143639e+01 7.395895892186086940e+01 7.567087270733476601e+01 7.737501051429237009e+01 7.906689564119291447e+01 8.074226517666915015e+01 8.239186423086032107e+01 8.400062370249929700e+01 8.553792725899856464e+01 8.692771562420224996e+01 8.786317820844486448e+01 1.000000000000000000e+02 1.000000000000000000e+02 1.000000000000000000e+02 1.000000000000000000e+02 8.749989198439610050e+01 8.627847800532738631e+01 8.483601420760800238e+01 8.330450976907364691e+01 8.172884835564914852e+01 8.013054164562613835e+01 7.851999237752454519e+01 7.690414197146775166e+01 7.528745226474245555e+01 7.367233774583220907e+01 7.206023096925039795e+01 7.045482313378929007e+01 6.885590988935767598e+01 6.726429755688457135e+01 6.568137825724973311e+01 6.410758119699464430e+01 6.254434562082084881e+01 6.099162154541137681e+01 5.944987331901250371e+01 5.792003892917594499e+01 5.640262245427529564e+01 5.489791421483716505e+01 5.340657892718810018e+01 5.192945195407294534e+01 5.046562960483959870e+01 4.901742645144659605e+01 4.758443775739353043e+01 4.616706936239405223e+01 4.476548740846432395e+01 4.338118766990260866e+01 4.201362431726557389e+01 4.066357650417098313e+01 3.933155747561126958e+01 3.801836621399971250e+01 3.672370463151256814e+01 3.544910074261815680e+01 3.419361067419882971e+01 3.295907645816645726e+01 3.174517111539248049e+01 3.055282586045012749e+01 2.938174496866381347e+01 2.823275280774323193e+01 2.710807197799164214e+01 2.600539329758072427e+01 2.492626309321747158e+01 2.387148915890972134e+01 2.284068762359948579e+01 2.183481499060289011e+01 2.085419273613208091e+01 1.989906284281589421e+01 1.896990236181592593e+01 1.806706833424633984e+01 1.719028080791954594e+01 1.634012767563990565e+01 1.551717050521194174e+01 1.472080273606191092e+01 1.395171045565294321e+01 1.320929481264283467e+01 1.249381512505991410e+01 1.180508681938619020e+01
3.293998537513931346e+00 3.997793482279232702e+00 4.743607799813231551e+00 5.528498914122604191e+00 6.350294018034108312e+00 7.206252376661170800e+00 8.095320885624646579e+00 9.014704503634273891e+00 9.963085750064148982e+00 1.093960342054780455e+01 1.194293750328170312e+01 1.305166433082927213e+01 1.427164202819278849e+01 1.552111901206029110e+01 1.679936600676430558e+01 1.810535701947909715e+01 1.943720406958810898e+01 2.079437472957256361e+01 2.217586103680466891e+01 2.357960562936523985e+01 2.500653911425009213e+01 2.645378084154658183e+01 2.792133867230845823e+01 2.940835415682790810e+01 3.091451541578306106e+01 3.243887627912896932e+01 3.397969155696141996e+01 3.553639077277510694e+01 3.710857496201590777e+01 3.869620453538916394e+01 4.029671105790888674e+01 4.191100244560495014e+01 4.353748511020098988e+01 4.517552157613603470e+01 4.682468344663468685e+01 4.848346484285323044e+01 5.015178315555005639e+01 5.182977574608482740e+01 5.351520681015102809e+01 5.520713696118060199e+01 5.690726007111766904e+01 5.861263265209638718e+01 6.032311860617104315e+01 6.203695724459454652e+01 6.375575991238524409e+01 6.547538430627044193e+01 6.719835260778566521e+01 6.892153674549972209e+01 7.064368134935827470e+01 7.236350372949129905e+01 7.408176645082539835e+01 7.579359697516427730e+01 7.749794994027396910e+01 7.919025771438823824e+01 8.086501146143885421e+01 8.251368958100579221e+01 8.412037513566168911e+01 8.565299286394044032e+01 8.702948439818145232e+01 1.000000000000000000e+02 1.000000000000000000e+02 1.000000000000000000e+02 1.000000000000000000e+02 1.000000000000000000e+02 8.742781714931300030e+01 8.617243076388022871e+01 8.471589911996845501e+01 8.317457639970146488e+01 8.159209138188015231e+01 7.998718430179373229e+01 7.837116179737616051e+01 7.675061751920976860e+01 7.512871848696590860e+01 7.350771568073747630e+01 7.189082499743150834e+01 7.027986040103091625e+01 6.867553996871801303e+01 6.707887489569145600e+01 6.549025527808342417e+01 6.391055737647342028e+01 6.234042990354760150e+01 6.078134212192105679e+01 5.923422164834892811e+01 5.769917134250081858e+01 5.617700224174352286e+01 5.466694256020121401e+01 5.317212164803877528e+01 5.169024452675387948e+01 5.022188296628007720e+01 4.876934124047745911e+01 4.733217256433415088e+01 4.591113903071594393e+01 4.450504322514519373e+01 4.311718008234326760e+01 4.174687215884210900e+01 4.039437099696030486e+01 3.906016554640820715e+01 3.774534792241011161e+01 3.644970433162468026e+01 3.517339828260412560e+01 3.391815746102660967e+01 3.268312660274901305e+01 3.147041063026522068e+01 3.027893814863781330e+01 2.910958685785660549e+01 2.796367746164328949e+01 2.684028279471692002e+01 2.574111992113995484e+01 2.466589850161137321e+01 2.361469045507084275e+01 2.258925766839027105e+01 2.158907515839256774e+01 2.061493481500479419e+01 1.966861485327724424e+01 1.874698794360456588e+01 1.785131445762636559e+01 1.698242493883648052e+01 1.614095760324790874e+01 1.532661532268010340e+01 1.453938410581294605e+01 1.377944339100597482e+01 1.304751709579290520e+01 1.234237049129862740e+01 1.166390537184641651e+01
3.340066862955437532e+00 4.058726346455598488e+00 4.820063014981057492e+00 5.621914132762118044e+00 6.462405259741343500e+00 7.337997711180809901e+00 8.248466226998917961e+00 9.190414574051164465e+00 1.016375611759116104e+01 1.116559266432595265e+01 1.219594847988367903e+01 1.325284483731305940e+01 1.435750814363355765e+01 1.561251273489744307e+01 1.689668919981115636e+01 1.820727251939974067e+01 1.954387810790293400e+01 2.090458146320382937e+01 2.228948399683161696e+01 2.369631245257590635e+01 2.512553419521833575e+01 2.657545995156574037e+01 2.804464896860987722e+01 2.953371397472295357e+01 3.104029624707787960e+01 3.256475798457631043e+01 3.410591029386341688e+01 3.566302094711318915e+01 3.723556455013628153e+01 3.882255007207145070e+01 4.042269577346006315e+01 4.203641879200148423e+01 4.366269457766078688e+01 4.530053888875674772e+01 4.694846566781889408e+01 4.860751001915011216e+01 5.027551335395192922e+01 5.195249612174887233e+01 5.363753219101612046e+01 5.533017403858379168e+01 5.702904169790819822e+01 5.873388665244526408e+01 6.044392844617378557e+01 6.215780736371059589e+01 6.387552508988526512e+01 6.559594079813354028e+01 6.731881938490172956e+01 6.904124305065735712e+01 7.076481356486476670e+01 7.248543370948769393e+01 7.420387482073681440e+01 7.591612299351113791e+01 7.762088990313759496e+01 7.931362746311788214e+01 8.098876659737099715e+01 8.263727729682499046e+01 8.424188283068775718e+01 8.576968703610771172e+01 8.713057835536874052e+01 1.000000000000000000e+02 1.000000000000000000e+02 1.000000000000000000e+02 1.000000000000000000e+02 1.000000000000000000e+02 8.734529397448042687e+01 8.605831654536376618e+01 8.458539964293547087e+01 8.303437517544736579e+01 8.144367562270230110e+01 7.983179044568420579e+01 7.820882121799300535e+01 7.658134099836205166e+01 7.495269724832797920e+01 7.332604445046287367e+01 7.170324353086556357e+01 7.008594787807275850e+01 6.847558021089599833e+01 6.687209660752209572e+01 6.527794926524322250e+01 6.369302292476773175e+01 6.211807924770332789e+01 6.055396585543979882e+01 5.900065371415781357e+01 5.746026776206667819e+01 5.593198680250281996e+01 5.441737878167786846e+01 5.291592777538897252e+01 5.142884994864090942e+01 4.995659464743344103e+01 4.849942511717195970e+01 4.705841894225589783e+01 4.563329039936390075e+01 4.422455883688780887e+01 4.283384408679078348e+01 4.146105389415060927e+01 4.010638621281061944e+01 3.877020079683170906e+01 3.745411088600339156e+01 3.623262518007434352e+01 3.497919169745017598e+01 3.368623020782850119e+01 3.239086423182414620e+01 3.117943239598469773e+01 2.998898225904713755e+01 2.882200566652356599e+01 2.767864275379265848e+01 2.655836033991474210e+01 2.546086317232424534e+01 2.438854691690523069e+01 2.334308961941157179e+01 2.232294562977111951e+01 2.132889064176317717e+01 2.036089972687535976e+01 1.941953784680513451e+01 1.850553446067646490e+01 1.761821034418622389e+01 1.675867196838478534e+01 1.592673712987128276e+01 1.512539233070720002e+01 1.434809868220626683e+01 1.359888951881829122e+01 1.287736469320596200e+01 1.218288056474802161e+01 1.151577667031228280e+01
3.371338680392566012e+00 4.102468520046209655e+00 4.878424848207929543e+00 5.695821431235503773e+00 6.551690894315942870e+00 7.444707248382565368e+00 8.373113023175015712e+00 9.335369194511510926e+00 1.032958053247229380e+01 1.135430373142838434e+01 1.240858078555590005e+01 1.349103644702693927e+01 1.460141958853897748e+01 1.573755182380365270e+01 1.699195468751142357e+01 1.830838627570479105e+01 1.965040435782437100e+01 2.101653734716871824e+01 2.240499962187946181e+01 2.381627794435637924e+01 2.524797861431969892e+01 2.669962008929197594e+01 2.817123245631002604e+01 2.966155139282513531e+01 3.116927388265324694e+01 3.269420399275512068e+01 3.423520907446270201e+01 3.579166764086443209e+01 3.736372128997028597e+01 3.894978170603057066e+01 4.054962331749567284e+01 4.216157906177846826e+01 4.378733142887122654e+01 4.542350746268090234e+01 4.707121913941739422e+01 4.872852415677056825e+01 5.039584618123083004e+01 5.207131684755839274e+01 5.375601025465906702e+01 5.544730237443788923e+01 5.714573153648565551e+01 5.884972161922630107e+01 6.055929607680690197e+01 6.227256047065129252e+01 6.399082152949533508e+01 6.571183100957644285e+01 6.743392909623690912e+01 6.915758144052163914e+01 7.088113375679274952e+01 7.260241797380419371e+01 7.432106086410665569e+01 7.603500296053802288e+01 7.774047706349956854e+01 7.943473079049914531e+01 8.111132968029315293e+01 8.275950862953513365e+01 8.436374498173771030e+01 8.588670367352862911e+01 8.723234875861098203e+01 1.000000000000000000e+02 1.000000000000000000e+02 1.000000000000000000e+02 1.000000000000000000e+02 1.000000000000000000e+02 8.725318664215922126e+01 8.593421639101364917e+01 8.444517683846233069e+01 8.288175218520501630e+01 8.128186371429966073e+01 7.966113786999554236e+01 7.803018026885550285e+01 7.639470695645216836e+01 7.475874832459750507e+01 7.312458372301273357e+01 7.149446471148770854e+01 6.986998208594536663e+01 6.825209087515659689e+01 6.664213239483672169e+01 6.504063107692412871e+01 6.344919833761173322e+01 6.186739916808965489e+01 6.029681379033385014e+01 5.873770971627867254e+01 5.719090687439494047e+01 5.565703100327463915e+01 5.413614714329541755e+01 5.262926992090240219e+01 5.113703522679877977e+01 4.966008817093165106e+01 4.819851437587088583e+01 4.680275933030731039e+01 4.573017561098519934e+01 4.464528670917946584e+01 4.354410964246877569e+01 4.242533658182989598e+01 4.128729456068679582e+01 4.012728600807749046e+01 3.894194750256468751e+01 3.772761394340299290e+01 3.647919175197971953e+01 3.519587301614390640e+01 3.386993827946186286e+01 3.249523975647473861e+01 3.106529212162401166e+01 2.957270309899159244e+01 2.800948288367881389e+01 2.636695013484476746e+01 2.516123316928039344e+01 2.409522488647109029e+01 2.305526635348954656e+01 2.204137024455722482e+01 2.105423292149665215e+01 2.009258057753229210e+01 1.915740706550854711e+01 1.825143503800727984e+01 1.737420968203083760e+01 1.652416639658192921e+01 1.570203887278728239e+01 1.490861587191650806e+01 1.414277497984189935e+01 1.340642095891685415e+01 1.269845641678066883e+01 1.201633915933678587e+01 1.136108694055836210e+01
3.393206395257586383e+00 4.135432068510002779e+00 4.923028515601735045e+00 5.752425333384037387e+00 6.622359229334106701e+00 7.530884175062246833e+00 8.475328404731886422e+00 9.453536138474827766e+00 1.046574674327636068e+01 1.150904178884752938e+01 1.258431631852593391e+01 1.368848409790208720e+01 1.482125730817942610e+01 1.598294186561104446e+01 1.717130172957460488e+01 1.840580619586260624e+01 1.975477470575201977e+01 2.112624445508838278e+01 2.252062839663046034e+01 2.393589622571534647e+01 2.537166135968756819e+01 2.682607579776549045e+01 2.829999461442908171e+01 2.979024313511909838e+01 3.129930617115254066e+01 3.282395905081580167e+01 3.436426175215689938e+01 3.591980831453444978e+01 3.749015051567459977e+01 3.907422241119752471e+01 4.067170518138526347e+01 4.228220762337490157e+01 4.390455657891565266e+01 4.553916315933568626e+01 4.718463749857124867e+01 4.883939223350793668e+01 5.050480747492047584e+01 5.217928369746971384e+01 5.386113990072261970e+01 5.555190132306702111e+01 5.724877870916558464e+01 5.895245084973836924e+01 6.066132639103878432e+01 6.237472000647636605e+01 6.409199030456824175e+01 6.581146638199358279e+01 6.753611873535687948e+01 6.926132336730138661e+01 7.098575065842744891e+01 7.270896605477032892e+01 7.442943088857376210e+01 7.614541397763680664e+01 7.785299756449744280e+01 7.954946229121998158e+01 8.122807030578036347e+01 8.287876740841927869e+01 8.448343761210071534e+01 8.600257708052507155e+01 8.733161583695327579e+01 1.000000000000000000e+02 1.000000000000000000e+02 1.000000000000000000e+02 1.000000000000000000e+02 1.000000000000000000e+02 8.714847044269015441e+01 8.579708271992564050e+01 8.429003424810134959e+01 8.271335224168421973e+01 8.110157448858463169e+01 7.947148580056826006e+01 7.783125122601771295e+01 7.618673483097707333e+01 7.454225076596756594e+01 7.289960177182668133e+01 7.126079399307185724e+01 6.962743550709136287e+01 6.800171605052538837e+01 6.638404844480064071e+01 6.477476996134964793e+01 6.317459722071272665e+01 6.158627919113342131e+01 6.000875548835542617e+01 5.844314744977855725e+01 5.688986492466998612e+01 5.534974389514718496e+01 5.382295887356105624e+01 5.246763885217203693e+01 5.141258983077847944e+01 5.035039407856989158e+01 4.928136029350363145e+01 4.820475124849659920e+01 4.712099312944314278e+01 4.602639141448808857e+01 4.491875697677188128e+01 4.379728754838829730e+01 4.265967090332909351e+01 4.150356844647372867e+01 4.032558758156356760e+01 3.912198205400313356e+01 3.788797743637333326e+01 3.661766429530650413e+01 3.530532048179344429e+01 3.394897649943868601e+01 3.253888584064643652e+01 3.106740105476506386e+01 2.952577068646363756e+01 2.790484161987709655e+01 2.619440656570377612e+01 2.438405085688025764e+01 2.274390341309214847e+01 2.173755108093805433e+01 2.075809457405496516e+01 1.980596896242907690e+01 1.888175262419492384e+01 1.798556024246651219e+01 1.711746896855323996e+01 1.627562630921593012e+01 1.546499253071973357e+01 1.468309521512004601e+01 1.392948665566095023e+01 1.320453524698494974e+01 1.250756273166524579e+01 1.183995544407309097e+01 1.119927773394947579e+01
3.409432237584830716e+00 4.160596936184934869e+00 4.958096388610366390e+00 5.798788951031353278e+00 6.681402208391229891e+00 7.602398221430095582e+00 8.559555642756333071e+00 9.552572693822924066e+00 1.057970179652113529e+01 1.163897728734968240e+01 1.272964287029923014e+01 1.385116061047824232e+01 1.500307991672590369e+01 1.618411949081545131e+01 1.739427856681892237e+01 1.863242063183375663e+01 1.989944276879958096e+01 2.123069906388425210e+01 2.263062361664287536e+01 2.405088868059778306e+01 2.549134805829945805e+01 2.694845194316882697e+01 2.842469208605492526e+01 2.991604665189672119e+01 3.142428838039216288e+01 3.294752502003990458e+01 3.448551768123802219e+01 3.603750156426722384e+01 3.760354507830291482e+01 3.918261740366193635e+01 4.077487862103325966e+01 4.237990828196116411e+01 4.399763167778505135e+01 4.562645349012021967e+01 4.726672877847957466e+01 4.891888019603786120e+01 5.057993314665323226e+01 5.225132738129612875e+01 5.393157180165481890e+01 5.561964690711600667e+01 5.731559641190446541e+01 5.901888973263416460e+01 6.072768072809864037e+01 6.244185784111726889e+01 6.416084052089887280e+01 6.588325313996266175e+01 6.760937580614385922e+01 6.933595399475348131e+01 7.106392678713248756e+01 7.279126390316433515e+01 7.451600845704692233e+01 7.623544438051284544e+01 7.794815574386430512e+01 7.965016815612744949e+01 8.133354894695801818e+01 8.298790078660354652e+01 8.459549835729067979e+01 8.611375117225026088e+01 8.742808525708875322e+01 1.000000000000000000e+02 1.000000000000000000e+02 1.000000000000000000e+02 1.000000000000000000e+02 1.000000000000000000e+02 8.702943504448342082e+01 8.564426228877881897e+01 8.411701006041096207e+01 8.252501049418992807e+01 8.090103147463449318e+01 7.925907435363062348e+01 7.760737783060956474e+01 7.595128889592794508e+01 7.429714701942093313e+01 7.264493086286832124e+01 7.099586390494924615e+01 6.935377034260739038e+01 6.771825727182024934e+01 6.609185688002142456e+01 6.447502024741282867e+01 6.286685667756286477e+01 6.127053251192531036e+01 5.968525348479113291e+01 5.811263337494941084e+01 5.701839827590474385e+01 5.594834051638080297e+01 5.487540068068668120e+01 5.379980239315265322e+01 5.272109981753043684e+01 5.163964234487863081e+01 5.055560031227158646e+01 4.946875199073691221e+01 4.837499241584890797e+01 4.727279380635186357e+01 4.616285614576669616e+01 4.504260369776122985e+01 4.390938265898892467e+01 4.276063740997878426e+01 4.159326598804162956e+01 4.040291738033636904e+01 3.918536338796501894e+01 3.793573701635406792e+01 3.664802619385375237e+01 3.531351198607036679e+01 3.392688397713720150e+01 3.248238156367726504e+01 3.096889285287090132e+01 2.937647716445519563e+01 2.769419297776630629e+01 2.591051024180702811e+01 2.401321619409867480e+01 2.198944455353948513e+01 2.044201133513506718e+01 1.949972093457665778e+01 1.858574710361217086e+01 1.770055723023404681e+01 1.684363136261468696e+01 1.601605893971338546e+01 1.521714053676798173e+01 1.444490621006951869e+01 1.370427142256979103e+01 1.299296071954058007e+01 1.230964479069740491e+01 1.165416767569347201e+01 1.102668993414749288e+01
3.423752795845269592e+00 4.183090716298387690e+00 4.989595064579410710e+00 5.840432462836875338e+00 6.732671546902501802e+00 7.664160433104328263e+00 8.633889315791009267e+00 9.638837885257734328e+00 1.067837537764975053e+01 1.175055530313646734e+01 1.285509263110190581e+01 1.399108351192482935e+01 1.515642070959934884e+01 1.635234460899670594e+01 1.757776377729371831e+01 1.883160710148671413e+01 2.011581426298080189e+01 2.142950282924041971e+01 2.277484117510195460e+01 2.415531968904154425e+01 2.559669806911444212e+01 2.705754697248710272e+01 2.853538317983190709e+01 3.002926405179646707e+01 3.153965274696669496e+01 3.306368206739907833e+01 3.460319696451750104e+01 3.615501992888424354e+01 3.771965148614246033e+01 3.929643268146359958e+01 4.088475554919872934e+01 4.248428288924175433e+01 4.409358779299243736e+01 4.571189620492778261e+01 4.734013050092149655e+01 4.897763829014589732e+01 5.062309260677818656e+01 5.227711016381366704e+01 5.394072373161633749e+01 5.561134280561770282e+01 5.729125318855749072e+01 5.898247253327906492e+01 6.068505865746016781e+01 6.240063055236188916e+01 6.412684013107832470e+01 6.585960482809784367e+01 6.759590970598262061e+01 6.933433792785939431e+01 7.107438480273285109e+01 7.281358574178500476e+01 7.454995286897137419e+01 7.628160010267583857e+01 7.800636823883039028e+01 7.971969346219451324e+01 8.141402683878817470e+01 8.307973332852675696e+01 8.469518434753271663e+01 8.621787833669978340e+01 8.751846237614688562e+01 1.000000000000000000e+02 1.000000000000000000e+02 1.000000000000000000e+02 1.000000000000000000e+02 8.792375446406103379e+01 8.689346791245216650e+01 8.547291784834223449e+01 8.392223464247163633e+01 8.231255002634115669e+01 8.067314965654614412e+01 7.901688519926452159e+01 7.735190328079505662e+01 7.568475590785163831e+01 7.401809035526906655e+01 7.235513161237089719e+01 7.069609996816731723e+01 6.904391327648917809e+01 6.739771398040903705e+01 6.576207439312284464e+01 6.413599683582982891e+01 6.266890248419421994e+01 6.157192276564818201e+01 6.047010316100336524e+01 5.936717040875778650e+01 5.826442912690993126e+01 5.716307445003165810e+01 5.606243808951759888e+01 5.496320472825993875e+01 5.386520414990084760e+01 5.277045975745795658e+01 5.167463856753698082e+01 5.057663691745955248e+01 4.947629565861890910e+01 4.837335910584499032e+01 4.726537584505206269e+01 4.615013501787785799e+01 4.502551999800816418e+01 4.388865145681963043e+01 4.273566648423661007e+01 4.156305882299881205e+01 4.036636798316810371e+01 3.914027063705702858e+01 3.787895623003861800e+01 3.657591922493688941e+01 3.522277885382030149e+01 3.380770602579725903e+01 3.232872571429081887e+01 3.077177222848955651e+01 2.912511800251501626e+01 2.737624598832508838e+01 2.551171703346818376e+01 2.351753257321150770e+01 2.137803570090795091e+01 1.917366317374540330e+01 1.827100247644846220e+01 1.739756219370385182e+01 1.655300329235140921e+01 1.573859754615077833e+01 1.495314902902814502e+01 1.419716404036838142e+01 1.347074721237087047e+01 1.277064434435344253e+01 1.210210139971190557e+01 1.146160309947994449e+01 1.084886017363183619e+01
3.440666995622676527e+00 4.207137339468358661e+00 5.021269977799736495e+00 5.881233303572985349e+00 6.782826451811818202e+00 7.724292021372292538e+00 8.703768997829886445e+00 9.719467756839982542e+00 1.076951580216881688e+01 1.185324428641035865e+01 1.296912373909198024e+01 1.411666528226359674e+01 1.529353191497396836e+01 1.650131928685843974e+01 1.773733870671330237e+01 1.900323074324837691e+01 2.029788335848940051e+01 2.162105718876301452e+01 2.297463381880118050e+01 2.435833250462351529e+01 2.577372633011951564e+01 2.722041360536474741e+01 2.869398480008311481e+01 3.018884901082903127e+01 3.170339425239895448e+01 3.323497743881851108e+01 3.478128289455744238e+01 3.634185208716256454e+01 3.791580372802810928e+01 3.950246389810484260e+01 4.110021168697388561e+01 4.270930762733369335e+01 4.432860014337972387e+01 4.595668766546721429e+01 4.759350910867392770e+01 4.923818151557696154e+01 5.089091222463106590e+01 5.255047061351763915e+01 5.421640442415069572e+01 5.588738834050012372e+01 5.756446317110975031e+01 5.924646963905330921e+01 6.093216482770491638e+01 6.262311586782767137e+01 6.431696960302539878e+01 6.601586594351498150e+01 6.771650858880693136e+01 6.942276208089384681e+01 7.113173812544748387e+01 7.284603754985306523e+01 7.456401191434075315e+01 7.628705687014213765e+01 7.801449586660332614e+01 7.973935638306012663e+01 8.145174077686991154e+01 8.313792674502515467e+01 8.477194617146641065e+01 8.630601895378632094e+01 8.760090370063370813e+01 1.000000000000000000e+02 1.000000000000000000e+02 1.000000000000000000e+02 1.000000000000000000e+02 8.786368603387560938e+01 8.673442748282749903e+01 8.527489067203505613e+01 8.369931158685692196e+01 8.206951537569952393e+01 8.041178139507209721e+01 7.873903491962821022e+01 7.706010699578644108e+01 7.537902259197501564e+01 7.370014628745389018e+01 7.202417714916499847e+01 7.035313016217848769e+01 6.868963527596204699e+01 6.732092768046528874e+01 6.617144039680107426e+01 6.502459783521305781e+01 6.387695543216857885e+01 6.272968018320798933e+01 6.158593560188629823e+01 6.044748523831362519e+01 5.931358184276971457e+01 5.818528027373042022e+01 5.706202637678993028e+01 5.594561582996631444e+01 5.483471464760989278e+01 5.372634727767152896e+01 5.262084216285893490e+01 5.151880655350154115e+01 5.041833800827708956e+01 4.931827338939592664e+01 4.821647426745631293e+01 4.711075625044365012e+01 4.599871631120372228e+01 4.487777217811340336e+01 4.374405361342031995e+01 4.259377820933482894e+01 4.142218489660872649e+01 4.022447760824017138e+01 3.899415396914872645e+01 3.772482972200867835e+01 3.640893707973954463e+01 3.503755668398800083e+01 3.359642764307990603e+01 3.208091705018577500e+01 3.047727958460754039e+01 2.877129536409819366e+01 2.694835930371430877e+01 2.499308536506837797e+01 2.288838721129047116e+01 2.061866140654736768e+01 1.817538867988247731e+01 1.707635042227180122e+01 1.624559910872944712e+01 1.544514342505367566e+01 1.467418566297151727e+01 1.393360202072305754e+01 1.322203189787398614e+01 1.254017725696071572e+01 1.188427440576310623e+01 1.125988602064207456e+01 1.066302038533981644e+01
3.461816684338592243e+00 4.235427090214905377e+00 5.057784376144036642e+00 5.925148432841442769e+00 6.835563411890632324e+00 7.785298774329274529e+00 8.774205667501288275e+00 9.799276019049029784e+00 1.085907219192601048e+01 1.195259500327159330e+01 1.307854373461151454e+01 1.423600241888620666e+01 1.542342753054946058e+01 1.664109577010990293e+01 1.788696861000915561e+01 1.916172375492946145e+01 2.046493891604760407e+01 2.179511370491438171e+01 2.315439741923154315e+01 2.454139313542819067e+01 2.595690835500957760e+01 2.740017583051096395e+01 2.887104755410582158e+01 3.036586641661148533e+01 3.188327565107212891e+01 3.341936142941646892e+01 3.497344499022423747e+01 3.654265176314284247e+01 3.812649408835515885e+01 3.972340534171655690e+01 4.133225657407061249e+01 4.295282027581907158e+01 4.458367417312394565e+01 4.622306741881756409e+01 4.787270916576786561e+01 4.952883653239188533e+01 5.119331639700159542e+01 5.286409016354255641e+01 5.454119538032639980e+01 5.622277311629787278e+01 5.790919703412802733e+01 5.959959310896548601e+01 6.129367937898578589e+01 6.299144115385450959e+01 6.469018636126094179e+01 6.639133856703027448e+01 6.809233454538603780e+01 6.979703511456500564e+01 7.149828102339577640e+01 7.319980261915290498e+01 7.490069858817854254e+01 7.659789793293630566e+01 7.828906213124169255e+01 7.997403621117936723e+01 8.164520427091775900e+01 8.329358517239316484e+01 8.489954051184574269e+01 8.641614623779163651e+01 8.768597181376179606e+01 1.000000000000000000e+02 1.000000000000000000e+02 1.000000000000000000e+02 1.000000000000000000e+02 8.777033970351101289e+01 8.654916275682504079e+01 8.504888111545980678e+01 8.344357184599017785e+01 8.178998866391327738e+01 8.011158636346075923e+01 7.842136176380159895e+01 7.672618251094816344e+01 7.502967450976576913e+01 7.333672018299475326e+01 7.208427634809785900e+01 7.086462849653500484e+01 6.965025146534877365e+01 6.843872211720314169e+01 6.723554079179146470e+01 6.603389847138528523e+01 6.484011379897471272e+01 6.365484064976105572e+01 6.247831733585682912e+01 6.131052508225156572e+01 6.015258184755440851e+01 5.900600035750186123e+01 5.786731582579977839e+01 5.673608215628702567e+01 5.561312287928063824e+01 5.449878433716068571e+01 5.339111702219394573e+01 5.229019145366956423e+01 5.119330246035542586e+01 5.010067489685621211e+01 4.900926432725416504e+01 4.791719484841802057e+01 4.682252621025111239e+01 4.572149320771558934e+01 4.461078966437435867e+01 4.348692452114040208e+01 4.234509282891371384e+01 4.118004820467744764e+01 3.998580569477226021e+01 3.875547185951686657e+01 3.748126942618254276e+01 3.615407263287892192e+01 3.476415507052854537e+01 3.329664088855424353e+01 3.174140365237172290e+01 3.008604757589841228e+01 2.831325421939789777e+01 2.640610795058854166e+01 2.434697101497389582e+01 2.211435990318396705e+01 1.969931610722035487e+01 1.708587540819995709e+01 1.592046532915875012e+01 1.513499344274745795e+01 1.437975049269197925e+01 1.365509323412347165e+01 1.296061448041285757e+01 1.229522740553844429e+01 1.165915944896011069e+01 1.104979361268455484e+01 1.046869353779864653e+01
3.491502929930101473e+00 4.271545946588162224e+00 5.100924351787061717e+00 5.975821619628140624e+00 6.893440537634409893e+00 7.851731338765466361e+00 8.848692699619453705e+00 9.882729748364994293e+00 1.095167769498806010e+01 1.205411226859386353e+01 1.318897801117459068e+01 1.435509064317377437e+01 1.555199687298313194e+01 1.677818102860700833e+01 1.803295097636348032e+01 1.931572064366475772e+01 2.062648767285596563e+01 2.196358725998516093e+01 2.332905998029588446e+01 2.472055009898815925e+01 2.613791173671609158e+01 2.758337474352348195e+01 2.905388001186194202e+01 3.054886953496176361e+01 3.206878357813274505e+01 3.360920574878402078e+01 3.516898757681360621e+01 3.674537093728042692e+01 3.833786564149691856e+01 3.994450116520518179e+01 4.156399079081630532e+01 4.319530560604182057e+01 4.483767346702973811e+01 4.648977798928056870e+01 4.815060344912074441e+01 4.981933857195709692e+01 5.149536609926536812e+01 5.317788470711619908e+01 5.486634344633487359e+01 5.655921929571636753e+01 5.825712717008200059e+01 5.995813926436805730e+01 6.166174942641078616e+01 6.336760486445172091e+01 6.507531986250911871e+01 6.678267716302566726e+01 6.849038937904545321e+01 7.019816442629758058e+01 7.190297761786878539e+01 7.360566216559844577e+01 7.530411301747454900e+01 7.699588727528285403e+01 7.867936193556758440e+01 8.035052143862264984e+01 8.200235988648377372e+01 8.362446824950713165e+01 8.519347803328960822e+01 8.665500771102962574e+01 8.782855295359441072e+01 1.000000000000000000e+02 1.000000000000000000e+02 1.000000000000000000e+02 1.000000000000000000e+02 8.766295665252816605e+01 8.635674249198581265e+01 8.480509371493161552e+01 8.316370270281839794e+01 8.147943277901129022e+01 7.977568538449357050e+01 7.831172905628235981e+01 7.699164461445259633e+01 7.568049323723575128e+01 7.437743271232601217e+01 7.308154370585953075e+01 7.179982206576312365e+01 7.053038308792089595e+01 6.926723710627005914e+01 6.801600823559910225e+01 6.677813065423801220e+01 6.555215031798495318e+01 6.433923433168712336e+01 6.313971982406596339e+01 6.195411402982755789e+01 6.077927600313904577e+01 5.961641228572276674e+01 5.846671309970148656e+01 5.732903787116412531e+01 5.620299557399087576e+01 5.508839861471914645e+01 5.398375170901334030e+01 5.288815666533108839e+01 5.179990941147709549e+01 5.071873386315901655e+01 4.964181082108390797e+01 4.856708006405622058e+01 4.749272117603003807e+01 4.641515692072931643e+01 4.533206062759616373e+01 4.423857702599212871e+01 4.312997344490398888e+01 4.200209624961419763e+01 4.084783256379914462e+01 3.966094082810653987e+01 3.843319793310269006e+01 3.715587494274714686e+01 3.581805877685878414e+01 3.440839716492153144e+01 3.291118136924541204e+01 3.131159920364871141e+01 2.959716632660522961e+01 2.774743057125616019e+01 2.574301240881612429e+01 2.356186652573161311e+01 2.118585500015485223e+01 1.860081884520295858e+01 1.579453556924674729e+01 1.480817700856370500e+01 1.406982432334437050e+01 1.336261296593171899e+01 1.268571706507112218e+01 1.203819084379341753e+01 1.142058084734270906e+01 1.083104543099141459e+01 1.026794026217667799e+01
3.530836019057381758e+00 4.317570627824673934e+00 5.153267921185933353e+00 6.035049471490316897e+00 6.960192102699302552e+00 7.926020495594132242e+00 8.930869985274847878e+00 9.972310701053665127e+00 1.104955344407180284e+01 1.216007481327476825e+01 1.330332760455409336e+01 1.447783103673450000e+01 1.568297537633036498e+01 1.691733627605641743e+01 1.817984256527581621e+01 1.947054418313415169e+01 2.078820635443349119e+01 2.213264338508172813e+01 2.350331388386819498e+01 2.489957765041569360e+01 2.632141941942968089e+01 2.776921211454350669e+01 2.924174937858672507e+01 3.073810342660566874e+01 3.225916158141408374e+01 3.380171696277489701e+01 3.536583237851227324e+01 3.694796928531564362e+01 3.854748812279803616e+01 4.016195586517726923e+01 4.179119044449135600e+01 4.343230000516572176e+01 4.508506315757028204e+01 4.674728034992777737e+01 4.841954200489083604e+01 5.009967557984980147e+01 5.178714030649420863e+01 5.348116532839770798e+01 5.518070483907708734e+01 5.688485579798734193e+01 5.859294834089887871e+01 6.030418171677438721e+01 6.201857613696510896e+01 6.373261891195261342e+01 6.544849742138005411e+01 6.716341613419432122e+01 6.887813926920820506e+01 7.059022851360170137e+01 7.229937096933731766e+01 7.400236449651626458e+01 7.570135880380510685e+01 7.739079550684706987e+01 7.906794679187916586e+01 8.072994742176140903e+01 8.236813321007821287e+01 8.396849637774496955e+01 8.550487764797476586e+01 8.691461848675031376e+01 8.796291349017644734e+01 1.000000000000000000e+02 1.000000000000000000e+02 1.000000000000000000e+02 1.000000000000000000e+02 8.768634434269706901e+01 8.643699151149687054e+01 8.496659831625511572e+01 8.347800695035016361e+01 8.202138477826829899e+01 8.058783886657849393e+01 7.918007691993992125e+01 7.779150961927410890e+01 7.642000011577810881e+01 7.506631168523884412e+01 7.372845977265905049e+01 7.240383037064420080e+01 7.109552883775232601e+01 6.980245595392015900e+01 6.852561057151712021e+01 6.726601162414648627e+01 6.602158264391839282e+01 6.479076932664627009e+01 6.357573494223080957e+01 6.237648402027240735e+01 6.119299153846855432e+01 6.002502699491907379e+01 5.887190713909154027e+01 5.773407817646787521e+01 5.660954488103675430e+01 5.549951851315585571e+01 5.440099113968923916e+01 5.331553125301571328e+01 5.223960717863629100e+01 5.117313729449944049e+01 5.011431828603451777e+01 4.906053785087255648e+01 4.800947994800659302e+01 4.695941678719721324e+01 4.590583715003602094e+01 4.484595545352343038e+01 4.377428197744427507e+01 4.268666103326121686e+01 4.157634652141574350e+01 4.043675483720463859e+01 3.926007749864010066e+01 3.803679747103763020e+01 3.675627588736439577e+01 3.540682842303444033e+01 3.397466924290515067e+01 3.244237502263782602e+01 3.079161434118575613e+01 2.900787798324677880e+01 2.706780961406135688e+01 2.494891783663186757e+01 2.262489905292117598e+01 2.008236732282625425e+01 1.730200035111920798e+01 1.446376291693018956e+01 1.374369288868877348e+01 1.305489438340497976e+01 1.239714296365578328e+01 1.176879487402627866e+01 1.117026163708871778e+01 1.060035892670791924e+01 1.005762808791937957e+01
3.581393014365608085e+00 4.374378484290808444e+00 5.216684175669305645e+00 6.105119869529785248e+00 7.036976756236590802e+00 8.009734560417868465e+00 9.022074249110545452e+00 1.007095385683122224e+01 1.115523493912218278e+01 1.227358137381359171e+01 1.342444920293388577e+01 1.460677280019417879e+01 1.581902512667130445e+01 1.706058317199744678e+01 1.833085702266763661e+01 1.962856319786945392e+01 2.095290626847866733e+01 2.230366554722451511e+01 2.367988131416165487e+01 2.508148406028808353e+01 2.650765660198852913e+01 2.795814901245489281e+01 2.943308774435787711e+01 3.093173656128787030e+01 3.245349469838693324e+01 3.399781760548230380e+01 3.556402295584304341e+01 3.714984586900769159e+01 3.875365554038324944e+01 4.037429448183655012e+01 4.201065202471708915e+01 4.365975482222626169e+01 4.532130791724770802e+01 4.699344203494683114e+01 4.867510783809873942e+01 5.036523573315083979e+01 5.206365050193023336e+01 5.376767516810254932e+01 5.547643135947127035e+01 5.719115362341321429e+01 5.890813200622297785e+01 6.062935081333731091e+01 6.235200108315805778e+01 6.407481925570132830e+01 6.579846876773069653e+01 6.752030796427335702e+01 6.924055873835770569e+01 7.095711216586596493e+01 7.266946173491486149e+01 7.437505784033032796e+01 7.607229245031179232e+01 7.775830947072341814e+01 7.943083257088007088e+01 8.108349342226668455e+01 8.270726396745781983e+01 8.428919740409112649e+01 8.579533096694966332e+01 8.714887443263832267e+01 1.000000000000000000e+02 1.000000000000000000e+02 1.000000000000000000e+02 1.000000000000000000e+02 1.000000000000000000e+02 8.772713115223726277e+01 8.658870723524164248e+01 8.524742450502141367e+01 8.384060836826883190e+01 8.241569217516870083e+01 8.099119832391444618e+01 7.957732803255781562e+01 7.817329749172840536e+01 7.678426755329080322e+01 7.541072884410631616e+01 7.405373199827106134e+01 7.271409138517101667e+01 7.139186805936073199e+01 7.008283152539496541e+01 6.879279114163526287e+01 6.751964877456737213e+01 6.626464586408802404e+01 6.502589444024096110e+01 6.380414503964338024e+01 6.260167253133587195e+01 6.141626674115951801e+01 6.024812527250853122e+01 5.909699728348893899e+01 5.796253035615943361e+01 5.684401340217637255e+01 5.574156562804527226e+01 5.465336625742800436e+01 5.357962015257733412e+01 5.251854938349784874e+01 5.146904587422903887e+01 5.043217759967583191e+01 4.940212451501814428e+01 4.837711073645363058e+01 4.735567486431320106e+01 4.633488516445354577e+01 4.531052005557836537e+01 4.427827211545471897e+01 4.323310072524167680e+01 4.216945314772567599e+01 4.108022964260504040e+01 3.995763007138373268e+01 3.879258479929374914e+01 3.757383861866314589e+01 3.628977985632083403e+01 3.492584170387822695e+01 3.346663707713397429e+01 3.189072069334819659e+01 3.017950211815574235e+01 2.831283254227522406e+01 2.626510741194012510e+01 2.400837856879249799e+01 2.152042041369900360e+01 1.878161252881021070e+01 1.577732911703858498e+01 1.340085051597653631e+01 1.273196286105628872e+01 1.209394960593245294e+01 1.148667783564901690e+01 1.090859177491294574e+01 1.035925400307373678e+01 9.837214109250268734e+00
3.644092774713625360e+00 4.443147283735660480e+00 5.291566363529698336e+00 6.186775456609961310e+00 7.125144210373479225e+00 8.104727194427097103e+00 9.123385759890556557e+00 1.017895602551269718e+01 1.127030007984934912e+01 1.239596426186844269e+01 1.355357958465263124e+01 1.474270260992925863e+01 1.596204014519514480e+01 1.721084589556733846e+01 1.848746672831559223e+01 1.979164915561252158e+01 2.112209093715200581e+01 2.247845301580156985e+01 2.386079676513350734e+01 2.526709846952958216e+01 2.669734765553372213e+01 2.815139400636044087e+01 2.962866522383976786e+01 3.112864620069746380e+01 3.265189778468244697e+01 3.419682862334427398e+01 3.576386298565474675e+01 3.735002750783746706e+01 3.895689377026096167e+01 4.058104613399017069e+01 4.222165536984662282e+01 4.387641317507181782e+01 4.554414112404445802e+01 4.722387979523187340e+01 4.891345581462150705e+01 5.061277879753041020e+01 5.231993333912252808e+01 5.403196503677708762e+01 5.575032940380273772e+01 5.747319452090479075e+01 5.919965490099177430e+01 6.092829285314414278e+01 6.265814596754006516e+01 6.438845445903763220e+01 6.611845766439662953e+01 6.784583275307056738e+01 6.957083516953395019e+01 7.129129218407908297e+01 7.300511785033269518e+01 7.471129661937074218e+01 7.640692655146382606e+01 7.809037906530734574e+01 7.975648113729445754e+01 8.140045895409325283e+01 8.301054519263949771e+01 8.457119727364964490e+01 8.604706942280260762e+01 8.735044559176495227e+01 1.000000000000000000e+02 1.000000000000000000e+02 1.000000000000000000e+02 1.000000000000000000e+02 1.000000000000000000e+02 8.770694831768848587e+01 8.659031585543203846e+01 8.528303535570576344e+01 8.390513575019544135e+01 8.250064115143432275e+01 8.108892466697787427e+01 7.967955148021277978e+01 7.827879099702900589e+01 7.688729116882552717e+01 7.550835337198002151e+01 7.414628451066383263e+01 7.280041573190409565e+01 7.147052341707149026e+01 7.015767612839272260e+01 6.886331978594793668e+01 6.758676855706006847e+01 6.632903865132155374e+01 6.508950967929129661e+01 6.386742137353638071e+01 6.266365644690955605e+01 6.147913395627134037e+01 6.031429143458997544e+01 5.916723015466507718e+01 5.803892079079926702e+01 5.692839388349575103e+01 5.583575905830563357e+01 5.475937374044289641e+01 5.370034121910855873e+01 5.265596465572168938e+01 5.162590281568269290e+01 5.060858367824383208e+01 4.960205961245346629e+01 4.860406648406674179e+01 4.761291217657767305e+01 4.662513624921674449e+01 4.563693453604599171e+01 4.464513435563094390e+01 4.364468357825834488e+01 4.262891116753850440e+01 4.159210452264805724e+01 4.052614153877551928e+01 3.942185147555476021e+01 3.826815274065661043e+01 3.705302841979778350e+01 3.576226594200080200e+01 3.437924229611136440e+01 3.288515624208287846e+01 3.125450888892905610e+01 2.947017165622516188e+01 2.750303640976416020e+01 2.532569640051288573e+01 2.290515616973638657e+01 2.022309070656313068e+01 1.725613079251399995e+01 1.399912039698677546e+01 1.239314902966020071e+01 1.177672966879882388e+01 1.119093891521488793e+01 1.063501807914758501e+01 1.010763440292465987e+01 9.607437059587752515e+00
3.718538388411241069e+00 4.523977178708548763e+00 5.378782866914666450e+00 6.280269484443512518e+00 7.225022994052643810e+00 8.210856540774058132e+00 9.235852881774631484e+00 1.029804869621562347e+01 1.139592877715337416e+01 1.252747829423047676e+01 1.369188272310067944e+01 1.488752947116424075e+01 1.611326956299838997e+01 1.736776847976335603e+01 1.865063378656056514e+01 1.996061020480443915e+01 2.129701413964937373e+01 2.265908960050613175e+01 2.404577697571896877e+01 2.545676843661972555e+01 2.689110846491609053e+01 2.834885534995709122e+01 2.982938597008667614e+01 3.133154166865597290e+01 3.285552575537757747e+01 3.440076497080583806e+01 3.596704513814510307e+01 3.755370609324596387e+01 3.915991544122366008e+01 4.078396115097446994e+01 4.242589800539252565e+01 4.408329038852890847e+01 4.575478037826009370e+01 4.743934077377657133e+01 4.913426570029108120e+01 5.083900654645350414e+01 5.255233350025238792e+01 5.427248408062581575e+01 5.599709472738175720e+01 5.772688617171943548e+01 5.945966458739301430e+01 6.119517704369009437e+01 6.293156541557568318e+01 6.466695170547227178e+01 6.640308371994963466e+01 6.813518090230148516e+01 6.986230599400504104e+01 7.158477482966560501e+01 7.329974747992208961e+01 7.500590930311982163e+01 7.670016539970690417e+01 7.837957731361633762e+01 8.003996317846471698e+01 8.167420907315778322e+01 8.327233555649684149e+01 8.481610270720724998e+01 8.626627732498013756e+01 8.751982902930339492e+01 1.000000000000000000e+02 1.000000000000000000e+02 1.000000000000000000e+02 1.000000000000000000e+02 1.000000000000000000e+02 8.764544630257833546e+01 8.651599750682396461e+01 8.521227689381287007e+01 8.384075198153952613e+01 8.244047933730223576e+01 8.103226384379196645e+01 7.962390084982121152e+01 7.822392067506463320e+01 7.683170870732747915e+01 7.545079958809380116e+01 7.408591695276763289e+01 7.273542657543752910e+01 7.140325344527427376e+01 7.008790567305879904e+01 6.878946599170716070e+01 6.751053428070630957e+01 6.625114054338266101e+01 6.501041990000848614e+01 6.378901070651517102e+01 6.258748376731600160e+01 6.140632037877060867e+01 6.024425325211660009e+01 5.910335922361755934e+01 5.798260778855646436e+01 5.688135166036735058e+01 5.579901491861411245e+01 5.473546907253408023e+01 5.369024597842268776e+01 5.266226670741922788e+01 5.165082635349457973e+01 5.065461839958571488e+01 4.967203498383720728e+01 4.870090333501811131e+01 4.773957508708692643e+01 4.678460140696780911e+01 4.583358364341891900e+01 4.488156431596880225e+01 4.392691816600083143e+01 4.296194903136259313e+01 4.197605929661719415e+01 4.096680716859436444e+01 3.992434248344404324e+01 3.883796626823949083e+01 3.769483670746605952e+01 3.648055515374421276e+01 3.517801734555094839e+01 3.376846690290928876e+01 3.223018785886979742e+01 3.053259797025885547e+01 2.865527346660454810e+01 2.656558153022255908e+01 2.422830923774900214e+01 2.161658357292606070e+01 1.870388725104880123e+01 1.547452425521797004e+01 1.203842126617173847e+01 1.144505976439990036e+01 1.088231864649188374e+01 1.034909072777093719e+01 9.844558437859340927e+00 9.367801808058018764e+00
3.804089002689803323e+00 4.616292264204169271e+00 5.477588055907256503e+00 6.385276297631536480e+00 7.336140640273580260e+00 8.328397439687373449e+00 9.359229622209685573e+00 1.042757806915675189e+01 1.153156352818055552e+01 1.266892014277992651e+01 1.383950160638246452e+01 1.504089901894851700e+01 1.627224967605155470e+01 1.753287759753543540e+01 1.882115695210171324e+01 2.013678438864041453e+01 2.147827456371943455e+01 2.284508424880871047e+01 2.423689413687644034e+01 2.565187412672311851e+01 2.709033596318290904e+01 2.855111170846597091e+01 3.003394262991182373e+01 3.153860560478500830e+01 3.306391055837940485e+01 3.460941445275559403e+01 3.617483243878659493e+01 3.776035597884573036e+01 3.936492262419676536e+01 4.098696148640994608e+01 4.262744965428034760e+01 4.428361046901974873e+01 4.595561804683582352e+01 4.764064458813712832e+01 4.933772981988634143e+01 5.104513751757192352e+01 5.276276590304278358e+01 5.448520065667630519e+01 5.621575098604538567e+01 5.794999508673617328e+01 5.968827167078038798e+01 6.142867578833319442e+01 6.316892017466885534e+01 6.490918833385303799e+01 6.664701963158475451e+01 6.838235624204223484e+01 7.011343976471164297e+01 7.183619769821005718e+01 7.355210446471485852e+01 7.525740821080833598e+01 7.695007637579121251e+01 7.862646942093707025e+01 8.028060747664473240e+01 8.190863874547127921e+01 8.349792767349714495e+01 8.502742147493934510e+01 8.645502970174217694e+01 8.766420112913726825e+01 1.000000000000000000e+02 1.000000000000000000e+02 1.000000000000000000e+02 1.000000000000000000e+02 1.000000000000000000e+02 8.755399794050588014e+01 8.639525110962469512e+01 8.508248690729983821e+01 8.370444610253146323e+01 8.230122785305333366e+01 8.088898361954834115e+01 7.947718906652734461e+01 7.807085311001200978e+01 7.667450108991258162e+01 7.529180109910129204e+01 7.392284490956554066e+01 7.256951294064285207e+01 7.123244897516420338e+01 6.991413388290756359e+01 6.861409090652702503e+01 6.733393179969215225e+01 6.607207750166772087e+01 6.483188910527201188e+01 6.360990140578528695e+01 6.240951102409877649e+01 6.123073855567218260e+01 6.007216259821369420e+01 5.893610686673839894e+01 5.781995472419234261e+01 5.672661940689289395e+01 5.565417769960071581e+01 5.460203354604497861e+01 5.357026414099430411e+01 5.255723815872161708e+01 5.156292945465767730e+01 5.058615346659914991e+01 4.962780204201043688e+01 4.868227409902630143e+01 4.774896381103165055e+01 4.682702033122914287e+01 4.591126883938483161e+01 4.499910713780410276e+01 4.408531257189595465e+01 4.316579135369264009e+01 4.223347145484480336e+01 4.128588160671987595e+01 4.030620023646353900e+01 3.928544901418992197e+01 3.821548112350303938e+01 3.707973036419092239e+01 3.586122173163827398e+01 3.454013269667990471e+01 3.309431897350806651e+01 3.149784257273693555e+01 2.971505412404563629e+01 2.772250119787985767e+01 2.548175756170953932e+01 2.295268664349309162e+01 2.011056284080076040e+01 1.692834522408047704e+01 1.340323495380467733e+01 1.109793357092042676e+01 1.055957388919228634e+01 1.005123511512787715e+01 9.570981928917509762e+00 9.118253355448857178e+00
3.900672170743091360e+00 4.719451894005876724e+00 5.587422108929041009e+00 6.501227859593294411e+00 7.458433155060994579e+00 8.456264756183129450e+00 9.493409534251417980e+00 1.056712719241889076e+01 1.167686813140176305e+01 1.282052245500480225e+01 1.399621644052347946e+01 1.520332372674407750e+01 1.644003892049645899e+01 1.770612316292115196e+01 1.899978263450323723e+01 2.032037580053408377e+01 2.166653966766538630e+01 2.303782373212848000e+01 2.443376807308118615e+01 2.585241488305960544e+01 2.729457646735578180e+01 2.875868138496803184e+01 3.024426044437343819e+01 3.175027333725646272e+01 3.327659679210459842e+01 3.482292023335015330e+01 3.638834190051387907e+01 3.797272389055429187e+01 3.957483146622150372e+01 4.119472829261916758e+01 4.283135906038256735e+01 4.448462146292483510e+01 4.615289650735046223e+01 4.783485597559763391e+01 4.952989180390316903e+01 5.123630377729549679e+01 5.295243045416343364e+01 5.467796510820035394e+01 5.640966414603857260e+01 5.814577633755866515e+01 5.988572483315353168e+01 6.162781451545446032e+01 6.337102193682447648e+01 6.511375722422086199e+01 6.685421192713431537e+01 6.859118453203907961e+01 7.032216398767442911e+01 7.204623856081919087e+01 7.376196391519296469e+01 7.546716956326147852e+01 7.715823925770011726e+01 7.883245332622612978e+01 8.048517277393870017e+01 8.210881531433841474e+01 8.369187865499667112e+01 8.521192767439941917e+01 8.662356488185865544e+01 8.778991327015735635e+01 1.000000000000000000e+02 1.000000000000000000e+02 1.000000000000000000e+02 1.000000000000000000e+02 1.000000000000000000e+02 8.743681189178120405e+01 8.624493257566034288e+01 8.491314642520245570e+01 8.352550381613230002e+01 8.211324459917167928e+01 8.069287019090397450e+01 7.927471797799377384e+01 7.786220469204027950e+01 7.646024983492445415e+01 7.507081424763508437e+01 7.369623350627941250e+01 7.233636905146613572e+01 7.099553878573811971e+01 6.967143122863694771e+01 6.836866216234423632e+01 6.708411192674452650e+01 6.582083536781928501e+01 6.457787355610864211e+01 6.335619689755000650e+01 6.215640357488631906e+01 6.098099430598774262e+01 5.982542749248982261e+01 5.869258307486992976e+01 5.758194512206233640e+01 5.649405159494913420e+01 5.542822378886211965e+01 5.438536337119619191e+01 5.336371843167813012e+01 5.236446024481850259e+01 5.138562749488300341e+01 5.042607164379162299e+01 4.948432394516603239e+01 4.856302912014653828e+01 4.765568763770839666e+01 4.676344293412293496e+01 4.588163146667177728e+01 4.500662639049557612e+01 4.413464926185135795e+01 4.326116467559385370e+01 4.238004090491425302e+01 4.148369104448688205e+01 4.056573413597332944e+01 3.961675969886272242e+01 3.861897320432472469e+01 3.756107481923359614e+01 3.642805714274720685e+01 3.519813663655339298e+01 3.384855705623256483e+01 3.235285114813245855e+01 3.067946616181141906e+01 2.878952415663838948e+01 2.665296068232721893e+01 2.422255816716949539e+01 2.146650084941934722e+01 1.834998420674050124e+01 1.485785985047991531e+01 1.101754917560312563e+01 1.022326132467722459e+01 9.740346299699043087e+00 9.286015403887192932e+00 8.858698551278454403e+00
4.006930666559638254e+00 4.832808787459419442e+00 5.707243464534739630e+00 6.627488165410477805e+00 7.590606394661469913e+00 8.594637132207971320e+00 9.637663685641207678e+00 1.071720216211333820e+01 1.183237048440044603e+01 1.298114584929238546e+01 1.416237665157508197e+01 1.537433699474092208e+01 1.661666953343527808e+01 1.788721147963018154e+01 1.918561782586782982e+01 2.051103004520468076e+01 2.186151427366749189e+01 2.323721496660575525e+01 2.463643673427797864e+01 2.605949044248869839e+01 2.750495973414698270e+01 2.897183880929109634e+01 3.045939740797255624e+01 3.196684923019842373e+01 3.349523314294224718e+01 3.504255400621750738e+01 3.660798383417143498e+01 3.819083689722847197e+01 3.979189133205307627e+01 4.140936282927258105e+01 4.304228720587824597e+01 4.469112028159165817e+01 4.635455751119066292e+01 4.803208160727707821e+01 4.972253713142572451e+01 5.142372569427118378e+01 5.313660410052975891e+01 5.485740884099926973e+01 5.658632501647515767e+01 5.832113461730248360e+01 6.006051690243880614e+01 6.180179859969533140e+01 6.354515207634074869e+01 6.528799682981723151e+01 6.702835853383490416e+01 6.876659368705453801e+01 7.049844475260189824e+01 7.222414678645590413e+01 7.394036230201501780e+01 7.564616760787620819e+01 7.733781846042117536e+01 7.901225555400171174e+01 8.066427812767128103e+01 8.228715884352854459e+01 8.386679960947789425e+01 8.538193595549438442e+01 8.678123791574007839e+01 8.790244053242484767e+01 1.000000000000000000e+02 1.000000000000000000e+02 1.000000000000000000e+02 1.000000000000000000e+02 1.000000000000000000e+02 8.729984269717978407e+01 8.607109598273837037e+01 8.471983271811734539e+01 8.331764855335444508e+01 8.189387148254638760e+01 8.046422643537239594e+01 7.903657826411500764e+01 7.761459082375104401e+01 7.620499632383294397e+01 7.480866559768698210e+01 7.342658614277748086e+01 7.206091343660618520e+01 7.071384293251183806e+01 6.938527923910619677e+01 6.807652918255722341e+01 6.678709645676504181e+01 6.551949326019143882e+01 6.427307273870839310e+01 6.304953447823947954e+01 6.184829151408857228e+01 6.066931458371256269e+01 5.951456220294411281e+01 5.838163444998703255e+01 5.727270587829281823e+01 5.618866586523873252e+01 5.512893290347246023e+01 5.409306696808856429e+01 5.308575747514716880e+01 5.209736896966082043e+01 5.113179807351593098e+01 5.018724092954442995e+01 4.926541726614650685e+01 4.836320105831855187e+01 4.747928943699748316e+01 4.661237861154894091e+01 4.575778327466386486e+01 4.491576624952693209e+01 4.408362220706285939e+01 4.325324013184268779e+01 4.242005362757759457e+01 4.157772423981144527e+01 4.071743527183861744e+01 3.982979586720239240e+01 3.890692349503324010e+01 3.793125385451059373e+01 3.687989069852078217e+01 3.574260081980671089e+01 3.449203541548551044e+01 3.310083272150914269e+01 3.153742529829741770e+01 2.976121701989825752e+01 2.773797696115265410e+01 2.542159314616130317e+01 2.276265407773166061e+01 1.972949394734322226e+01 1.629181811895378118e+01 1.245874581301408313e+01 9.873031751449213189e+00 9.417027785613040436e+00 8.989539003640556913e+00 8.588708818065015294e+00
4.122660855191096374e+00 4.955556395116156310e+00 5.836799566544204509e+00 6.763137170863064540e+00 7.732576096135213461e+00 8.742745173673204917e+00 9.790825391528146682e+00 1.087615314546664891e+01 1.199669926520441265e+01 1.315075042182175480e+01 1.433649925790153645e+01 1.555445189648639825e+01 1.680138082810906752e+01 1.807669677878911330e+01 1.937938373822981575e+01 2.070863403799403457e+01 2.206364146017671857e+01 2.344320554299169501e+01 2.484633213718472433e+01 2.627246433560728178e+01 2.772054590109096495e+01 2.918980575544455291e+01 3.068034960480876450e+01 3.219001481087668992e+01 3.371992235495682166e+01 3.526766159955917601e+01 3.683304484504999010e+01 3.841634910042630224e+01 4.001523319371379728e+01 4.163095932578885083e+01 4.326216826484930777e+01 4.490733176090157031e+01 4.656690202456027805e+01 4.823906675081437356e+01 4.992405293314605785e+01 5.161965541862547724e+01 5.332641457753306469e+01 5.504179417994448897e+01 5.676489164093199236e+01 5.849501117318107646e+01 6.022970173803108196e+01 6.196826342541132959e+01 6.370857585277703095e+01 6.544951419864418085e+01 6.718896935963279304e+01 6.892504981839768163e+01 7.065753901235910917e+01 7.238344306300339781e+01 7.410026354996368525e+01 7.580732026217447128e+01 7.750042496811333592e+01 7.917652408962152322e+01 8.083035262056407078e+01 8.245367585387680265e+01 8.403419592389521142e+01 8.554611181672042619e+01 8.693219285007623398e+01 8.800426627337334651e+01 1.000000000000000000e+02 1.000000000000000000e+02 1.000000000000000000e+02 1.000000000000000000e+02 8.808279237670818418e+01 8.714492259948366382e+01 8.588041477759458076e+01 8.450735383216147056e+01 8.309013203103309309e+01 8.165398325885102793e+01 8.021222527722801487e+01 7.877330185198566426e+01 7.734263377837208964e+01 7.592323303256782197e+01 7.451662567955983718e+01 7.312604378177853448e+01 7.175213351115920091e+01 7.039729849419190089e+01 6.906150790020784314e+01 6.774509708231440186e+01 6.645067313003212917e+01 6.517770291154769779e+01 6.392692587959138706e+01 6.269903463479830918e+01 6.149378354386879408e+01 6.031242219280789385e+01 5.915695154923484012e+01 5.802608618415330000e+01 5.692050562488785204e+01 5.584256368474871124e+01 5.478685901605220465e+01 5.375607611096629768e+01 5.274789675920978738e+01 5.176750746422311522e+01 5.081157585880886529e+01 4.988038295636291508e+01 4.897514016554542593e+01 4.809252444598723031e+01 4.722885069064681574e+01 4.638467303405653297e+01 4.555803671899951723e+01 4.474835867149137414e+01 4.394625897182910279e+01 4.315292434889185103e+01 4.236531824467064666e+01 4.157259140370923944e+01 4.076898038088714316e+01 3.994411074213216750e+01 3.908674838435637611e+01 3.818581848015273295e+01 3.722377769594689312e+01 3.617556143055424656e+01 3.502442575015476223e+01 3.374003770042340022e+01 3.228968986823579712e+01 3.063655303234936866e+01 2.873116262442445645e+01 2.653496694902235475e+01 2.399073711102003159e+01 2.105736260645859659e+01 1.769476112568321113e+01 1.389257882426701052e+01 9.702109990941265139e+00 9.080863419611230114e+00 8.681504773261961461e+00 8.308637466780554703e+00
4.246612595857913064e+00 5.087055819038388549e+00 5.974971454202016474e+00 6.908138252009965896e+00 7.883757152945936042e+00 8.899644270916450495e+00 9.953753568577072386e+00 1.104440798078643127e+01 1.217012736359569480e+01 1.332934560271367097e+01 1.452050465871847962e+01 1.574248007921770309e+01 1.699384885467575401e+01 1.827337718208726969e+01 1.958035555384556403e+01 2.091376593540634587e+01 2.227302658329370999e+01 2.365609079284535099e+01 2.506241582633984422e+01 2.649168071871660501e+01 2.794280162700368919e+01 2.941502539726338483e+01 3.090758029071384172e+01 3.241887139678711094e+01 3.395031317547941541e+01 3.549920007171881764e+01 3.706506608213791765e+01 3.864840347174918378e+01 4.024679058715573632e+01 4.186127000934995834e+01 4.349040865695382507e+01 4.513270750991482316e+01 4.678898134310558277e+01 4.845794819664680375e+01 5.013829461361212481e+01 5.182874842289317741e+01 5.352981237343659160e+01 5.523944827197866658e+01 5.695714129598654552e+01 5.868123147985011201e+01 6.041081418417783766e+01 6.214345520977835235e+01 6.387922445351485834e+01 6.561698452053610708e+01 6.735418383698508649e+01 6.908894661844119867e+01 7.082066498034255631e+01 7.254459331073167050e+01 7.426148785007762854e+01 7.596989688004657637e+01 7.766448575505197027e+01 7.934205180147706926e+01 8.099790413149425206e+01 8.262310965337097457e+01 8.420358009190968573e+01 8.571220407802090335e+01 8.708538101263842179e+01 8.809325882008901942e+01 1.000000000000000000e+02 1.000000000000000000e+02 1.000000000000000000e+02 1.000000000000000000e+02 8.800624948353798516e+01 8.697604945637415597e+01 8.567830156241500106e+01 8.428455191520723133e+01 8.285085412532623650e+01 8.140111828549206052e+01 7.994758411775421791e+01 7.849740732457914305e+01 7.705560270906967446e+01 7.562586617673292722e+01 7.421048824322755877e+01 7.281071240688147839e+01 7.142771971293507249e+01 7.006407390641336974e+01 6.872013571443980595e+01 6.739669024792725338e+01 6.609449892697467988e+01 6.481473437058289733e+01 6.355815799866094551e+01 6.232429765334924809e+01 6.111541937785472811e+01 5.993130111736974897e+01 5.877225710805100789e+01 5.763878761964436137e+01 5.653148574582537123e+01 5.545030382158940085e+01 5.439408495591844428e+01 5.336735021752736685e+01 5.236842396081697615e+01 5.139529352939120344e+01 5.045175637394525836e+01 4.953058220984912907e+01 4.863180046476788476e+01 4.776277120875786153e+01 4.691350391588658653e+01 4.609207538298376505e+01 4.529037113510533175e+01 4.450559280678405827e+01 4.373618113938857732e+01 4.297938692371181446e+01 4.222950555685196150e+01 4.147877550401561564e+01 4.072760591122037965e+01 3.996165368903719894e+01 3.917003085922910799e+01 3.834004248242881374e+01 3.745636027649078414e+01 3.650313971525386592e+01 3.544850111611089716e+01 3.427100839349975558e+01 3.293600997544210429e+01 3.140439421589152857e+01 2.962919901850294835e+01 2.756062745848659645e+01 2.514594414206213813e+01 2.232489997010878113e+01 1.905639428050132267e+01 1.531037385456994748e+01 1.111601805482382943e+01 8.732163249300894492e+00 8.361824461219558913e+00 8.017924236812456584e+00
4.378760986080310502e+00 5.226496559089177651e+00 6.121635165056038552e+00 7.060844678426281718e+00 8.043208257603106759e+00 9.064675825952084764e+00 1.012454338473257565e+01 1.122087913980894847e+01 1.235190067977965889e+01 1.351570115829197150e+01 1.471190268414742697e+01 1.593839903460748708e+01 1.719419647569746701e+01 1.847846043311225372e+01 1.978951119696851180e+01 2.112639480094303934e+01 2.248917898227567136e+01 2.387580197406828830e+01 2.528535384866764701e+01 2.671739901003486040e+01 2.817122868385818535e+01 2.964589126058183410e+01 3.114050342813758832e+01 3.265410818023099182e+01 3.418686064695999249e+01 3.573665232313024376e+01 3.730342068076758721e+01 3.888678764417584688e+01 4.048547929433667036e+01 4.209916787050401865e+01 4.372725989281439496e+01 4.536834829013150738e+01 4.702167121338246858e+01 4.868756651072023800e+01 5.036451632990704042e+01 5.205139456872699100e+01 5.374828506412959683e+01 5.545300916811080327e+01 5.716638230191230008e+01 5.888531059605196560e+01 6.060982509206003499e+01 6.233817041523398217e+01 6.406982210906029707e+01 6.580305928164243312e+01 6.753602133782283090e+01 6.926804796271383680e+01 7.099613725595975211e+01 7.272003047615530136e+01 7.443694066609107551e+01 7.614446678132290458e+01 7.783978362638173110e+01 7.951827411684111269e+01 8.117519921106263325e+01 8.280120446984760463e+01 8.438177213303673341e+01 8.588530515691277856e+01 8.724003140923286992e+01 8.815827793874545648e+01 1.000000000000000000e+02 1.000000000000000000e+02 1.000000000000000000e+02 1.000000000000000000e+02 8.790131290162123889e+01 8.679664972609860740e+01 8.546851779046613728e+01 8.405437838348754553e+01 8.260387262619870796e+01 8.114031948319795617e+01 7.967473763809462639e+01 7.821350651558050515e+01 7.676107530304619786e+01 7.532064651795566590e+01 7.389377583205774158e+01 7.248479188152319352e+01 7.109279075479032883e+01 6.972006788069025163e+01 6.836658588795305036e+01 6.703414686805555789e+01 6.572471720864636779e+01 6.443724874803389469e+01 6.317350843285674244e+01 6.193364430169279444e+01 6.071898964294919665e+01 5.952940680445190935e+01 5.836571177733840443e+01 5.722857233832787927e+01 5.611906307934169291e+01 5.503619269290561533e+01 5.398131118642999127e+01 5.295492157363561603e+01 5.195562291792299447e+01 5.098553886365071719e+01 5.004290112562952686e+01 4.913110090536225982e+01 4.824584243774287273e+01 4.738937325901449782e+01 4.655807568046709122e+01 4.574768576235994999e+01 4.496606410036402224e+01 4.420392187188342348e+01 4.346123929372504335e+01 4.273643184595057676e+01 4.202202424362737787e+01 4.131451481282837079e+01 4.060742148755953451e+01 3.989285878458523626e+01 3.916217668496258852e+01 3.840150135068659409e+01 3.759496767472275991e+01 3.672358600837317510e+01 3.577012154857326465e+01 3.469655735851351608e+01 3.347690516660099291e+01 3.206921902663789581e+01 3.042782638222888281e+01 2.849402566651025737e+01 2.621603336144811180e+01 2.352415346055646239e+01 2.036757796215473704e+01 1.670192969331099064e+01 1.253220305320038541e+01 8.371052566521663962e+00 8.030788437882574016e+00 7.716802024205826172e+00
4.519172572037399860e+00 5.373943857774476918e+00 6.276030288065514995e+00 7.222299937117360180e+00 8.210593990480607118e+00 9.238114718892653343e+00 1.030394576380530047e+01 1.140545590858066305e+01 1.254143797506608315e+01 1.371052999315884868e+01 1.491117065800858832e+01 1.614221489121054987e+01 1.740210859769469920e+01 1.869028460246421375e+01 2.000530052396910463e+01 2.134614170655780896e+01 2.271218046602263740e+01 2.410222820450084313e+01 2.551477369658093863e+01 2.695005863760770026e+01 2.840612887126817654e+01 2.988341414068740320e+01 3.138012168690679360e+01 3.289550440991850877e+01 3.442908459104406660e+01 3.598034539691558109e+01 3.754835574581402113e+01 3.913205057198814529e+01 4.073093067286628610e+01 4.234435705979527143e+01 4.397152677803508425e+01 4.561145040298851683e+01 4.726391862064763671e+01 4.892763571719809335e+01 5.060231344233820039e+01 5.228586488361877116e+01 5.398011725652906989e+01 5.568179401586674970e+01 5.739077463129780199e+01 5.910557681022767440e+01 6.082613176694160728e+01 6.255016312956684743e+01 6.427844361527125727e+01 6.600760658682516180e+01 6.773681962642916687e+01 6.946640858990021172e+01 7.119213711696464486e+01 7.291409020117735906e+01 7.462948761554346788e+01 7.633559384375264756e+01 7.803116709043328569e+01 7.971009135321558858e+01 8.136612155782492550e+01 8.299156911568945816e+01 8.456954589791602928e+01 8.606617530474338196e+01 8.739911072196177599e+01 1.000000000000000000e+02 1.000000000000000000e+02 1.000000000000000000e+02 1.000000000000000000e+02 1.000000000000000000e+02 8.777529367816157446e+01 8.660762518650611241e+01 8.524894636621878874e+01 8.381591833271964731e+01 8.235246624635999524e+01 8.087573221309186522e+01 7.939779994489666137e+01 7.792495237561251997e+01 7.646162160270176855e+01 7.501114081414033308e+01 7.357469767115769343e+01 7.215495978766489316e+01 7.075494586587019796e+01 6.937281922367681375e+01 6.801060955914101669e+01 6.666842284596179979e+01 6.534853108413867062e+01 6.405289494287636387e+01 6.278066502711465802e+01 6.153372173293525549e+01 6.031178976001154979e+01 5.911545142014831100e+01 5.794655152260750697e+01 5.680429518682981183e+01 5.569007642850660744e+01 5.460432412116292511e+01 5.354728571195673936e+01 5.251933695714841122e+01 5.152048588872096957e+01 5.055286741839700682e+01 4.961385433732186101e+01 4.870456398833687217e+01 4.782558160173579154e+01 4.697445768989236825e+01 4.615471311868493132e+01 4.536263671391493091e+01 4.459695285402952436e+01 4.385404349147700032e+01 4.313443417393637702e+01 4.243617670724163560e+01 4.175219295443547196e+01 4.108289896689834819e+01 4.041786500529277504e+01 3.975231750428835653e+01 3.907216894756544434e+01 3.837686405305422710e+01 3.764293900931456704e+01 3.685425017149812277e+01 3.598841615299994601e+01 3.502245164440819281e+01 3.391447499368042173e+01 3.263115871942180490e+01 3.112286445414058633e+01 2.933427996961550832e+01 2.719755779742787283e+01 2.464853602774718055e+01 2.161970285879659670e+01 1.805572241930969568e+01 1.393851949606250784e+01 9.330042760922863110e+00 7.688414517114550151e+00 7.405788200053864401e+00
4.665979201705861001e+00 5.529016936290354067e+00 6.438311047181421998e+00 7.392121142159058245e+00 8.385898698213612334e+00 9.419883790436545112e+00 1.049097488982772042e+01 1.159763588343473195e+01 1.273877634344945342e+01 1.391272451582290515e+01 1.511793213762667776e+01 1.635311177672701533e+01 1.761795221627480146e+01 1.890980281441938615e+01 2.022861549976321527e+01 2.157335879439449400e+01 2.294230857454541095e+01 2.433539907677131353e+01 2.575120642896083822e+01 2.718906995905210522e+01 2.864808410854519138e+01 3.012757852979192208e+01 3.162614385383364279e+01 3.314367122788871711e+01 3.467866564579886557e+01 3.623105447723431638e+01 3.779981270255567694e+01 3.938449665241002862e+01 4.098328166604166967e+01 4.259637221340562263e+01 4.422369488169185558e+01 4.586323758547424490e+01 4.751463044380076184e+01 4.917702783116991583e+01 5.084976784329071364e+01 5.253235730660260572e+01 5.422349062694429023e+01 5.592255482025191071e+01 5.762846490394507271e+01 5.934098911204497284e+01 6.105808908354144648e+01 6.277905393341492157e+01 6.450342629732557498e+01 6.622969463575441296e+01 6.795630613711438173e+01 6.968218753112746811e+01 7.140608489451561525e+01 7.312485340144527868e+01 7.483949641440395339e+01 7.654439961241649826e+01 7.823806612689352846e+01 7.991560147546734072e+01 8.157084876238842241e+01 8.319373609887288978e+01 8.476919409876961709e+01 8.625459320863878077e+01 8.756013054696664710e+01 1.000000000000000000e+02 1.000000000000000000e+02 1.000000000000000000e+02 1.000000000000000000e+02 1.000000000000000000e+02 8.763161301111126988e+01 8.641023210212794936e+01 8.502517891386627014e+01 8.357548692344781216e+01 8.209728313756879459e+01 8.060914480035170016e+01 7.912013202289566038e+01 7.763683382619402096e+01 7.616270622954196767e+01 7.470131468283997833e+01 7.325501030361567700e+01 7.182510661876114000e+01 7.041339301168176235e+01 6.902108609184922727e+01 6.764922497351439290e+01 6.629780717205420615e+01 6.496990502743378215e+01 6.366470349438522192e+01 6.238698235347251142e+01 6.113155180431027702e+01 5.990233662948148918e+01 5.869880042581946356e+01 5.752017161894100639e+01 5.637231552135511237e+01 5.525269864051131918e+01 5.416200639883832224e+01 5.310136133556697757e+01 5.207051295941760571e+01 5.107024233035695460e+01 5.010153048159499178e+01 4.916342681748062660e+01 4.825695978041449052e+01 4.738150464824352071e+01 4.653764239140587478e+01 4.572463584183211793e+01 4.494015682768226583e+01 4.418816692128081058e+01 4.346399894513834994e+01 4.276558953580554601e+01 4.208884845124010354e+01 4.143239857044255103e+01 4.079425495228498022e+01 4.016764084024821813e+01 3.954439456180580947e+01 3.891825563760743734e+01 3.827435373698695287e+01 3.760862208501832527e+01 3.689699693925052770e+01 3.611832587252531113e+01 3.524831225060726325e+01 3.425518906558721000e+01 3.309198815929196513e+01 3.171776554317551344e+01 3.007318764238228326e+01 2.808752820505545600e+01 2.569310321271050057e+01 2.280484829227900079e+01 1.936231126679959402e+01 1.532210901539106018e+01 1.071880022794177201e+01 7.334921172804243383e+00 7.084434700784880690e+00
4.820725846207507104e+00 5.691315118256456529e+00 6.608304672473009234e+00 7.567855029830672819e+00 8.568617133435829203e+00 9.608552467331577418e+00 1.068574059708817714e+01 1.179836675903493948e+01 1.294406226906625790e+01 1.412251358102810705e+01 1.533281167216460261e+01 1.657222475355080249e+01 1.784065905826875920e+01 1.913672158538568624e+01 2.045923486524223733e+01 2.180741902351206463e+01 2.317999351560624532e+01 2.457581025681261266e+01 2.599446641676188463e+01 2.743503830316527115e+01 2.889632129522173898e+01 3.037849259748057662e+01 3.187845608419044297e+01 3.339819575185249079e+01 3.493457261186379270e+01 3.648855342188011974e+01 3.805873125781477029e+01 3.964339491367434221e+01 4.124364544030881774e+01 4.285640380893237733e+01 4.448330056204829219e+01 4.612282637427897924e+01 4.777325588950967727e+01 4.943527624315293423e+01 5.110693041089877653e+01 5.278702191754946682e+01 5.447697683429800009e+01 5.617410795264614620e+01 5.787777417849646611e+01 5.958731566003192626e+01 6.130238903667284234e+01 6.302132752561131213e+01 6.474256451223413933e+01 6.646627043437818827e+01 6.819025246858568323e+01 6.991407471353964809e+01 7.163478889231669200e+01 7.335207869666997738e+01 7.506399878429684236e+01 7.676731077081623766e+01 7.845903386845985494e+01 8.013501964533091382e+01 8.178845072378645398e+01 8.340879903819062235e+01 8.497623926989238896e+01 8.645043924064576402e+01 8.772041928300380675e+01 1.000000000000000000e+02 1.000000000000000000e+02 1.000000000000000000e+02 1.000000000000000000e+02 1.000000000000000000e+02 8.747350693754181350e+01 8.620744628369760676e+01 8.479782828340648848e+01 8.333240096161773636e+01 8.184125400508062853e+01 8.034136794902082102e+01 7.884260239374910384e+01 7.734844867618397757e+01 7.586487967777262043e+01 7.439347213618314925e+01 7.293792008064798438e+01 7.149864518453367168e+01 7.007641940969043048e+01 6.867395634380399372e+01 6.729277307161734711e+01 6.593236600544486237e+01 6.459505914484304867e+01 6.328104999325486801e+01 6.199068295188183697e+01 6.072626589529945562e+01 5.948807574534416176e+01 5.827666224029248809e+01 5.709378565840714970e+01 5.593997832200012965e+01 5.481379617129474724e+01 5.371717734183179260e+01 5.264898716366178633e+01 5.161399039416848211e+01 5.061018451297850618e+01 4.963913699428395176e+01 4.869962544659417603e+01 4.779369504077057940e+01 4.692028581247199526e+01 4.607938497899877461e+01 4.527234863162319556e+01 4.449743348392875220e+01 4.375361106406842282e+01 4.303931678933395943e+01 4.235744903183288557e+01 4.170299693524015794e+01 4.107215738561416174e+01 4.045924526739418070e+01 3.986538160496859717e+01 3.927904337540893209e+01 3.869928061856538903e+01 3.811251202141887973e+01 3.750279768425232163e+01 3.686020281291839495e+01 3.616387658419814244e+01 3.538565306736443006e+01 3.449686792670202351e+01 3.345835172425075399e+01 3.221336180703251273e+01 3.071310837859308052e+01 2.888576154328321621e+01 2.664764488896267380e+01 2.391645724269845275e+01 2.061312533679694425e+01 1.667537261609998112e+01 1.210934192472200621e+01 7.063538453676820872e+00 6.752828752672257906e+00
4.982391752165183263e+00 5.861272605979439554e+00 6.785400812509212898e+00 7.751865998704254856e+00 8.759333823121718154e+00 9.804946539518866189e+00 1.088778883036585299e+01 1.200521162914466267e+01 1.315664262513955762e+01 1.433996346206781780e+01 1.555467503407655983e+01 1.679797002410018436e+01 1.807128331675300714e+01 1.937131773796149048e+01 2.069717730088512653e+01 2.204818376645543054e+01 2.342416004283224140e+01 2.482355778827282222e+01 2.624496840847480073e+01 2.768805957742466006e+01 2.915181091772888067e+01 3.063552380216244586e+01 3.213826785351307080e+01 3.365925959866580541e+01 3.519778864674309915e+01 3.675257162147865841e+01 3.832360538314421206e+01 3.990958307701598784e+01 4.150975771169296280e+01 4.312374383079624351e+01 4.475087528716916552e+01 4.638968553214727564e+01 4.804019069663010555e+01 4.970128589301229027e+01 5.137195223675099243e+01 5.305198813601334962e+01 5.473992993867467050e+01 5.643586673231655482e+01 5.813720053878617477e+01 5.984572260087206530e+01 6.155824901999360321e+01 6.327438290754025019e+01 6.499416295858439696e+01 6.671566978959980077e+01 6.843704436648268086e+01 7.015849381972469700e+01 7.187787262446056502e+01 7.359248850250065743e+01 7.530179364681298182e+01 7.700365147694461143e+01 7.869338653058774469e+01 8.036696685860846401e+01 8.201698944287691972e+01 8.363272675780919485e+01 8.519319220755465949e+01 8.665278276337376440e+01 8.787637652545403455e+01 1.000000000000000000e+02 1.000000000000000000e+02 1.000000000000000000e+02 1.000000000000000000e+02 8.821374092881049478e+01 8.730254316782790625e+01 8.599558488476165508e+01 8.456708842019645544e+01 8.308665454025752695e+01 8.158477848529871324e+01 8.007450095528952261e+01 7.856521844967127777e+01 7.706235739739950930e+01 7.557030149120089391e+01 7.409123842932052639e+01 7.262400955744297448e+01 7.117505919061343889e+01 6.974415209404214977e+01 6.833225435016373694e+01 6.694106083225585735e+01 6.557171823665429145e+01 6.422471606843700442e+01 6.290064831320871974e+01 6.160242425046567405e+01 6.032770159071930749e+01 5.908072815255839316e+01 5.786047249792240876e+01 5.666802282048328721e+01 5.550449653027988006e+01 5.437056348202410305e+01 5.326666119249942000e+01 5.219665281235950260e+01 5.115661562018648567e+01 5.014826728105854414e+01 4.917057747241452148e+01 4.822877592291327886e+01 4.732107277012374169e+01 4.644759933004558405e+01 4.560808766110702095e+01 4.480392483083114286e+01 4.403338323821049016e+01 4.329757071651235378e+01 4.259468381992934383e+01 4.192407092082605402e+01 4.128275870974920991e+01 4.067218207913450811e+01 4.008662308939513252e+01 3.951949924213668908e+01 3.896865679425802398e+01 3.842670461862629594e+01 3.788651675909316907e+01 3.733382206034641371e+01 3.675503455040961853e+01 3.613199402901233981e+01 3.544179175992143627e+01 3.465137598034804256e+01 3.372586982989621873e+01 3.261299769919004632e+01 3.125641994338021945e+01 2.958555622424563580e+01 2.751230298039262223e+01 2.495101100571892516e+01 2.180042195472631050e+01 1.798885486730877759e+01 1.348964525650219137e+01 8.401221518089506901e+00 6.412078628407924086e+00
5.151403331535808761e+00 6.038159355026950337e+00 6.969761518971495207e+00 7.943231224645219690e+00 8.957058220516112002e+00 1.000908277391581080e+01 1.109736912267091924e+01 1.222027047837205238e+01 1.337663615053903499e+01 1.456481197229149060e+01 1.578405141456620342e+01 1.703247275876990230e+01 1.830863726844744832e+01 1.961277542852318945e+01 2.094251929489295705e+01 2.229738207389854310e+01 2.367597096893009478e+01 2.507826450663511864e+01 2.650221186095274106e+01 2.794829345020365352e+01 2.941427822516662260e+01 3.090066498309118614e+01 3.240512781602716785e+01 3.392757667873801353e+01 3.546758225086284000e+01 3.702391613892912403e+01 3.859592332854401064e+01 4.018298321177147159e+01 4.178370312422445920e+01 4.339814552764390498e+01 4.502578950096805954e+01 4.666455823142913317e+01 4.831386288184991429e+01 4.997543951606103008e+01 5.164541529766351147e+01 5.332379720495643483e+01 5.501172983139836958e+01 5.670605585180510388e+01 5.840672117466510116e+01 6.011317968434255476e+01 6.182409095693577683e+01 6.353882399752772869e+01 6.525674734424174517e+01 6.697559083391382728e+01 6.869587247129159380e+01 7.041468852714061200e+01 7.213134963832153801e+01 7.384448665523173361e+01 7.555279707657017241e+01 7.725133902086547266e+01 7.893882484171793124e+01 8.060951140341225596e+01 8.225634207423368593e+01 8.386639514127455186e+01 8.541848107176869576e+01 8.685790367852001737e+01 8.802457934266080031e+01 1.000000000000000000e+02 1.000000000000000000e+02 1.000000000000000000e+02 1.000000000000000000e+02 8.815084170242879225e+01 8.712050141470662368e+01 8.577969439415478803e+01 8.433208639052374167e+01 8.283902661615168483e+01 8.132655709712184944e+01 7.980724917517632377e+01 7.828942749436897941e+01 7.677818018319946702e+01 7.527645524345180661e+01 7.378874665653046350e+01 7.231457864602725749e+01 7.085698123715100394e+01 6.941706932870017965e+01 6.799716629423791403e+01 6.659709272771358712e+01 6.521771417525314973e+01 6.386144776915803334e+01 6.252792561221809109e+01 6.121945688175051004e+01 5.993687746269505823e+01 5.868005555483537705e+01 5.745066878240932340e+01 5.624858856830006459e+01 5.507679623644439459e+01 5.393478716074844215e+01 5.282294573765440049e+01 5.174289315841700443e+01 5.069529264734260465e+01 4.968118352559186235e+01 4.870278316998394530e+01 4.775687814224551886e+01 4.684506268337468526e+01 4.596826129037256692e+01 4.512842454636978573e+01 4.432494842291590231e+01 4.355756672669526353e+01 4.282620468111435486e+01 4.213021907218280404e+01 4.146919596454339541e+01 4.084095433533839525e+01 4.024291554613421340e+01 3.967833171475096066e+01 3.913856568221054744e+01 3.861803588155693490e+01 3.810993661627801998e+01 3.761088119051611045e+01 3.710815239990314041e+01 3.658854535124411456e+01 3.603267791531422404e+01 3.542213716095574938e+01 3.472718996093314558e+01 3.390827333814366540e+01 3.292209189088516297e+01 3.170476510551707605e+01 3.018887614679499620e+01 2.828519960394099186e+01 2.589837288429988149e+01 2.291709640350869748e+01 1.925225994377571936e+01 1.484858183795969566e+01 9.758807981734673120e+00 6.062053624025153908e+00
5.327554092117326334e+00 6.222347086418967166e+00 7.161352085468530859e+00 8.141978938864946613e+00 9.162172680354851551e+00 1.022019210084418361e+01 1.131448421172872543e+01 1.244284771047380289e+01 1.360450461432820646e+01 1.479733077456305601e+01 1.602084258045179865e+01 1.727349446509434117e+01 1.855422559777387548e+01 1.986149465864979291e+01 2.119491289598744999e+01 2.255306955823147419e+01 2.393461146726224698e+01 2.533989594405546697e+01 2.676710440370826305e+01 2.821546703614774643e+01 2.968374618557173505e+01 3.117174563260989117e+01 3.267834436496189454e+01 3.420264271999001693e+01 3.574449047338149654e+01 3.730190065575934710e+01 3.887521574708267025e+01 4.046313805610216718e+01 4.206499014841524087e+01 4.368053618160552531e+01 4.530734369801735539e+01 4.694677747810393953e+01 4.859707000415727407e+01 5.025677533679795772e+01 5.192660802863346703e+01 5.360496867969815327e+01 5.529107742818926141e+01 5.698538718217398724e+01 5.868517571648723674e+01 6.038987818503066762e+01 6.209877674879166420e+01 6.381228202361485558e+01 6.552818981205103910e+01 6.724590675357913483e+01 6.896361525184056518e+01 7.068111896755708301e+01 7.239633711941037575e+01 7.410684745647637328e+01 7.581239607673630587e+01 7.750905012846227748e+01 7.919352821871375170e+01 8.086188173506650401e+01 8.250462096593882677e+01 8.410858738818352265e+01 8.564845376226811879e+01 8.706609706169319907e+01 8.815711452896405831e+01 1.000000000000000000e+02 1.000000000000000000e+02 1.000000000000000000e+02 1.000000000000000000e+02 8.804645994990896440e+01 8.692841695951211989e+01 8.555749732698596688e+01 8.409381362013344585e+01 8.258942606662584751e+01 8.106747458732553469e+01 7.954032546538353188e+01 7.801504749647827452e+01 7.649667389227916203e+01 7.498783328844579898e+01 7.349113458952098199e+01 7.200993741529602232e+01 7.054398117387299294e+01 6.909599544890654954e+01 6.766694125277734884e+01 6.625850019524230561e+01 6.487066957870540307e+01 6.350573039431406386e+01 6.216340091951207114e+01 6.084572791123804336e+01 5.955328876815251249e+01 5.828745127142394011e+01 5.704904996253669935e+01 5.583804002201478056e+01 5.465712602688743971e+01 5.350600935784949286e+01 5.238543772254364939e+01 5.129718767309893224e+01 5.024176415829033715e+01 4.921964109383817032e+01 4.823273688907345758e+01 4.728056292962639162e+01 4.636714917705272399e+01 4.548878762313116653e+01 4.464690776388658122e+01 4.383924352203252539e+01 4.307284647683481182e+01 4.234403093205105506e+01 4.165274789821691570e+01 4.099859453577884238e+01 4.038080523455616344e+01 3.979735211716305088e+01 3.924623345971365040e+01 3.872473178177649800e+01 3.823127294213498573e+01 3.775544911691098804e+01 3.729289350604020115e+01 3.683344549727912920e+01 3.636702785174694696e+01 3.587490077411257516e+01 3.533492260670251284e+01 3.472738859739087047e+01 3.401107920229616610e+01 3.314202761226462712e+01 3.206435906993636564e+01 3.069896529046000211e+01 2.896738287487151808e+01 2.675696223713427457e+01 2.395752684162317792e+01 2.045749895684044617e+01 1.617535887581043141e+01 1.112296468090173640e+01 5.703482769995660284e+00
5.510481473765905136e+00 6.413820914386326066e+00 7.360233388210668082e+00 8.347951447264012614e+00 9.374921268186675150e+00 1.043897087191667516e+01 1.153866108553596170e+01 1.267292579671222086e+01 1.383928637263266381e+01 1.503706365759032160e+01 1.626515792533348304e+01 1.752226866174877529e+01 1.880671161076233844e+01 2.011798856890925080e+01 2.145496988987206777e+01 2.281635994780172183e+01 2.420146354402348265e+01 2.560924491041976125e+01 2.703917072022879964e+01 2.848994930301592632e+01 2.996085351770091521e+01 3.145070518616035571e+01 3.295961285473165958e+01 3.448515363760519392e+01 3.602848472415281833e+01 3.758724242217722633e+01 3.916195920825332877e+01 4.075047121026889130e+01 4.235314224593172838e+01 4.396810607343848432e+01 4.559697482590566864e+01 4.723647121907406188e+01 4.888635377109878988e+01 5.054683249645961496e+01 5.221567366087784023e+01 5.389380461356394392e+01 5.557880062872786198e+01 5.727230668543398195e+01 5.897110195110855102e+01 6.067479894009048991e+01 6.238352635428554294e+01 6.409508602319417037e+01 6.580958863907106604e+01 6.752502587278263491e+01 6.924124473516378941e+01 7.095623733405777500e+01 7.266994823771790379e+01 7.437933562604037263e+01 7.608230477745401288e+01 7.777602599486560564e+01 7.945862131597861833e+01 8.112171316196130988e+01 8.276056985390943055e+01 8.435735191156832968e+01 8.588603650547406687e+01 8.727497422908933800e+01 8.826103874610518574e+01 1.000000000000000000e+02 1.000000000000000000e+02 1.000000000000000000e+02 1.000000000000000000e+02 8.791466003140033081e+01 8.672727978351744582e+01 8.533008811015270112e+01 8.385197617644431034e+01 8.233802405933238333e+01 8.080756846937997295e+01 7.927369366218496793e+01 7.774126399886111471e+01 7.621636188083324726e+01 7.470067776936255655e+01 7.319838837147773347e+01 7.170902944428172532e+01 7.023687205627801688e+01 6.878127698107067545e+01 6.734438771704851945e+01 6.592804989894287360e+01 6.453199721995743232e+01 6.315749318411687341e+01 6.180741163952886552e+01 6.048116945508918718e+01 5.917979105622141134e+01 5.790412008343322015e+01 5.665692913651373175e+01 5.543864798281801143e+01 5.424605798317401195e+01 5.308567426970911640e+01 5.195646921371744043e+01 5.085935148432385233e+01 4.979507673062505546e+01 4.876555357654493150e+01 4.777088267289351364e+01 4.681204210166312407e+01 4.588992663571321629e+01 4.500536113774568037e+01 4.416177940136529401e+01 4.335503933128350695e+01 4.258740934072451267e+01 4.185603355676702364e+01 4.116700379721535086e+01 4.051725997789544920e+01 3.990604091764311789e+01 3.933264044512987567e+01 3.879479781419211548e+01 3.829031260064257225e+01 3.781525527448628310e+01 3.736916463760969975e+01 3.693725718839415606e+01 3.651914671971141502e+01 3.609840340873069664e+01 3.566287451197469238e+01 3.519289175829188565e+01 3.466103043381905024e+01 3.404027495683067173e+01 3.328150745464704130e+01 3.233295642514180201e+01 3.111881288697020409e+01 2.955344914853922234e+01 2.752677166518270369e+01 2.492007223043859554e+01 2.159735652296911468e+01 1.745944566816162080e+01 1.248129361710867968e+01 6.846253175446626038e+00
5.700994932320224251e+00 6.612373852788944184e+00 7.566598981422679060e+00 8.561176429247641551e+00 9.594992369085087347e+00 1.066499152785308446e+01 1.177077504846171152e+01 1.291008151248736979e+01 1.408194318158149017e+01 1.528440425618222775e+01 1.651710736425127024e+01 1.777818843918517189e+01 1.906669213244627059e+01 2.038201061983946261e+01 2.172228041883711569e+01 2.308688565929766412e+01 2.447531126447112371e+01 2.588602856278627939e+01 2.731838085949319606e+01 2.877148171483703365e+01 3.024449715643358161e+01 3.173723550882232658e+01 3.324750692044372613e+01 3.477537093720178518e+01 3.631967606724784048e+01 3.788026407839283394e+01 3.945605853301581334e+01 4.104550229264562233e+01 4.264907331270356394e+01 4.426498713305444710e+01 4.589341737600405224e+01 4.753326061065808972e+01 4.918347595815456685e+01 5.084388923011001538e+01 5.251234174174241787e+01 5.419000675402961065e+01 5.587521419397044298e+01 5.756703990615200439e+01 5.926533521675993654e+01 6.096780995018824711e+01 6.267514552320727717e+01 6.438523753909063885e+01 6.609874080312765443e+01 6.781303280153075264e+01 6.952736113347567937e+01 7.124167772300695844e+01 7.295226083488024926e+01 7.465953196210146814e+01 7.636036526807367864e+01 7.805192018047577562e+01 7.973075237670272486e+01 8.139103266210022980e+01 8.302424876675769383e+01 8.461311754526636264e+01 8.612630808584498254e+01 8.748265669718561810e+01 1.000000000000000000e+02 1.000000000000000000e+02 1.000000000000000000e+02 1.000000000000000000e+02 1.000000000000000000e+02 8.776060299636682771e+01 8.651728944921050868e+01 8.509688880479244233e+01 8.360653781470350054e+01 8.208270431603801853e+01 8.054582794128621970e+01 7.900558500590332756e+01 7.746812464852206404e+01 7.593706255520082493e+01 7.441675591008656454e+01 7.290790146558533991e+01 7.141266138800865804e+01 6.993384496909254722e+01 6.847167523204275597e+01 6.702837342776567198e+01 6.560427363843967896e+01 6.420119115988191538e+01 6.281926265286619326e+01 6.146008100877866553e+01 6.012548415674980617e+01 5.881545212857219695e+01 5.753109152741225074e+01 5.627457642082072198e+01 5.504486323898854039e+01 5.384551899179439260e+01 5.267633888042593071e+01 5.153970894336471531e+01 5.043120840957182338e+01 4.935843063897652172e+01 4.832018851760248168e+01 4.731699708366245716e+01 4.635021093499665312e+01 4.542109490209357148e+01 4.453023681706314818e+01 4.367801565864188973e+01 4.286569481033859574e+01 4.209805538644341993e+01 4.136823238121895230e+01 4.067703814512127281e+01 4.002890667745474218e+01 3.942232171179621503e+01 3.885595781917745484e+01 3.832842076155923650e+01 3.783790715860568810e+01 3.738104501209937069e+01 3.695307670715150294e+01 3.655390730359528106e+01 3.616700709337140296e+01 3.579021255471994323e+01 3.540396872562533304e+01 3.499550091630668902e+01 3.453870147371082311e+01 3.400221956272696389e+01 3.334944959962973599e+01 3.252186116337726673e+01 3.145387371446311064e+01 3.004979795374751461e+01 2.820978167339631781e+01 2.579417956098088993e+01 2.266566319950911179e+01 1.869649318940953719e+01 1.382227521484917787e+01 8.158028379116743167e+00
5.899034394209468068e+00 6.818277252018589252e+00 7.780223440703482041e+00 8.782247763091532988e+00 9.822268038120485656e+00 1.089870861519272083e+01 1.201023041818693926e+01 1.315519591848585179e+01 1.433200929916585942e+01 1.553953892263239034e+01 1.677674848701675714e+01 1.804216849132981437e+01 1.933450951189025346e+01 2.065346892222121866e+01 2.199719544854791309e+01 2.336518095729022093e+01 2.475618873956272381e+01 2.617016867507645372e+01 2.760571553727741900e+01 2.906072924192649864e+01 3.053628300969456433e+01 3.203065806415903438e+01 3.354305810576564539e+01 3.507250802672324852e+01 3.661830696561096943e+01 3.818017221420585372e+01 3.975688208231904497e+01 4.134768687483363436e+01 4.295198109131257524e+01 4.456858828448693544e+01 4.619803098754160686e+01 4.783720930861829856e+01 4.948799207934666811e+01 5.114825448107611550e+01 5.281720336311652630e+01 5.449441091761756439e+01 5.617877648235125321e+01 5.787020724133628136e+01 5.956719554820112705e+01 6.126884726712480500e+01 6.297512864908826202e+01 6.468462993872367406e+01 6.639659466037124957e+01 6.810957712395230601e+01 6.982254302188755446e+01 7.153412993873450887e+01 7.324338763894763815e+01 7.494819902855394389e+01 7.664628166155837619e+01 7.833553150921596853e+01 8.001073250646967949e+01 8.166683591492795813e+01 8.329448373358502522e+01 8.487364810159473905e+01 8.637075109142526230e+01 8.768579157652786193e+01 1.000000000000000000e+02 1.000000000000000000e+02 1.000000000000000000e+02 1.000000000000000000e+02 1.000000000000000000e+02 8.758903624066010707e+01 8.629794449877226725e+01 8.485829193789642488e+01 8.335628580190758896e+01 8.182568266277546343e+01 8.028324232763135626e+01 7.873751390645955439e+01 7.719477764150721555e+01 7.565935205823306831e+01 7.413339736462314988e+01 7.262005935022027359e+01 7.111998223011521247e+01 6.963538427067832970e+01 6.816771863247015517e+01 6.671780940335101207e+01 6.528709231236322807e+01 6.387672580072847239e+01 6.248824837036220003e+01 6.112211677799626131e+01 5.977925270929065249e+01 5.846139397399257120e+01 5.716867694342566608e+01 5.590319516569013558e+01 5.466517884333110544e+01 5.345625604197390146e+01 5.227742204947652027e+01 5.112952427266439770e+01 5.001618409155030776e+01 4.893295897717913334e+01 4.788440644628704490e+01 4.687244692129094403e+01 4.589717038506925206e+01 4.496002546068993411e+01 4.406155052126558758e+01 4.320303847809168474e+01 4.238527273843956067e+01 4.160888634574746447e+01 4.087770259292506125e+01 4.018778531331516035e+01 3.954085366913794530e+01 3.893370391218333992e+01 3.837134500269229420e+01 3.785104319240971904e+01 3.737095279094530298e+01 3.692887056176557081e+01 3.652096282184703568e+01 3.614142339809070847e+01 3.578914133852626378e+01 3.544580573691867897e+01 3.510909263440746031e+01 3.475133546676261176e+01 3.436222178648581149e+01 3.390602014687335952e+01 3.334805710621267849e+01 3.263508496094015499e+01 3.170264897723452791e+01 3.045956246560432845e+01 2.879860166063938820e+01 2.658174896917261520e+01 2.365750988151902234e+01 1.987587873115514014e+01 1.513534791630605270e+01 9.488094552518255398e+00
6.104263578746560448e+00 7.032044061189591133e+00 8.001358663416514361e+00 9.010615639223962248e+00 1.005706834770964164e+01 1.113994556947958081e+01 1.225738655614395611e+01 1.340755938021943550e+01 1.458956411856881985e+01 1.580161408163604975e+01 1.704350677011874282e+01 1.831287630037393654e+01 1.960995906420875912e+01 2.093232957689508211e+01 2.227950604807010748e+01 2.365125577058515560e+01 2.504527386378251208e+01 2.646205678240809434e+01 2.789984861022989548e+01 2.935768086405491317e+01 3.083532409074948433e+01 3.233140457555260383e+01 3.384580216510276784e+01 3.537716106307252772e+01 3.692432670753294133e+01 3.848752507702057102e+01 4.006539620999959084e+01 4.165739423095027405e+01 4.326193797091533355e+01 4.487959411532717269e+01 4.650882984443471457e+01 4.814950573990282123e+01 4.980000526615634726e+01 5.146005065341745421e+01 5.312917694828635717e+01 5.480544469833681376e+01 5.649015650367699237e+01 5.818067625550720123e+01 5.987628086562754248e+01 6.157758559176750168e+01 6.328322493996631692e+01 6.499146937907268295e+01 6.670133347386314426e+01 6.841300149497303096e+01 7.012484956194782626e+01 7.183432958621175146e+01 7.354187721625142160e+01 7.524418631159390713e+01 7.694082022430261247e+01 7.862708313870217580e+01 8.029850346466589883e+01 8.195058593156964832e+01 8.357005314313758504e+01 8.513980922042220811e+01 8.661632582563447613e+01 8.788220672569327974e+01 1.000000000000000000e+02 1.000000000000000000e+02 1.000000000000000000e+02 1.000000000000000000e+02 8.831536797932825777e+01 8.740141074994403425e+01 8.607160953218267707e+01 8.461378510381510409e+01 8.310253595180850539e+01 8.156410847365060590e+01 8.001676939942949218e+01 7.846699133167922469e+01 7.692048687463459089e+01 7.538128747325598056e+01 7.385174808569026084e+01 7.233324674795849774e+01 7.082878257639197273e+01 6.933980041098794800e+01 6.786735677476485762e+01 6.641206738376928342e+01 6.497590679427820248e+01 6.356000184620644688e+01 6.216478634995512209e+01 6.079144820975026420e+01 5.944180394345060137e+01 5.811622724455607170e+01 5.681553052571543816e+01 5.554227841858838843e+01 5.429599961329763147e+01 5.307836655303028550e+01 5.189054427879030840e+01 5.073324154481990433e+01 4.960839382006546572e+01 4.851695747863007568e+01 4.746201480292144481e+01 4.643868705867691915e+01 4.545487940777120173e+01 4.450905277566382523e+01 4.360203754026825607e+01 4.273586017985468999e+01 4.191108215725154196e+01 4.112886453097635098e+01 4.038989676773014992e+01 3.969495966849338942e+01 3.904878414072678083e+01 3.844454740442495222e+01 3.788226179520911785e+01 3.736691030547065395e+01 3.689428983077213076e+01 3.646337656268796934e+01 3.607077503233472271e+01 3.571268877263605646e+01 3.538211424451333187e+01 3.507585199979367019e+01 3.477614507822372758e+01 3.447226698721939897e+01 3.413779598722862829e+01 3.375770975905184912e+01 3.328566157870993436e+01 3.268192755849847231e+01 3.187628606120823704e+01 3.078892107535559219e+01 2.930051240221037645e+01 2.728235255709813245e+01 2.457154267490159327e+01 2.099064747109398255e+01 1.641083760832965410e+01 1.082292911208383401e+01
6.316865870546173767e+00 7.252722758293117522e+00 8.230200997561908594e+00 9.246385681995505479e+00 1.029992304211078036e+01 1.138898411852864356e+01 1.251202607836630065e+01 1.366786015273274657e+01 1.485530704685270642e+01 1.607222069029554490e+01 1.731849648636142192e+01 1.859243349733269568e+01 1.989274715220637901e+01 2.121879346041804126e+01 2.256989038378134182e+01 2.394404043899733736e+01 2.534188659903789897e+01 2.676150346979401107e+01 2.820184463787419560e+01 2.966202211322277549e+01 3.114183669430715540e+01 3.264027451400257718e+01 3.415598729822991686e+01 3.568912768065248997e+01 3.723840939207271106e+01 3.880260050286814533e+01 4.038136035920530986e+01 4.197439409575942904e+01 4.358006157752900833e+01 4.519852660188374927e+01 4.682792259851555627e+01 4.846864182108566865e+01 5.011931947867914516e+01 5.177957410395011095e+01 5.344812372054123983e+01 5.512439952762741768e+01 5.680853298893164549e+01 5.849819917545818981e+01 6.019447114247882524e+01 6.189458884612000134e+01 6.359778626713294614e+01 6.530547971659748896e+01 6.701380055895731402e+01 6.872411861520035359e+01 7.043416230335486716e+01 7.214247874006343864e+01 7.384726010746766178e+01 7.554842917572592853e+01 7.724160622870448378e+01 7.892467737988707199e+01 8.059278276527992091e+01 8.223970321504165781e+01 8.385275401700917541e+01 8.540991052883406098e+01 8.686420096282795100e+01 8.806593104332439736e+01 1.000000000000000000e+02 1.000000000000000000e+02 1.000000000000000000e+02 1.000000000000000000e+02 8.824793310106045396e+01 8.720085741632205156e+01 8.583710573700267332e+01 8.436407111268741232e+01 8.284347630260543838e+01 8.130071234683246928e+01 7.974874471273966492e+01 7.819514514135769900e+01 7.664483400353761056e+01 7.510268042132662458e+01 7.356964946052835330e+01 7.204789854046276787e+01 7.054075579448112876e+01 6.904707128725942766e+01 6.757044546766235271e+01 6.611102944084683486e+01 6.466976194904789565e+01 6.324844021009155171e+01 6.184814883937368535e+01 6.046869462838733256e+01 5.911253172115979737e+01 5.778004517920211924e+01 5.647213115118887572e+01 5.519124184378176778e+01 5.393732001116507035e+01 5.271115584899072815e+01 5.151493608017848658e+01 5.034893947907566059e+01 4.921481972206394317e+01 4.811403344665925630e+01 4.704809211718169593e+01 4.601672423682617818e+01 4.502635312713798754e+01 4.406846068850510534e+01 4.315248573376542396e+01 4.227785647548380155e+01 4.144535008925080177e+01 4.065598360055127358e+01 3.991042069087774280e+01 3.921119798318247973e+01 3.855676528325692232e+01 3.795335391722891671e+01 3.739429219393331039e+01 3.688064597712651249e+01 3.641176166663044711e+01 3.598926311582374638e+01 3.560887082605752596e+01 3.526706658184621546e+01 3.495917161274275742e+01 3.467727633836476286e+01 3.441591824416136802e+01 3.415510924230418510e+01 3.387803363675381263e+01 3.356108546483748967e+01 3.317200135727965460e+01 3.266446076572115942e+01 3.197904762291514658e+01 3.103455591954674730e+01 2.971949112737262055e+01 2.789919080187761580e+01 2.540036454575920288e+01 2.203514937436629140e+01 1.763703037520307859e+01 1.215025454267752991e+01
6.537249893350438157e+00 7.481781216160432457e+00 8.466775604734788629e+00 9.490008991359200508e+00 1.055006632971928759e+01 1.164567036734575112e+01 1.277457876290474204e+01 1.393573429974270894e+01 1.512836574011067192e+01 1.635049377994779363e+01 1.760079336417719276e+01 1.887915496581973329e+01 2.018357079472384896e+01 2.151369365119051480e+01 2.286800110394207053e+01 2.424597082994627328e+01 2.564612007759040679e+01 2.706815754327227452e+01 2.851124111894183244e+01 2.997422121420085972e+01 3.145595368021927385e+01 3.295646006635216452e+01 3.447469622034930836e+01 3.600889361343280370e+01 3.755927554593856144e+01 3.912507154646930019e+01 4.070479943006562706e+01 4.229894218448343679e+01 4.390562397004623563e+01 4.552416490728228382e+01 4.715467653478700072e+01 4.879560547735921716e+01 5.044625700170277582e+01 5.210573351400944375e+01 5.377486904062385520e+01 5.545170214805929021e+01 5.713430321436290171e+01 5.882415733548337045e+01 6.051867056307192172e+01 6.221771212403825047e+01 6.392117743017615794e+01 6.562701236972019103e+01 6.733396080314469145e+01 6.904341425622378381e+01 7.075167286680421341e+01 7.245802658514668337e+01 7.416117516588232661e+01 7.585985826141065047e+01 7.755022637843590871e+01 7.923016583047697736e+01 8.089387038904081351e+01 8.253463349832519214e+01 8.414031981163215335e+01 8.568390287769311442e+01 8.711041864689143210e+01 8.822975769546360425e+01 1.000000000000000000e+02 1.000000000000000000e+02 1.000000000000000000e+02 1.000000000000000000e+02 8.812842678241197802e+01 8.698678459283333098e+01 8.559436370093469293e+01 8.410878897283996025e+01 8.258002005776596377e+01 8.103284670131810685e+01 7.947632669047948184e+01 7.792052715597803569e+01 7.636776534047304210e+01 7.482281853347139133e+01 7.328713864859676619e+01 7.176347400105096597e+01 7.025218631902949085e+01 6.875619783390473572e+01 6.727633259440888480e+01 6.581294191728835585e+01 6.436775236408098522e+01 6.294194731547004551e+01 6.153633577349754091e+01 6.015237636401353427e+01 5.879067751217301918e+01 5.745191803511387718e+01 5.613783902604379250e+01 5.484994787274657568e+01 5.358842347874263368e+01 5.235490886200858540e+01 5.115021866741864187e+01 4.997613380470515665e+01 4.883327612517662430e+01 4.772335081153515546e+01 4.664789492039488294e+01 4.560712819213821234e+01 4.460434368394251692e+01 4.363947712598141493e+01 4.271471530174928688e+01 4.183227322747842436e+01 4.098923901392387137e+01 4.019197354255930321e+01 3.943955124668246981e+01 3.873369233362362252e+01 3.807477321100556367e+01 3.746404543532469233e+01 3.690465545313714557e+01 3.639214732710502886e+01 3.592840713081228188e+01 3.550887289223008025e+01 3.513771507179721709e+01 3.480899440064173689e+01 3.451942412808408278e+01 3.426185254346449938e+01 3.402869107049198760e+01 3.380602825481715712e+01 3.358005790903393262e+01 3.332280821468046383e+01 3.300911996833907125e+01 3.259189237872857348e+01 3.201870517865367560e+01 3.120932385044099533e+01 3.005756850972861471e+01 2.842753609015204930e+01 2.614419905191587290e+01 2.300493276599985393e+01 1.881312495005649055e+01 1.345858414418828986e+01
6.765317326426833588e+00 7.718308382852445249e+00 8.710943078182486587e+00 9.741554583890732033e+00 1.080857621524676837e+01 1.191006202207131004e+01 1.304507327684478746e+01 1.421182808339301928e+01 1.540940108021212573e+01 1.663629419273299348e+01 1.789127986794530756e+01 1.917380998935168535e+01 2.048252298314875475e+01 2.181582344433623533e+01 2.317401504047878902e+01 2.455477481728890510e+01 2.595840320665190148e+01 2.738342141833142307e+01 2.882882545816889319e+01 3.029407984163690060e+01 3.177786481928597340e+01 3.328046839214974284e+01 3.479982796428566871e+01 3.633627810764015464e+01 3.788806167686188076e+01 3.945478596004085148e+01 4.103596106914040575e+01 4.263119681443375697e+01 4.423845692167990507e+01 4.585744313480748247e+01 4.748823701914766104e+01 4.913010518832968643e+01 5.078071883021678445e+01 5.244085201227854753e+01 5.410922733064901990e+01 5.578470095389359784e+01 5.746832738981493094e+01 5.915675158725317573e+01 6.085052884148611696e+01 6.254884298697276535e+01 6.425118706397850588e+01 6.595644121626949641e+01 6.766250814087771914e+01 6.936907797299440404e+01 7.107647218098142616e+01 7.278096220272918515e+01 7.448228537767951707e+01 7.617787281222565809e+01 7.786523072608540019e+01 7.954213573124637549e+01 8.120141569701621620e+01 8.283569558866872740e+01 8.443210325648678349e+01 8.596066053268725682e+01 8.735406870393944700e+01 8.835818365590898793e+01 1.000000000000000000e+02 1.000000000000000000e+02 1.000000000000000000e+02 1.000000000000000000e+02 8.797520205353876577e+01 8.676230297793037494e+01 8.534484891131323536e+01 8.384717060389506571e+01 8.231198119681330638e+01 8.075996260840510388e+01 7.920178217417040401e+01 7.764245656347665658e+01 7.608885458684284231e+01 7.454155491000645384e+01 7.300423951593162997e+01 7.147833617308563703e+01 6.996491581611876143e+01 6.846645627497139230e+01 6.698385313177986689e+01 6.551750206545186472e+01 6.406920986168570664e+01 6.263983246869131705e+01 6.122972222707314671e+01 5.984205077188355659e+01 5.847507199588015681e+01 5.713125094175705954e+01 5.581167592114661602e+01 5.451761434662105898e+01 5.324891560335280616e+01 5.200862267033549102e+01 5.079626161051793076e+01 4.961384654814060724e+01 4.846341781688272476e+01 4.734460669680770195e+01 4.625989037095521184e+01 4.521011838737440769e+01 4.419810505552769087e+01 4.322354980405972213e+01 4.228907859801925895e+01 4.139730496031089046e+01 4.054466312286250940e+01 3.973832629484432744e+01 3.897789257039548971e+01 3.826405787906283251e+01 3.759861391682524356e+01 3.698261392464905839e+01 3.641708674800832313e+01 3.590458651883800201e+01 3.544158043235354683e+01 3.502840983402841601e+01 3.466086016194809361e+01 3.434277477144917867e+01 3.406730804712147176e+01 3.383071745828583232e+01 3.362115284733008025e+01 3.343644484270998873e+01 3.325107127319238032e+01 3.305287902984026260e+01 3.280014723641838970e+01 3.247077427542597405e+01 3.199875464762409649e+01 3.131586485717219404e+01 3.032103024121825996e+01 2.887427693717003052e+01 2.680450158362837243e+01 2.389687616972011597e+01 1.992820956167813407e+01 1.473763162460923759e+01
7.001706108134520434e+00 7.962667599101669325e+00 8.963147829716822557e+00 1.000135175888431327e+01 1.107487940074496358e+01 1.218290025859017867e+01 1.332349681578496359e+01 1.449577464697708962e+01 1.569856678160517305e+01 1.693047802903073773e+01 1.818996387773342960e+01 1.947672284400141507e+01 2.078900541834961402e+01 2.212640424943390727e+01 2.348774050158305471e+01 2.487166779663091276e+01 2.627880887335910387e+01 2.770624762436817434e+01 2.915425297625235856e+01 3.062188277408722925e+01 3.210807920721178021e+01 3.361198452386638991e+01 3.513406477730070776e+01 3.667169579636142629e+01 3.822500781230742462e+01 3.979333662359091051e+01 4.137542781303770312e+01 4.297091448990516227e+01 4.457888734202465031e+01 4.619847932913256727e+01 4.783041541717481948e+01 4.947145122606681156e+01 5.112274982910894039e+01 5.278316446884821289e+01 5.445128442473998831e+01 5.612664645608782621e+01 5.780927507524628339e+01 5.949684633209337647e+01 6.119044703156885134e+01 6.288784036232210184e+01 6.458882855806515977e+01 6.629244629671313760e+01 6.799703736461633241e+01 6.970283441048388795e+01 7.140803123287297183e+01 7.311078046366286287e+01 7.480967414661945725e+01 7.650242067998991047e+01 7.818841800190170943e+01 7.986038847314037525e+01 8.151442449468456175e+01 8.314295753630285901e+01 8.472879965214508502e+01 8.623963833597156281e+01 8.759382504435619410e+01 1.000000000000000000e+02 1.000000000000000000e+02 1.000000000000000000e+02 1.000000000000000000e+02 1.000000000000000000e+02 8.779690352722056446e+01 8.652651806715022076e+01 8.508856601027822819e+01 8.358019264577309571e+01 8.203978323999869815e+01 8.048336145070437908e+01 7.892221605835531761e+01 7.736181193630567066e+01 7.580600948900921310e+01 7.425799865188385240e+01 7.271945005204892709e+01 7.119172776632969146e+01 6.967696583039845848e+01 6.817718027358006339e+01 6.669214262695373918e+01 6.522409951766151437e+01 6.377284718937657004e+01 6.234089654866625807e+01 6.092749319925984963e+01 5.953577572992764999e+01 5.816490500989758061e+01 5.681706653487783854e+01 5.549215081013660722e+01 5.419241849473319661e+01 5.291852200725620037e+01 5.167148761431106152e+01 5.045236865843962448e+01 4.926246168271713088e+01 4.810412591085765399e+01 4.697731460352883914e+01 4.588414786996600014e+01 4.482560354593729812e+01 4.380373271321693807e+01 4.281983073865133349e+01 4.187558301014676942e+01 4.097235146108093318e+01 4.011192847616662505e+01 3.929627799226362583e+01 3.852896763006514647e+01 3.780434187448950922e+01 3.713139995450942621e+01 3.650898855512711094e+01 3.593806386830746646e+01 3.541890648324460500e+01 3.495609590095114783e+01 3.454424177191361167e+01 3.418415234817190651e+01 3.387062701434471990e+01 3.360775118846254372e+01 3.338703621581853298e+01 3.320281846301858053e+01 3.304258942442289992e+01 3.290007640795230515e+01 3.274743569469855942e+01 3.255888872710684723e+01 3.230383771575604612e+01 3.192732697752201787e+01 3.136282985327499873e+01 3.051235630599726889e+01 2.924323030349704666e+01 2.738476567417764684e+01 2.471173699273089142e+01 2.097627972710764865e+01 1.597813778927788064e+01
7.245897020832869906e+00 8.215226183464253040e+00 9.223448819742252169e+00 1.026882505124820888e+01 1.134912748127252513e+01 1.246360952664382538e+01 1.361005189220909628e+01 1.478804361745090823e+01 1.599586782876497537e+01 1.723269632795529915e+01 1.849653109245236138e+01 1.978768985733144703e+01 2.110406354354983449e+01 2.244517283691068599e+01 2.380986738547769122e+01 2.519745327282705460e+01 2.660692475837841542e+01 2.803726842280405052e+01 2.948778116767982738e+01 3.095785270448619997e+01 3.244616735818469522e+01 3.395240502968454877e+01 3.547547405951105048e+01 3.701452238271609474e+01 3.856982320885753523e+01 4.013888704233323779e+01 4.172200522372332188e+01 4.331847819522670306e+01 4.492765739033303163e+01 4.654835698633490182e+01 4.817929209617148700e+01 4.982150277023843188e+01 5.147234580368179735e+01 5.313233423990851634e+01 5.480032352518718142e+01 5.647562310412239839e+01 5.815720097594330440e+01 5.984519327522714605e+01 6.153754883099931305e+01 6.323446726316961275e+01 6.493399558256986381e+01 6.663595985981582714e+01 6.833985613467795872e+01 7.004403221883306685e+01 7.174652968440591394e+01 7.344769130253159517e+01 7.514397882860308187e+01 7.683461065244473787e+01 7.851490285707431838e+01 8.018514002015847097e+01 8.183464562246331298e+01 8.345484967285908340e+01 8.502922237907411329e+01 8.652035373287900200e+01 8.782600703640225959e+01 1.000000000000000000e+02 1.000000000000000000e+02 1.000000000000000000e+02 1.000000000000000000e+02 1.000000000000000000e+02 8.759826907971441301e+01 8.628153360917838199e+01 8.482333779630405957e+01 8.330682626063752139e+01 8.176203763689862569e+01 8.020270040824087232e+01 7.863989708208534068e+01 7.707777520718079245e+01 7.552125222502635893e+01 7.397146691207578328e+01 7.243285987592282993e+01 7.090451853646445102e+01 6.938832984436108120e+01 6.788722947359977411e+01 6.640087081387808610e+01 6.493145433283918067e+01 6.347843780346315157e+01 6.204412125346011919e+01 6.062875286429589039e+01 5.923368286912478453e+01 5.785923591086685747e+01 5.650756174390360087e+01 5.517894850435101262e+01 5.387446930813468526e+01 5.259519599036634929e+01 5.134278025904426102e+01 5.011745026241012368e+01 4.892138552163626031e+01 4.775544731033915014e+01 4.662096216259649140e+01 4.552017747309425744e+01 4.445322754394725706e+01 4.342196743257377989e+01 4.242880898778431487e+01 4.147468590473807382e+01 4.056174421884350778e+01 3.969132692426018139e+01 3.886602330247832526e+01 3.808769084708774955e+01 3.735585333215647097e+01 3.667384484561775082e+01 3.604384914118023886e+01 3.546623150572892769e+01 3.494248812482682354e+01 3.447258433517122711e+01 3.406178179960178909e+01 3.370353136625560353e+01 3.339745270290711687e+01 3.314166458237843926e+01 3.293416624918577185e+01 3.276862532359849922e+01 3.263546001798777496e+01 3.252237367268004675e+01 3.241314571406449829e+01 3.228597048554787818e+01 3.209484634618500110e+01 3.180897149294119686e+01 3.135213916156449443e+01 3.063684551835508074e+01 2.954141731221833211e+01 2.788044338618256290e+01 2.544101005092485224e+01 2.195327418525245733e+01 1.717172122185167638e+01
7.498310665616814141e+00 8.476186638284211483e+00 9.492031103172793749e+00 1.054470209227442723e+01 1.163199544494983861e+01 1.275254217729664319e+01 1.390524553842677946e+01 1.508839961784416062e+01 1.630149538978343671e+01 1.754268342509536183e+01 1.881154134961777658e+01 2.010675677189403032e+01 2.142723851450066874e+01 2.277212546517667491e+01 2.413996987763428237e+01 2.553094291490234369e+01 2.694293912390478596e+01 2.837621929870037718e+01 2.982937321911166606e+01 3.130150489988256979e+01 3.279246873946236462e+01 3.430007896373340515e+01 3.582555672126434132e+01 3.736578265170453506e+01 3.892195477100221268e+01 4.049295771503474128e+01 4.207701045576678212e+01 4.367406602070656163e+01 4.528355176015396211e+01 4.690496589669448468e+01 4.853649549309096756e+01 5.017812145310192307e+01 5.182958001080417887e+01 5.348947632900805615e+01 5.515722660232398056e+01 5.683263499779049965e+01 5.851378056051061094e+01 6.020028738983535987e+01 6.189166014490115231e+01 6.358709161802585186e+01 6.528622055394959034e+01 6.698774426259798531e+01 6.868941023085493214e+01 7.039055915613094783e+01 7.209251963597020563e+01 7.379144702792244459e+01 7.548569418709622880e+01 7.717273960084258988e+01 7.885124098959764183e+01 8.051519640805533129e+01 8.215954986121471393e+01 8.377235962990644680e+01 8.533357415939923385e+01 8.680093706232989348e+01 8.804568715442140103e+01 1.000000000000000000e+02 1.000000000000000000e+02 1.000000000000000000e+02 1.000000000000000000e+02 8.837992472851877324e+01 8.738135337987702655e+01 8.602628709468234547e+01 8.455331388522105840e+01 8.302858573110337659e+01 8.147831521066231630e+01 7.991709020636774596e+01 7.835283207887940193e+01 7.679080567450137096e+01 7.523268897490630991e+01 7.368373283025333365e+01 7.214343913061044589e+01 7.061505179361151363e+01 6.909910776683115330e+01 6.759703235741517346e+01 6.611006047541833652e+01 6.463938824184842247e+01 6.318524913185503777e+01 6.174900935238163413e+01 6.033156266965399084e+01 5.893449487422206801e+01 5.755742495055168462e+01 5.620287171026352269e+01 5.487046825394907756e+01 5.356220583972849170e+01 5.227888138520422245e+01 5.102120697759213641e+01 4.979097150335710609e+01 4.858902585575888367e+01 4.741691348010638052e+01 4.627514064781145464e+01 4.516606425883185949e+01 4.409138587081534411e+01 4.305179552966932022e+01 4.204989214403671838e+01 4.108619798702824255e+01 4.016377654772463046e+01 3.928373817479040753e+01 3.844797257720234995e+01 3.765835394513069900e+01 3.692033044625301130e+01 3.622713495227350933e+01 3.558823881792508814e+01 3.500306031482504920e+01 3.447282216613043460e+01 3.399854266235870170e+01 3.358206434229175130e+01 3.322454422911474836e+01 3.292214147530390278e+01 3.267180260277354620e+01 3.247471295957573290e+01 3.232465615037072126e+01 3.221342212204218214e+01 3.212741512566715585e+01 3.206095802941555206e+01 3.197814777849533741e+01 3.185673265253172559e+01 3.164824883928646315e+01 3.129088806555251523e+01 3.070525783147761700e+01 2.976448693044869742e+01 2.830021802862090397e+01 2.609061328873432117e+01 2.285563702685274734e+01 1.830806856525661885e+01
7.758901033477938469e+00 8.745058500833270188e+00 9.769031049342757456e+00 1.082881610123912530e+01 1.192265470465320121e+01 1.304950655113570335e+01 1.420827539718556665e+01 1.539720575353069520e+01 1.661548373576871995e+01 1.786138327068142928e+01 1.913498089239862310e+01 2.043427299630378258e+01 2.175879767272468257e+01 2.310716970675491666e+01 2.447839959087847461e+01 2.587264451741802063e+01 2.728756673175776370e+01 2.872367781694481437e+01 3.017943162418301739e+01 3.165367758372374851e+01 3.314629793244823475e+01 3.465626988403822395e+01 3.618306081341081892e+01 3.772535084325775756e+01 3.928267149293150595e+01 4.085471358200850744e+01 4.243958307290134258e+01 4.403786970123383071e+01 4.564808365092455489e+01 4.726929361741670732e+01 4.890142975192897978e+01 5.054363310277125976e+01 5.219474018396714854e+01 5.385476766143882799e+01 5.552218306069167397e+01 5.719620763510909711e+01 5.887690882765828349e+01 6.056312365231357830e+01 6.225389914764196675e+01 6.394881203911933198e+01 6.564533842193127100e+01 6.734547135985395983e+01 6.904615579507249379e+01 7.074661483409137475e+01 7.244545037219729977e+01 7.414189779820871706e+01 7.583323777716472591e+01 7.751809784688613547e+01 7.919274012248969541e+01 8.085236097982242143e+01 8.248992642091192806e+01 8.409357354181796040e+01 8.564094615323995185e+01 8.707963594798515317e+01 8.824455977424078412e+01 1.000000000000000000e+02 1.000000000000000000e+02 1.000000000000000000e+02 1.000000000000000000e+02 8.826499090458447938e+01 8.714936838304087985e+01 8.576221572722928954e+01 8.427549569554177822e+01 8.274400644290022910e+01 8.119006273395200424e+01 7.962694947508772714e+01 7.806129588187542367e+01 7.649864218031507335e+01 7.494091772124397721e+01 7.339175913417996355e+01 7.185178614187978496e+01 7.032309619692209424e+01 6.880729740503626601e+01 6.730561002172352403e+01 6.581806168350439634e+01 6.434691512445556327e+01 6.289228756149069000e+01 6.145539804091080072e+01 6.003664629210449988e+01 5.863693004363322814e+01 5.725896768186953523e+01 5.590166155948102045e+01 5.456661611265132450e+01 5.325522102740551844e+01 5.196812147620622113e+01 5.070665040356197295e+01 4.947168248268043556e+01 4.826421240374818922e+01 4.708624247283715647e+01 4.593801535078160470e+01 4.482285921743447688e+01 4.374050222376833119e+01 4.269310208496737147e+01 4.168268913860725178e+01 4.071009529580075537e+01 3.977816502802264154e+01 3.888846371955823145e+01 3.804272410685683781e+01 3.724357993906808417e+01 3.649226342849038218e+01 3.579268058451107493e+01 3.514364178545707063e+01 3.454944278950263481e+01 3.401219846274000957e+01 3.353246544922943428e+01 3.311024711717380598e+01 3.274725613052138584e+01 3.244717950951495311e+01 3.220332264288100532e+01 3.201148870111637734e+01 3.187386852054246944e+01 3.178071377129666431e+01 3.172275383092048173e+01 3.168538946876589080e+01 3.164901673070199450e+01 3.158809608558827975e+01 3.144698487547555743e+01 3.118695135513602779e+01 3.071718318113846280e+01 2.992543718722300383e+01 2.864661459345677486e+01 2.666436119883195488e+01 2.368122789339732748e+01 1.938814784301457905e+01
8.028149073394475366e+00 9.022917022392729081e+00 1.005449789239143499e+01 1.112171267643842221e+01 1.222222018944687605e+01 1.335552446462243736e+01 1.452023715245265301e+01 1.571467581715865158e+01 1.693754451581883558e+01 1.818880043913537747e+01 1.946698667278362649e+01 2.077033948811812891e+01 2.209836500911300661e+01 2.345085480149390378e+01 2.482519483833676333e+01 2.622252810465460726e+01 2.764106611325330931e+01 2.907938015724587189e+01 3.053756159804491688e+01 3.201426043193210802e+01 3.350867840608273696e+01 3.502008549005311977e+01 3.654864536578974565e+01 3.809284003366511229e+01 3.965159833744495188e+01 4.122349200847713746e+01 4.281063981162964893e+01 4.440930296980612724e+01 4.601993484669182521e+01 4.764211813974543475e+01 4.927407124990320852e+01 5.091616369766376238e+01 5.256754040608904432e+01 5.422738593255995454e+01 5.589405687053758953e+01 5.756772427453631735e+01 5.924781648027882852e+01 6.093368767438613531e+01 6.262365562717985057e+01 6.431676137058704512e+01 6.601321741712293090e+01 6.771117006667111582e+01 6.940986505448591970e+01 7.110838363347026814e+01 7.280545427699399852e+01 7.449921936600070183e+01 7.618834670809825127e+01 7.787015781030798678e+01 7.953961406905210652e+01 8.119535631296896838e+01 8.282641483739389798e+01 8.441999892773002045e+01 8.595112417841426122e+01 8.735520948282162124e+01 8.840939700155936976e+01 1.000000000000000000e+02 1.000000000000000000e+02 1.000000000000000000e+02 1.000000000000000000e+02 8.810415400181992140e+01 8.690404189976752036e+01 8.548966421739230270e+01 8.399100945756956094e+01 8.245272250440396533e+01 8.089603893860395090e+01 7.933186008849067150e+01 7.776549479979935597e+01 7.620296773342077756e+01 7.464503273445428988e+01 7.309705717105046574e+01 7.155773131606744641e+01 7.002967627804166284e+01 6.851433808042315832e+01 6.701220269678110242e+01 6.552537559177595483e+01 6.405304600358682876e+01 6.259901067540478437e+01 6.116143665373348171e+01 5.974204290496676606e+01 5.834225135673726470e+01 5.696190819228858970e+01 5.560366588722347103e+01 5.426618900780452037e+01 5.295207738141174048e+01 5.166222019481475769e+01 5.039690286697110366e+01 4.915868933645172234e+01 4.794647371761710986e+01 4.676396130600296885e+01 4.561057252482925151e+01 4.448838813279154181e+01 4.339972747647560425e+01 4.234456504074122307e+01 4.132615972055023690e+01 4.034535079872054553e+01 3.940422617172744424e+01 3.850549655451001030e+01 3.764995346195820503e+01 3.684049833892851922e+01 3.607898042570516850e+01 3.536816155900446290e+01 3.471026643034026193e+01 3.410751852757410063e+01 3.356108434117002304e+01 3.307342449948313856e+01 3.264510363948317462e+01 3.227840141109390260e+01 3.197296692388034245e+01 3.173182778201868359e+01 3.154903499311505399e+01 3.141794333546615903e+01 3.133990607518517635e+01 3.130360019857321063e+01 3.129595502656999884e+01 3.130085037923815605e+01 3.128558604426302381e+01 3.121827135791416197e+01 3.104174262093297898e+01 3.067940594326951143e+01 3.002613776205730289e+01 2.892766342941481739e+01 2.715729478614499115e+01 2.443266462768649561e+01 2.040235832175514474e+01
8.306400380382349624e+00 9.309063149133489645e+00 1.034872196230233143e+01 1.142302080732285852e+01 1.253055276431369691e+01 1.367013107295809249e+01 1.483992522376565937e+01 1.604056086560583338e+01 1.726907125762495809e+01 1.852478177875803667e+01 1.980736360856604250e+01 2.111511176913869292e+01 2.244708102789119053e+01 2.380278699932637565e+01 2.518137426013477054e+01 2.658137275787757403e+01 2.800205431042194348e+01 2.944378171627780461e+01 3.090360438850319014e+01 3.238300433807610546e+01 3.387954460260964851e+01 3.539343977372969619e+01 3.692302864787726691e+01 3.846844483448285246e+01 4.002826365780637019e+01 4.160202827247209001e+01 4.318892103788113701e+01 4.478881206228714262e+01 4.639985072992085691e+01 4.802222780518955147e+01 4.965524368236368247e+01 5.129708605396088217e+01 5.294875033843864287e+01 5.460754783539574220e+01 5.627401700476668367e+01 5.794709296603934945e+01 5.962735235650819732e+01 6.131102262399128477e+01 6.300002338629961685e+01 6.469268467356883434e+01 6.638772713641417056e+01 6.808367103539087850e+01 6.978102994583879592e+01 7.147764714806514519e+01 7.317270563496892066e+01 7.486436645431770387e+01 7.655003303114304458e+01 7.822825372632328822e+01 7.989433953344402539e+01 8.154369339368408021e+01 8.316733427763439579e+01 8.475068367669665292e+01 8.626141770817309862e+01 8.762432448928795736e+01 1.000000000000000000e+02 1.000000000000000000e+02 1.000000000000000000e+02 1.000000000000000000e+02 1.000000000000000000e+02 8.791102106449588405e+01 8.664549088869060256e+01 8.520833060130745196e+01 8.369947101483445806e+01 8.215645336631288842e+01 8.059963490106092365e+01 7.903153821563878978e+01 7.746537926829341814e+01 7.590274543531833729e+01 7.434644789105608709e+01 7.279796490287378674e+01 7.125925429553410595e+01 6.973286587078703747e+01 6.821827026996747634e+01 6.671695793860888557e+01 6.523052002698069884e+01 6.375962199383766915e+01 6.230432739231439854e+01 6.086788597558538783e+01 5.944786489884161540e+01 5.804775853834971144e+01 5.666732174062383365e+01 5.530713349987325955e+01 5.396902280924953743e+01 5.265266708059173340e+01 5.136049733761840486e+01 5.009255061601904657e+01 4.885034875178351399e+01 4.763540198347756416e+01 4.644825850381020160e+01 4.529043425019791158e+01 4.416279046791428442e+01 4.306753109199104301e+01 4.200624252557156524e+01 4.097967167110051179e+01 3.999157546848851297e+01 3.904205881991147464e+01 3.813372642151665559e+01 3.726915248973718775e+01 3.644977303761113063e+01 3.567865817182603649e+01 3.495795291661350035e+01 3.428917725840001651e+01 3.367594810866126664e+01 3.311962943816440230e+01 3.262341481629610485e+01 3.218795293496653187e+01 3.181541206804431354e+01 3.150677643445558473e+01 3.126302080912053327e+01 3.108354382362970014e+01 3.096231299224300315e+01 3.089413626344093089e+01 3.087510284932798399e+01 3.089419114821582113e+01 3.093037905433975254e+01 3.096437455868216304e+01 3.096130757398327660e+01 3.085825137564868115e+01 3.060010586100552388e+01 3.007511999083603982e+01 2.913870286444194591e+01 2.757722314457956614e+01 2.510217865066968201e+01 2.134701651909307429e+01
8.593194080868515883e+00 9.604496913987969009e+00 1.065185863179121029e+01 1.173308904813302789e+01 1.284745323017532037e+01 1.399332798647334641e+01 1.516980947341165553e+01 1.637527234607552984e+01 1.760867063748307970e+01 1.886919372477854395e+01 2.015613119238454232e+01 2.146814520858759678e+01 2.280421247614712144e+01 2.416376074498527515e+01 2.554505830688248480e+01 2.694839309599493760e+01 2.837209500556219410e+01 2.981621766751859681e+01 3.127916566906406715e+01 3.276031154870528894e+01 3.425895547358938131e+01 3.577426548618733904e+01 3.730572765403549340e+01 3.885248257043996034e+01 4.041342450355760718e+01 4.198821537322758957e+01 4.357637842849864285e+01 4.517643196579643927e+01 4.678856814445428824e+01 4.841117221525659176e+01 5.004363053463036692e+01 5.168553218609012134e+01 5.333704724183470347e+01 5.499580698455306305e+01 5.666212761112128504e+01 5.833431473961434222e+01 6.001368904044528563e+01 6.169687799865470623e+01 6.338418138930721568e+01 6.507595395269585481e+01 6.676942532558346954e+01 6.846426526795150380e+01 7.015994876678239223e+01 7.185389793597532559e+01 7.354662926074664142e+01 7.523567880604224456e+01 7.691824677029873669e+01 7.859236058256684032e+01 8.025415028609008061e+01 8.189812422121082136e+01 8.351310253783552184e+01 8.508397875283354495e+01 8.657278750499590103e+01 8.788410537856834992e+01 1.000000000000000000e+02 1.000000000000000000e+02 1.000000000000000000e+02 1.000000000000000000e+02 1.000000000000000000e+02 8.769196544420584871e+01 8.637588971925815429e+01 8.491858516045114413e+01 8.340090366796309240e+01 8.185345336562012619e+01 8.029280206826865651e+01 7.872660645791386003e+01 7.716073843244565467e+01 7.559954424182029697e+01 7.404269592929138355e+01 7.249576308718097550e+01 7.095858621156271795e+01 6.943315634215569787e+01 6.791924275546573142e+01 6.641971085234506234e+01 6.493412382885634315e+01 6.346375860217487741e+01 6.200998647323341117e+01 6.057317770891679487e+01 5.915412832928866749e+01 5.775377564000234543e+01 5.637300105740946776e+01 5.501269276320766011e+01 5.367342193447623799e+01 5.235642744711612551e+01 5.106223622783087279e+01 4.979200126292455764e+01 4.854778507320760639e+01 4.732937167569677683e+01 4.613890662593475867e+01 4.497655651521061770e+01 4.384468472472011769e+01 4.274377462614753398e+01 4.167683608613281621e+01 4.064430593431838190e+01 3.964793321316469132e+01 3.869051484971964783e+01 3.777340070958804574e+01 3.689988405032690366e+01 3.607037334812300600e+01 3.528938276578864475e+01 3.455803134236694518e+01 3.387933094714185245e+01 3.325594579247827909e+01 3.269153195753642649e+01 3.218378842738290757e+01 3.174027654365675488e+01 3.136073097044709357e+01 3.104696037875569559e+01 3.079905715844278902e+01 3.062016140607852677e+01 3.050433482276297781e+01 3.044398909370336170e+01 3.044097700554406671e+01 3.048139850513545923e+01 3.054946771835498254e+01 3.062542285228276739e+01 3.067196515657563083e+01 3.064434210814290793e+01 3.047848580597445434e+01 3.007327998348979747e+01 2.929258482974772448e+01 2.792861649244141731e+01 2.569622600979182181e+01 2.221952367166203501e+01
8.886992391696102445e+00 9.908773743721145166e+00 1.096397239149596814e+01 1.205221305027641776e+01 1.317299201322127367e+01 1.432549643495118019e+01 1.550786568453455061e+01 1.671874851569444687e+01 1.795751105761188526e+01 1.922298528672511253e+01 2.051406435288948416e+01 2.183032698163540530e+01 2.316980624339968386e+01 2.453320925357244064e+01 2.591812159775695079e+01 2.732454258388767698e+01 2.875151891767568912e+01 3.019773116922098666e+01 3.166336560611690132e+01 3.314628071179230062e+01 3.464645754705028935e+01 3.616331933071212035e+01 3.769705887754876983e+01 3.924480349447019023e+01 4.080676849960394037e+01 4.238273656907394127e+01 4.397180036801191250e+01 4.557252657712863453e+01 4.718462642279844488e+01 4.880738911287757276e+01 5.044081279195968648e+01 5.208294970923501666e+01 5.373356076776612156e+01 5.539216940093525210e+01 5.705782968877132078e+01 5.872925124123820240e+01 6.040757062768982166e+01 6.209055118259290396e+01 6.377663032349560979e+01 6.546648914838027622e+01 6.715859410339821522e+01 6.885163959725821314e+01 7.054543503063518983e+01 7.223753936583798918e+01 7.392751200051202431e+01 7.561304086142510528e+01 7.729362267861399971e+01 7.896359580816948665e+01 8.062010404710879641e+01 8.225728784702710072e+01 8.386380010878302471e+01 8.542075128857534594e+01 8.688306055265223904e+01 8.812804776466082046e+01 1.000000000000000000e+02 1.000000000000000000e+02 1.000000000000000000e+02 1.000000000000000000e+02 8.846056301515423570e+01 8.745314279803865531e+01 8.609576325153113885e+01 8.462239191154115758e+01 8.309633462912643154e+01 8.154555209574671437e+01 7.998281280915099956e+01 7.841615584196701150e+01 7.685051948084861806e+01 7.528952151497682621e+01 7.373516340812096814e+01 7.219222916223162656e+01 7.065369953464451669e+01 6.912950004662413050e+01 6.761764850683773886e+01 6.611950236109274215e+01 6.463498048642325955e+01 6.316635403505552659e+01 6.171374746897946295e+01 6.027767286986913575e+01 5.885960342322120908e+01 5.745966635960609636e+01 5.607904648416975135e+01 5.471866044366630888e+01 5.337938677325735171e+01 5.206148997727607508e+01 5.076670731178266749e+01 4.949559710418886027e+01 4.824884826512084857e+01 4.702844598342947791e+01 4.583495182700800541e+01 4.466885712090593330e+01 4.353278440487218148e+01 4.242779358238855991e+01 4.135528861102367415e+01 4.031668024136655504e+01 3.931416469675673397e+01 3.834927942365268194e+01 3.742499927682012384e+01 3.654280394040744540e+01 3.570319825807700909e+01 3.491247574980818058e+01 3.417126418552606282e+01 3.348124704610101787e+01 3.284679515792075932e+01 3.227048617775582073e+01 3.175490516926284812e+01 3.130196842212452779e+01 3.091423225530618524e+01 3.059373628579952253e+01 3.034206664104815943e+01 3.015826197823098198e+01 3.004593096766113902e+01 2.999669095675795560e+01 3.000103776413854817e+01 3.006059169782672313e+01 3.015572154310914854e+01 3.026684897022417076e+01 3.036353615050166965e+01 3.040516020624157534e+01 3.032152160610597136e+01 3.002625764837829792e+01 2.938920143851172639e+01 2.821434683890358031e+01 2.622025197305158883e+01 2.301826307466262733e+01
9.192586526553602866e+00 1.022005536684873483e+01 1.128259105993092426e+01 1.238049193938434200e+01 1.350807065424429787e+01 1.466676438034767394e+01 1.585489919963259986e+01 1.707142527094969253e+01 1.831524121906999980e+01 1.958533296262288204e+01 2.088122851259345225e+01 2.220164821875709649e+01 2.354541320144956273e+01 2.491149043413319930e+01 2.630019934462786324e+01 2.770918007999321020e+01 2.913876626015867544e+01 3.058772090171204638e+01 3.205523730320252440e+01 3.354044225541256452e+01 3.504323659517176992e+01 3.656203825523486017e+01 3.809638489098713166e+01 3.964585129897925952e+01 4.120921479676245980e+01 4.278551340814502879e+01 4.437488642177322617e+01 4.597637697067121820e+01 4.758945026121585897e+01 4.921224708313575036e+01 5.084531111467794062e+01 5.248713746384608925e+01 5.413824746248236863e+01 5.579614968908879291e+01 5.746142094162409819e+01 5.913192658687454184e+01 6.080954584785020955e+01 6.249069215622389351e+01 6.417631564341598960e+01 6.586481966766429252e+01 6.755506765133415570e+01 6.924628922757487715e+01 7.093779818124899350e+01 7.262815816871508900e+01 7.431578983547197481e+01 7.599873109876207877e+01 7.767461442562088791e+01 7.934057335962467050e+01 8.099256965595871804e+01 8.262302520144194773e+01 8.421950428433447655e+01 8.575970153673975460e+01 8.719054328037488233e+01 8.834693065130728939e+01 1.000000000000000000e+02 1.000000000000000000e+02 1.000000000000000000e+02 1.000000000000000000e+02 8.832635190601993713e+01 8.719634456264630273e+01 8.580535475102281850e+01 8.431658236635411185e+01 8.278480089081354265e+01 8.123103059065570619e+01 7.966810307796585278e+01 7.810068297570535378e+01 7.653665651511212786e+01 7.497668587593861389e+01 7.342331058351578577e+01 7.187924929439665789e+01 7.034540719728560987e+01 6.882314939192575309e+01 6.731296111675700899e+01 6.581619624665049173e+01 6.433393694917846517e+01 6.286683821722505172e+01 6.141569508867779348e+01 5.998085107901440693e+01 5.856390300397680448e+01 5.716527992173659811e+01 5.578537692930566294e+01 5.442531218861456921e+01 5.308630035100496514e+01 5.176826105511609200e+01 5.047319786091431126e+01 4.920047131256055906e+01 4.795343074738710243e+01 4.673133508170235473e+01 4.553493085106690330e+01 4.436661311996665802e+01 4.322770290689448558e+01 4.211863781765548254e+01 4.104141477826398443e+01 3.999849146877330242e+01 3.898993977358529150e+01 3.801841198627711549e+01 3.708646281920086096e+01 3.619539245070577493e+01 3.534771881547441552e+01 3.454696286381305725e+01 3.379553938106434430e+01 3.309576018353573801e+01 3.245071520546007804e+01 3.186317790425206198e+01 3.133690759051628305e+01 3.087370681398126138e+01 3.047925042781422889e+01 3.014936640856996775e+01 2.989025757937461236e+01 2.970419318792010444e+01 2.958934260457006715e+01 2.954474050514382810e+01 2.955958366028004036e+01 2.963399722919028889e+01 2.975167198892681952e+01 2.989258612094687351e+01 3.003899855308624822e+01 3.013799804510698266e+01 3.013051086041198445e+01 2.994294261459341655e+01 2.943954123249430310e+01 2.844048417157490860e+01 2.666926798576589874e+01 2.374298886796593067e+01
9.509560193972433240e+00 1.054436546475543324e+01 1.161407511027576689e+01 1.271686089214103532e+01 1.385115516607565667e+01 1.501527739334050970e+01 1.621131871398569047e+01 1.743345071968865767e+01 1.868231718126877183e+01 1.995740919356462229e+01 2.125733378184393274e+01 2.258156259023090939e+01 2.392912954110025936e+01 2.529936780220483072e+01 2.669082156700539699e+01 2.810325197234628902e+01 2.953526326162638682e+01 3.098703630626695826e+01 3.245688299923364895e+01 3.394385740161741438e+01 3.544861815768150848e+01 3.696853427774557588e+01 3.850489408973589889e+01 4.005519038454185932e+01 4.161928800034232268e+01 4.319726403320812835e+01 4.478758705209072843e+01 4.638899058323051605e+01 4.800179666466309669e+01 4.962572612505312719e+01 5.125878374270808280e+01 5.290017376684035355e+01 5.455111882983679550e+01 5.620863330125504831e+01 5.787246770139178409e+01 5.954337655045045352e+01 6.121898215062559245e+01 6.289908087761237709e+01 6.458374674742182719e+01 6.627007635206354053e+01 6.795930034747092918e+01 6.964863235609516323e+01 7.133766254004621032e+01 7.302498155719960948e+01 7.471039485242161504e+01 7.638950881862169240e+01 7.806294443478107326e+01 7.972363520708533713e+01 8.136988758927789434e+01 8.299302759640050908e+01 8.457859724494480247e+01 8.610003686097245179e+01 8.749288255894533961e+01 8.852019799318554760e+01 1.000000000000000000e+02 1.000000000000000000e+02 1.000000000000000000e+02 1.000000000000000000e+02 8.814074448235504633e+01 8.692415709051537931e+01 8.550467841470035069e+01 8.400466068558029065e+01 8.246693240737234021e+01 8.091104225597231903e+01 7.934653131667040782e+01 7.778041351523357605e+01 7.621716320884426921e+01 7.465855059227786228e+01 7.310699451588345710e+01 7.156518851985396168e+01 7.003288388842820211e+01 6.851268005264699923e+01 6.700454084156375245e+01 6.550999550451216180e+01 6.403079168098440732e+01 6.256431928493842065e+01 6.111484002901519119e+01 5.968191867422197561e+01 5.826700008221790483e+01 5.686958219327438258e+01 5.549077263564205964e+01 5.413183158912175941e+01 5.279369747238840205e+01 5.147583504069351790e+01 5.018113156556647425e+01 4.890828503236281932e+01 4.765980313037159988e+01 4.643703569189329272e+01 4.523921102278355733e+01 4.406927102809567032e+01 4.292763693114458334e+01 4.181480222889647536e+01 4.073399987255829302e+01 3.968641965008593786e+01 3.867244686684555433e+01 3.769455117677205180e+01 3.675531081219602925e+01 3.585711334892985747e+01 3.500126621930335347e+01 3.419227137262441829e+01 3.343113604776841896e+01 3.272088094182985429e+01 3.206517603133656991e+01 3.146700290204453765e+01 3.092976551149202535e+01 3.045606151309186060e+01 3.004972429900479725e+01 2.971334738698893219e+01 2.944831737722542897e+01 2.925624847789860539e+01 2.913780642597586379e+01 2.909530294415423413e+01 2.911919413599915885e+01 2.920297266431740724e+01 2.934071905859410023e+01 2.951228306067135065e+01 2.969409695962959006e+01 2.984614889183028197e+01 2.991599252963670352e+01 2.982101825339087497e+01 2.944262845983229937e+01 2.860816683789352410e+01 2.705153826302852949e+01 2.439677566430690092e+01
9.834078272081104188e+00 1.087818944244114405e+01 1.195637336900152725e+01 1.306658648364810205e+01 1.420536332612453201e+01 1.537606985495044754e+01 1.657588251861078632e+01 1.780301657825539152e+01 1.905733403719831642e+01 2.033821554719541425e+01 2.164264418412201607e+01 2.297105645723023315e+01 2.432224511932930966e+01 2.569602403896418252e+01 2.709058093962840630e+01 2.850589434603077876e+01 2.994099209903834335e+01 3.139482214599929222e+01 3.286696506885574820e+01 3.435641733739036852e+01 3.586228605836318195e+01 3.738414404353318332e+01 3.892188917753172461e+01 4.047334669719793965e+01 4.203916860077929840e+01 4.361707028070559744e+01 4.520747856340795323e+01 4.681041458941029987e+01 4.842305959596291132e+01 5.004689517644548147e+01 5.168002815077509382e+01 5.332139286176240489e+01 5.497135229138201140e+01 5.662901760976036769e+01 5.829236795916288116e+01 5.996154541762760459e+01 6.163663494410285182e+01 6.331559182542334696e+01 6.499775443369573225e+01 6.668365542412422542e+01 6.837037600461674458e+01 7.005779297482166612e+01 7.174505402230548157e+01 7.343053242992428409e+01 7.511219179618318265e+01 7.678868973034660428e+01 7.845749666181785642e+01 8.011431361223813497e+01 8.175335761803475521e+01 8.336845304193873574e+01 8.494125399067191040e+01 8.644047898450931200e+01 8.778537914857021462e+01 1.000000000000000000e+02 1.000000000000000000e+02 1.000000000000000000e+02 1.000000000000000000e+02 1.000000000000000000e+02 8.791994480619207764e+01 8.663829950701961025e+01 8.519538762651461639e+01 8.368539349130088567e+01 8.214241320531388624e+01 8.058464949261802701e+01 7.902068427114421922e+01 7.745520295832098157e+01 7.589224182404609564e+01 7.433515910699381379e+01 7.278664097063068539e+01 7.124621594674962921e+01 6.971654440309261247e+01 6.819842013816696635e+01 6.669322786832998418e+01 6.520052868174187211e+01 6.372316226836159103e+01 6.225985034319070621e+01 6.081280022347639402e+01 5.938206922366887852e+01 5.796838308476873891e+01 5.657321593926075565e+01 5.519583029046135891e+01 5.383853156272218143e+01 5.250026200283870281e+01 5.118460320854094903e+01 4.988992181352522692e+01 4.861734516269204676e+01 4.736929394185147402e+01 4.614561176163221035e+01 4.494761806556424233e+01 4.377590708659931096e+01 4.263180785611083934e+01 4.151732078784968394e+01 4.043261634316596087e+01 3.938054644888156730e+01 3.836260623331217801e+01 3.737996108019503083e+01 3.643469993908896498e+01 3.552871477089301067e+01 3.466528955968833969e+01 3.384804339060099210e+01 3.307720868231285039e+01 3.235710491142763345e+01 3.169141991178410223e+01 3.108230208208525625e+01 3.053458522838457156e+01 3.005017904905904658e+01 2.963401185854947073e+01 2.928657743747599085e+01 2.901321616107482981e+01 2.881504441134550376e+01 2.869271367930342720e+01 2.864564554293694698e+01 2.867634031952272977e+01 2.877068962798764318e+01 2.892351034347927552e+01 2.912058263829534610e+01 2.933461774440727510e+01 2.954071063584419221e+01 2.967722808161724757e+01 2.966650512958860375e+01 2.940308522820067694e+01 2.872395658286134434e+01 2.737080802027781345e+01 2.497542316439295007e+01
1.016786861590492919e+01 1.122043628623730172e+01 1.230568295028264814e+01 1.342291818657211877e+01 1.457042772751800896e+01 1.574768743034774587e+01 1.695201735218313388e+01 1.818433445210420984e+01 1.944313565202596550e+01 2.072770776531650583e+01 2.203645140107295219e+01 2.336992221155242788e+01 2.472437250623211824e+01 2.610135804659184799e+01 2.749963648512398962e+01 2.891761920721930323e+01 3.035542168143618014e+01 3.181181412618193605e+01 3.328628131088706965e+01 3.477747451847429261e+01 3.628542042744550145e+01 3.780883768527915834e+01 3.934733173249100702e+01 4.090049457594411564e+01 4.246635834074049853e+01 4.404620167556450383e+01 4.563688588122808198e+01 4.723992518062767232e+01 4.885315581295252230e+01 5.047661759842172557e+01 5.210960504321033682e+01 5.375121456295743627e+01 5.540018036405906798e+01 5.705676890805089130e+01 5.871973706792113745e+01 6.038809702854770478e+01 6.206218717983711031e+01 6.374014689543881218e+01 6.542122030297421986e+01 6.710448481837063639e+01 6.878968471968602216e+01 7.047464561190481902e+01 7.215932538472750934e+01 7.384206769757008715e+01 7.552100520535371686e+01 7.719422556821540127e+01 7.885842006468440957e+01 8.051012617067473798e+01 8.214272475977561783e+01 8.374816524236624105e+01 8.530608920445041576e+01 8.678021437484950695e+01 8.806402095386985707e+01 1.000000000000000000e+02 1.000000000000000000e+02 1.000000000000000000e+02 1.000000000000000000e+02 8.857674775740284190e+01 8.767193375517015852e+01 8.633949482356126737e+01 8.487679525933316427e+01 8.335872045582928536e+01 8.181217756092264892e+01 8.025291437590028920e+01 7.868819011087053639e+01 7.712403045918235023e+01 7.556295482462263635e+01 7.400869094397765480e+01 7.246084805035171428e+01 7.092353365416460065e+01 6.939619647247694445e+01 6.788072010574902038e+01 6.637772749825535357e+01 6.488800509496448399e+01 6.341247653525986294e+01 6.195247267272934266e+01 6.050731546499257263e+01 5.908130196072318796e+01 5.766810533592976640e+01 5.627433421084233345e+01 5.489933763439758252e+01 5.354373407779364413e+01 5.220833671860157921e+01 5.089278223482405394e+01 4.959894834444873624e+01 4.832633056168511843e+01 4.707978078799496302e+01 4.585639357116577486e+01 4.465787361774824404e+01 4.348539251369282965e+01 4.233902732359526766e+01 4.122232023518919419e+01 4.013574860354601981e+01 3.908060850626665683e+01 3.805846748159006410e+01 3.707108584169687049e+01 3.612101918743532991e+01 3.520908647906269096e+01 3.433911402226061682e+01 3.351310018380214473e+01 3.273426932138878698e+01 3.200353880124726658e+01 3.132885616120298877e+01 3.070941526261596977e+01 3.014995222686356158e+01 2.965450120916134225e+01 2.922705945993861931e+01 2.886957179802792695e+01 2.858821393258767074e+01 2.838110497428291268e+01 2.825378544530055080e+01 2.820476163330709696e+01 2.823567915351101831e+01 2.833903305783056581e+01 2.850384205314177066e+01 2.872122512158295038e+01 2.896876874693211690e+01 2.921564574465991271e+01 2.941123204365328903e+01 2.948132310690029101e+01 2.933014127438351437e+01 2.879170141362103053e+01 2.763199372667843789e+01 2.548585711011024557e+01
1.051134118685600427e+01 1.157215133114080174e+01 1.266502658470707310e+01 1.378926624179954707e+01 1.494378025886484807e+01 1.612659496145202453e+01 1.733786922039771738e+01 1.857587432087950319e+01 1.983967795731178541e+01 2.112788191552127515e+01 2.244096443173850730e+01 2.377683204145405327e+01 2.513590185959739642e+01 2.651654893543060609e+01 2.791833683788488329e+01 2.933929558262738979e+01 3.077931085960987545e+01 3.223800290704473781e+01 3.371446991128087234e+01 3.520795654457441515e+01 3.671740169724162683e+01 3.824226038930594029e+01 3.978255162818712165e+01 4.133610301511293272e+01 4.290363320309514705e+01 4.448315002817242458e+01 4.607459860460871681e+01 4.767840355329012425e+01 4.929201644188972864e+01 5.091463186712962141e+01 5.254754403540795238e+01 5.418828528524380062e+01 5.583741242128312621e+01 5.749335581594412758e+01 5.915457233770191436e+01 6.082260815298405987e+01 6.249498102945534583e+01 6.417102946595598212e+01 6.585131564448894892e+01 6.753271878236181180e+01 6.921627063419659009e+01 7.089933923275096106e+01 7.258150801200764590e+01 7.426084214775320902e+01 7.593677404632124706e+01 7.760577427630374814e+01 7.926549234200527394e+01 8.091154265504388832e+01 8.253775530900836088e+01 8.413255453061482569e+01 8.567417863083323937e+01 8.711666347555012635e+01 8.831899561636484464e+01 1.000000000000000000e+02 1.000000000000000000e+02 1.000000000000000000e+02 1.000000000000000000e+02 8.847834212391828146e+01 8.740233345674336363e+01 8.602855150778610493e+01 8.455046166682195974e+01 8.302509262414632474e+01 8.147538864997569874e+01 7.991507262548455515e+01 7.835093038979547941e+01 7.678755085386069368e+01 7.522882647799377764e+01 7.367606487636334123e+01 7.213151183393866006e+01 7.059611006369364361e+01 6.907217328130664669e+01 6.755952593484713020e+01 6.605855709661176434e+01 6.457168999677345766e+01 6.309957927250595588e+01 6.164225022936925313e+01 6.019977498970050789e+01 5.877392915850116850e+01 5.736536957280095805e+01 5.597757734175012700e+01 5.460194869165673026e+01 5.324844843788145710e+01 5.191519505977225890e+01 5.060143919375740040e+01 4.930987965969414688e+01 4.803967417056262690e+01 4.679263260077720332e+01 4.556802142577315351e+01 4.436922552814714038e+01 4.319654004643233947e+01 4.205033586608543317e+01 4.093265765887844765e+01 3.984401465993055069e+01 3.878569681236554345e+01 3.776010419929269091e+01 3.676915620517174688e+01 3.581399332978367767e+01 3.489700067663584804e+01 3.402000193473985235e+01 3.318794872948138419e+01 3.240067116893494870e+01 3.166290777568908510e+01 3.097677550510366018e+01 3.034696976278000591e+01 2.977605537524309298e+01 2.926988532540457655e+01 2.883112666814795588e+01 2.846321677327679112e+01 2.817057380724059357e+01 2.795622140811547851e+01 2.782154788868369621e+01 2.776861278171529790e+01 2.779584297564728956e+01 2.790560347622131943e+01 2.808114361140321336e+01 2.831645634342642026e+01 2.859119096472254640e+01 2.887553265520944734e+01 2.912588835917604513e+01 2.927480660369600329e+01 2.922049940544357938e+01 2.881650120457629427e+01 2.783722348341133213e+01 2.593260663524823428e+01
1.086530169842234628e+01 1.193408163513179865e+01 1.303457577843328785e+01 1.416590646119439967e+01 1.532653123670528750e+01 1.651595568988945928e+01 1.773264228307360924e+01 1.897594518541941966e+01 2.024496073070329771e+01 2.153832958131183162e+01 2.285571230124286046e+01 2.419539250748459125e+01 2.555759959874271914e+01 2.694139184312686197e+01 2.834551926780525122e+01 2.976940899257699513e+01 3.121252491531225814e+01 3.267336560219749231e+01 3.415221154767256451e+01 3.564736389732773603e+01 3.715843209228702904e+01 3.868486090999713412e+01 4.022588938060995645e+01 4.178059669514204444e+01 4.334859893830466149e+01 4.492945457460905345e+01 4.652137399989760524e+01 4.812472295277078160e+01 4.973822861299355225e+01 5.136210689276092722e+01 5.299432851913796583e+01 5.463439610737201946e+01 5.628272006108224446e+01 5.793756200198898654e+01 5.959889009271667248e+01 6.126566797953520904e+01 6.293633352716112483e+01 6.461122028271776685e+01 6.628941174973090256e+01 6.796906013672825964e+01 6.964966750198033196e+01 7.133014334253435607e+01 7.301015254511560215e+01 7.468703631504544660e+01 7.635878389721327153e+01 7.802418133741464601e+01 7.967964027275743888e+01 8.131908790887058558e+01 8.293669990739840614e+01 8.452032137393246103e+01 8.604302820922833916e+01 8.744785852314626595e+01 8.853438270587071202e+01 1.000000000000000000e+02 1.000000000000000000e+02 1.000000000000000000e+02 1.000000000000000000e+02 8.829689518763031231e+01 8.711344765677657165e+01 8.570816173008518035e+01 8.421623772564112187e+01 8.268437422175374252e+01 8.113220162280452996e+01 7.957154593897483608e+01 7.800840388040781193e+01 7.644614213425013816e+01 7.488904539397445603e+01 7.333940461704396796e+01 7.179695219095265202e+01 7.026503722187035805e+01 6.874319073469943930e+01 6.723353356821081661e+01 6.573627073142291977e+01 6.425150437294820449e+01 6.278278242643251872e+01 6.132821787866160435e+01 5.988971293301658960e+01 5.846675521415996002e+01 5.706069303033211781e+01 5.567309686570662564e+01 5.430369314214724596e+01 5.295475047348872266e+01 5.162045925194352947e+01 5.030910194854860862e+01 4.901897019998615690e+01 4.775072262374933274e+01 4.650354127320895969e+01 4.528208658533839071e+01 4.408384330890290670e+01 4.291080699995858083e+01 4.176429069849200459e+01 4.064545609634281220e+01 3.955575852533501546e+01 3.849602161402123812e+01 3.746674669470620955e+01 3.647295865809439164e+01 3.551411347451534084e+01 3.459209395020727129e+01 3.370930292578388077e+01 3.287068789879835862e+01 3.207595304499569977e+01 3.132948856280066607e+01 3.063449103163330278e+01 2.999494988750285174e+01 2.941407903059788254e+01 2.889678924373929547e+01 2.844601188031725769e+01 2.806711653149179853e+01 2.776534497160891846e+01 2.753988683610606358e+01 2.739750244900586296e+01 2.733836073836332048e+01 2.736324808763504990e+01 2.747396507651851394e+01 2.766005698592456241e+01 2.790811444930410090e+01 2.820646717044230556e+01 2.852343375171512108e+01 2.882848920577484364e+01 2.904538297206382680e+01 2.908150491432874674e+01 2.880117007018899855e+01 2.799104955340497725e+01 2.631241630856505509e+01
1.122930035506514201e+01 1.230627000200851207e+01 1.341403335416362452e+01 1.455188960368245432e+01 1.571941622042503184e+01 1.691485034670048293e+01 1.813725386640453507e+01 1.938598042637967822e+01 2.065929728637107132e+01 2.195775044469687742e+01 2.327918288422057458e+01 2.462331423826018550e+01 2.598946003899643742e+01 2.737595527712105437e+01 2.878292969917390920e+01 3.020992789921219668e+01 3.165506182869294349e+01 3.311812339789146620e+01 3.459908210702828057e+01 3.609571923936019289e+01 3.760902979006055347e+01 3.913662771425160258e+01 4.067874969759238724e+01 4.223472488429121796e+01 4.380298267329641959e+01 4.538417607555117428e+01 4.697652491393778718e+01 4.858037640052423711e+01 5.019305538135741074e+01 5.181723993268154516e+01 5.344881798989418087e+01 5.508919651030082321e+01 5.673674202865759497e+01 5.839055418175782819e+01 6.005122506602190668e+01 6.171599693158910327e+01 6.338563619548089889e+01 6.505836658258526484e+01 6.673489686249386921e+01 6.841264709282658885e+01 7.009087352963983619e+01 7.176969488716162004e+01 7.344643647501973760e+01 7.511976466582916601e+01 7.678852155399529522e+01 7.844892707806211263e+01 8.009926350453895338e+01 8.173243578568228429e+01 8.334189134378304686e+01 8.491134741451550383e+01 8.641210772742584822e+01 8.776881257664686586e+01 1.000000000000000000e+02 1.000000000000000000e+02 1.000000000000000000e+02 1.000000000000000000e+02 1.000000000000000000e+02 8.806927934673986158e+01 8.680894648546988890e+01 8.537654253129568360e+01 8.387321703599243961e+01 8.233574438662328987e+01 8.078245733291720398e+01 7.922134476404276882e+01 7.765962562958655724e+01 7.610006148243969903e+01 7.454459422025550452e+01 7.299680903538731513e+01 7.145793180294791114e+01 6.992874318144419021e+01 6.841011736078516492e+01 6.690335515134717070e+01 6.540951718028327377e+01 6.392903141593483696e+01 6.246338045173699527e+01 6.101200111590215158e+01 5.957675973024969807e+01 5.815689519926725382e+01 5.675416680849507856e+01 5.536901534635045863e+01 5.400059668494029097e+01 5.265233662981909646e+01 5.132625171673932130e+01 5.001524583021868153e+01 4.872707723976681393e+01 4.745937124429794096e+01 4.621630218751923280e+01 4.499555395503420385e+01 4.379834227299823368e+01 4.262629558639067540e+01 4.148027872861189991e+01 4.036134465727848664e+01 3.927047818598269657e+01 3.820980911090310173e+01 3.717903727466439534e+01 3.618209275692115057e+01 3.522018360901865464e+01 3.429407718339906097e+01 3.340634321349386937e+01 3.256162347921189593e+01 3.176013032734748975e+01 3.100617150050650750e+01 3.030219118141049961e+01 2.965244864281497783e+01 2.906157340619106577e+01 2.853346496676908473e+01 2.807183461997534479e+01 2.768128622287744278e+01 2.736647349037388821e+01 2.713239020034586702e+01 2.698122436165647642e+01 2.691453005034801649e+01 2.693693996129172774e+01 2.704323732685556081e+01 2.723673841272932350e+01 2.749685138873636703e+01 2.781593731707655692e+01 2.816686755144110066e+01 2.851193153657933976e+01 2.879142194345913808e+01 2.891218972724350778e+01 2.875020017410331263e+01 2.809885159731224746e+01 2.663442990448992020e+01
1.160401945135125601e+01 1.268868924052546276e+01 1.380369720026622993e+01 1.494876913731326695e+01 1.612279051361843329e+01 1.732376137846202013e+01 1.855195871897423743e+01 1.980564478723926314e+01 2.108424866926079488e+01 2.238709088018940818e+01 2.371238070785380714e+01 2.506029623555971853e+01 2.642953532739981171e+01 2.782059319025434974e+01 2.923032362574014087e+01 3.065978244655588369e+01 3.210740009571119202e+01 3.357271759710631898e+01 3.505525842741993614e+01 3.655426556939619331e+01 3.806778260249574686e+01 3.959755722985590864e+01 4.114059685070882466e+01 4.269711548813119606e+01 4.426680319258762353e+01 4.584806467053591206e+01 4.744112750445056292e+01 4.904466659289229113e+01 5.065790054718338808e+01 5.228121271795957625e+01 5.391261425734319346e+01 5.555226508330777335e+01 5.719872609982955680e+01 5.885142273979437988e+01 6.051096701221106855e+01 6.217491304071160130e+01 6.384288254854529043e+01 6.551364431512392628e+01 6.718862090833496836e+01 6.886418750640970643e+01 7.053962633160357143e+01 7.221593641159978461e+01 7.388987699669098674e+01 7.555994972164867818e+01 7.722461909029946980e+01 7.888111072501502008e+01 8.052538872717738627e+01 8.215175905424693781e+01 8.375063845199554180e+01 8.530517455070759070e+01 8.677932275267889395e+01 8.807532670751729142e+01 1.000000000000000000e+02 1.000000000000000000e+02 1.000000000000000000e+02 1.000000000000000000e+02 1.000000000000000000e+02 8.780793929974144874e+01 8.648946086752395956e+01 8.503538545795046844e+01 8.352276985411491239e+01 8.198188677048821660e+01 8.042737367814864058e+01 7.886670432350670978e+01 7.730545273623326352e+01 7.574779717974894311e+01 7.419541131143920154e+01 7.265007471872124256e+01 7.111445425727320924e+01 6.958808467410082699e+01 6.807284295158598297e+01 6.656954656430478678e+01 6.507956309797489780e+01 6.360330077949289773e+01 6.214120936577302956e+01 6.069253666260880919e+01 5.926040442221629689e+01 5.784451502601903883e+01 5.644445566575870998e+01 5.506269314103911228e+01 5.369795920720549276e+01 5.235403341251618770e+01 5.102702127226022810e+01 4.972086376786108985e+01 4.843616780771793628e+01 4.717189852598355770e+01 4.592892576944913685e+01 4.470812485610604625e+01 4.351394640370126154e+01 4.234291772528384712e+01 4.119748366865236022e+01 4.007851325802332099e+01 3.898757334760525595e+01 3.792603715894979644e+01 3.689481714623995856e+01 3.589518387229121288e+01 3.492998746375668162e+01 3.400136404396057088e+01 3.311000889275125303e+01 3.225914674675441773e+01 3.145172710015263817e+01 3.069043356296878855e+01 2.997931243369742305e+01 2.932036297317725015e+01 2.871964038604909319e+01 2.818039787190790335e+01 2.770758633767585977e+01 2.730530373870472260e+01 2.697952680298091366e+01 2.673390063120413274e+01 2.657276738541289873e+01 2.649934777693702159e+01 2.651434564796819515e+01 2.661930956643315938e+01 2.681511450652170936e+01 2.708791574991372642e+01 2.742105900083865322e+01 2.779915367506323776e+01 2.818303101385801668e+01 2.851941424689392690e+01 2.872324848379920326e+01 2.866982940280170666e+01 2.816208281125144453e+01 2.690181622728614741e+01
1.198915582497928156e+01 1.308165624500311530e+01 1.420424505629341816e+01 1.535608213303918390e+01 1.653622843896621575e+01 1.774325486404099195e+01 1.897685467419105620e+01 2.023559965761149115e+01 2.151919739642895735e+01 2.282630060803473171e+01 2.415592931524277276e+01 2.550755793946101235e+01 2.688066132658029161e+01 2.827428891246864850e+01 2.968742194794996436e+01 3.111940858233517204e+01 3.256924268026757119e+01 3.403683529236455030e+01 3.552133057375404945e+01 3.702169917868599924e+01 3.853699973386208910e+01 4.006743200711583341e+01 4.161189686158689227e+01 4.316932082071593868e+01 4.473952301859404201e+01 4.632145904687091331e+01 4.791404497760100156e+01 4.951757778591062475e+01 5.113123090748081978e+01 5.275341038255278647e+01 5.438485708853462341e+01 5.602384878360810916e+01 5.766956802155440442e+01 5.932154325549432627e+01 6.097887245218125685e+01 6.264111310259280430e+01 6.430769715277226339e+01 6.597710025205172713e+01 6.764952474409875549e+01 6.932276061539295142e+01 7.099707263419989545e+01 7.266924343315872648e+01 7.434006993427817633e+01 7.600709300974631333e+01 7.766690627030833127e+01 7.931881986866372358e+01 8.095733702719789449e+01 8.257601104025641803e+01 8.416340774343200337e+01 8.570160396605091080e+01 8.714339761270623796e+01 8.835643108357031394e+01 1.000000000000000000e+02 1.000000000000000000e+02 1.000000000000000000e+02 1.000000000000000000e+02 8.857462496793215223e+01 8.752037475503745156e+01 8.615628350704824356e+01 8.468524813220300018e+01 8.316482775272169192e+01 8.162061865319796539e+01 8.006423811108371069e+01 7.850549701023183502e+01 7.694581168126727277e+01 7.539065298316151598e+01 7.383978921630026093e+01 7.229854329374903443e+01 7.076600533909045510e+01 6.924348787006073280e+01 6.773269655716842408e+01 6.623251050844775989e+01 6.474581537395354758e+01 6.327316335367041233e+01 6.181412141759081891e+01 6.037019874395521413e+01 5.894085423842426508e+01 5.752814362795416514e+01 5.613228858341494742e+01 5.475337549332422071e+01 5.339357735659375948e+01 5.205168153186103552e+01 5.072864355537956271e+01 4.942523277501861401e+01 4.814173787865107101e+01 4.688413084352182381e+01 4.564104945149113490e+01 4.442369857547341638e+01 4.323045395409529590e+01 4.205946583316077891e+01 4.091693432547223352e+01 3.979860827225423492e+01 3.870802384166660204e+01 3.764568103950446698e+01 3.661393374126012645e+01 3.561320589535598913e+01 3.464593150712885006e+01 3.371316649535057763e+01 3.281888397285646164e+01 3.196353801311926190e+01 3.115071552423788148e+01 3.038298545737110246e+01 2.966400156658790621e+01 2.899761780043799320e+01 2.838729818311455233e+01 2.783718753263199019e+01 2.735398790629395194e+01 2.694068432687986103e+01 2.660262239239767723e+01 2.634575542805794868e+01 2.617414287068490353e+01 2.609232546832436128e+01 2.609947286692183610e+01 2.620091973493643422e+01 2.639621563493985690e+01 2.667471090151682844e+01 2.702319122904408744e+01 2.742527176117336296e+01 2.784347628213197368e+01 2.823426626680649676e+01 2.851336081130621025e+01 2.855671694679969974e+01 2.818797438757058060e+01 2.712013492682555693e+01
1.238541736731606591e+01 1.348567623105596525e+01 1.461453369821546033e+01 1.577365319358189311e+01 1.696032524210372472e+01 1.817323704547754204e+01 1.941216969951148386e+01 2.067604217678415779e+01 2.196444414915681520e+01 2.327578893729366172e+01 2.460923221299141517e+01 2.596490226504569776e+01 2.734146150203432413e+01 2.873779118298642743e+01 3.015367809126819765e+01 3.158804096704934494e+01 3.304090887711981139e+01 3.451050607391945846e+01 3.599654391742874537e+01 3.749896052502802490e+01 3.901547182469712283e+01 4.054716214307705258e+01 4.209273858855011952e+01 4.365056961026283489e+01 4.522125633393502397e+01 4.680333543943551433e+01 4.839633431412116238e+01 5.000003661182440595e+01 5.161351509354668821e+01 5.323524315147894015e+01 5.486581876256365575e+01 5.650294247129805569e+01 5.814786714983921456e+01 5.979864274650440592e+01 6.145545167702740486e+01 6.311673093276043289e+01 6.478098287325848048e+01 6.644854500000569431e+01 6.811907556667311781e+01 6.978959916945741782e+01 7.146101881991995697e+01 7.313009782883290200e+01 7.479810009202346066e+01 7.646055424469425077e+01 7.811720120939180845e+01 7.976368240750136351e+01 8.139479569335125575e+01 8.300479208699871947e+01 8.458074428280502843e+01 8.609787437304709101e+01 8.749977304934515132e+01 8.859521606388463510e+01 1.000000000000000000e+02 1.000000000000000000e+02 1.000000000000000000e+02 1.000000000000000000e+02 8.838586174822208363e+01 8.721105172262724636e+01 8.581218413801985889e+01 8.432579401570710331e+01 8.279939908601126319e+01 8.125311467472182869e+01 7.969690028551649164e+01 7.813813521435702114e+01 7.658102454783806934e+01 7.502793464851419003e+01 7.348140799938454393e+01 7.194320613550419807e+01 7.041368146899098690e+01 6.889479420579455393e+01 6.738592951539688158e+01 6.588979159083253023e+01 6.440648869677126243e+01 6.293720300445563254e+01 6.148314174398608145e+01 6.004209692836809609e+01 5.861781389260350750e+01 5.720951179831601507e+01 5.581686341144020957e+01 5.444200397106260425e+01 5.308514802899316010e+01 5.174686174026549423e+01 5.042775704704873618e+01 4.912794954945766079e+01 4.784782664107783745e+01 4.658870174435620726e+01 4.535606496611072913e+01 4.413801719089340025e+01 4.294619866752328363e+01 4.177934206094220571e+01 4.063632292531536194e+01 3.951970473064287148e+01 3.842968347751283176e+01 3.736754913619230933e+01 3.633612122485422447e+01 3.533408959855436393e+01 3.436537725957244760e+01 3.343115146335038190e+01 3.253361821013458410e+01 3.167389955688852865e+01 3.085641990011851377e+01 3.008299860448227037e+01 2.935664736207342784e+01 2.868276282180380932e+01 2.806390717371325394e+01 2.750441635253671890e+01 2.701018998712332220e+01 2.658563301723070182e+01 2.623587202365944648e+01 2.596667852977284596e+01 2.578398991238550764e+01 2.569141414992138905e+01 2.569238638517542483e+01 2.578845453058825754e+01 2.597935537791369143e+01 2.626439028260728747e+01 2.662412400473497343e+01 2.704658745338225501e+01 2.749877205933882607e+01 2.793666634647478020e+01 2.828373408249467147e+01 2.841769455804040589e+01 2.817699053549008781e+01 2.728698505101953131e+01
1.279231563720761855e+01 1.390012384941235979e+01 1.503728650925842913e+01 1.620242694710017872e+01 1.739470633702244839e+01 1.861351372539775539e+01 1.985814319132229855e+01 2.112711464390869409e+01 2.241974586319670593e+01 2.373553750042929522e+01 2.507318385360678548e+01 2.643250379966911723e+01 2.781209165074696088e+01 2.921157524471681555e+01 3.063052017737407695e+01 3.206735378265435088e+01 3.352187235068934967e+01 3.499374564590724646e+01 3.648176695527820357e+01 3.798550098078463577e+01 3.950385811638034284e+01 4.103618990806428002e+01 4.258199892607508019e+01 4.414128686478610319e+01 4.571236743678229431e+01 4.729472561110564754e+01 4.888767819676652948e+01 5.049024872593592761e+01 5.210404210250006685e+01 5.372531541129681187e+01 5.535505368767206136e+01 5.699222353080393333e+01 5.863537577390065536e+01 6.028522165798720067e+01 6.193998977097117375e+01 6.359864905582362127e+01 6.526269620765991419e+01 6.692816423231036538e+01 6.859574696957110973e+01 7.026420562319376018e+01 7.193248680805423589e+01 7.359920429897546512e+01 7.526362310319039750e+01 7.692231442058997004e+01 7.857264201485122612e+01 8.021417254477093195e+01 8.183862154503519548e+01 8.343925297285798592e+01 8.500044202796502191e+01 8.649361602207373778e+01 8.784518187629578279e+01 1.000000000000000000e+02 1.000000000000000000e+02 1.000000000000000000e+02 1.000000000000000000e+02 1.000000000000000000e+02 8.814144116807057117e+01 8.688432943361043215e+01 8.545707099206936164e+01 8.395897753397497354e+01 8.242680417859855879e+01 8.087890139296524694e+01 7.932364212276935689e+01 7.776711930708152920e+01 7.621052543319683537e+01 7.466085115421734031e+01 7.311684549774309971e+01 7.158197616417939457e+01 7.005550401553124118e+01 6.854016255179787720e+01 6.703591802608058003e+01 6.554379142557689875e+01 6.406424868734589495e+01 6.259984244342293636e+01 6.114852925415186036e+01 5.971223080835103758e+01 5.829153335181969453e+01 5.688700176345938075e+01 5.549932875575991176e+01 5.412791595230579134e+01 5.277516238220896128e+01 5.144056892336563891e+01 5.012477095901262203e+01 4.882840440665891890e+01 4.755256339957801970e+01 4.629748632177721390e+01 4.506297939359457416e+01 4.385474142589749391e+01 4.266230604997660691e+01 4.149808186702437496e+01 4.035667447137465302e+01 3.924179628846230372e+01 3.815288526231038446e+01 3.709163932504050365e+01 3.606008200401744546e+01 3.505876253449136470e+01 3.408893222310137361e+01 3.315226200232130083e+01 3.225143918528264919e+01 3.138993436904036116e+01 3.056787814959247385e+01 2.978952581957242529e+01 2.905748310696010250e+01 2.837625708485722598e+01 2.774834411976206994e+01 2.717979383246109748e+01 2.667534489411594834e+01 2.624011064573153007e+01 2.587907328508330806e+01 2.559862437027057425e+01 2.540366031849510264e+01 2.530007333547456128e+01 2.529165506854069889e+01 2.538178479316185587e+01 2.556965240563825503e+01 2.585586356196477453e+01 2.622718307785604352e+01 2.666428460140688372e+01 2.714508520284503135e+01 2.762391162028907843e+01 2.802919376503896132e+01 2.825243402779240398e+01 2.813320715927745042e+01 2.741153269047957863e+01
1.321059685102023984e+01 1.432592431711590208e+01 1.546974916882382090e+01 1.664162474854970952e+01 1.784007748658449444e+01 1.906484151447898157e+01 2.031419820988916669e+01 2.158843361107621917e+01 2.288573758807935832e+01 2.420549110365070078e+01 2.554721276426652565e+01 2.690996373819375265e+01 2.829305266680293229e+01 2.969560643741482409e+01 3.111680458143184325e+01 3.255665848000411700e+01 3.401340909503629462e+01 3.548737961857138856e+01 3.697681904822120913e+01 3.848141868233324914e+01 4.000133616797651115e+01 4.153479795413990416e+01 4.308191471117759619e+01 4.464097002786849089e+01 4.621215696134195383e+01 4.779488507458700042e+01 4.938782157697685449e+01 5.099138462420304307e+01 5.260340000243519398e+01 5.422450481214284679e+01 5.585343872596605053e+01 5.748928919594025189e+01 5.913165041274795186e+01 6.078031454529316591e+01 6.243356338096062075e+01 6.409095975351266361e+01 6.575198191434188288e+01 6.741567759925067094e+01 6.908050942041451492e+01 7.074656662493879367e+01 7.241206652036031244e+01 7.407558935684249946e+01 7.573490418514350608e+01 7.738993180900155266e+01 7.903637582703136388e+01 8.067016073360530015e+01 8.228802476975133118e+01 8.387753433692904537e+01 8.542247227377866636e+01 8.688720125205010447e+01 8.817218182951130245e+01 1.000000000000000000e+02 1.000000000000000000e+02 1.000000000000000000e+02 1.000000000000000000e+02 1.000000000000000000e+02 8.785964655199491347e+01 8.654110652016895244e+01 8.509134891218337771e+01 8.358435358173638008e+01 8.204809561146757346e+01 8.049835103375872336e+01 7.894421546858561101e+01 7.738774147536919656e+01 7.583529989473019839e+01 7.428791987594878776e+01 7.274785842258815194e+01 7.121458366006369545e+01 6.969330629277548894e+01 6.818092915822506939e+01 6.668126683492261009e+01 6.519298491378104643e+01 6.371838582363329806e+01 6.225734304133448660e+01 6.081047213468904999e+01 5.937857915850162982e+01 5.796267576670706489e+01 5.656087417489499103e+01 5.517681268918555304e+01 5.381083596226871890e+01 5.246252866447947127e+01 5.113202047901501857e+01 4.982011651358049420e+01 4.852709997559687594e+01 4.725513744022542539e+01 4.600230473677336818e+01 4.477287626338332416e+01 4.356403416404113216e+01 4.238161876166559239e+01 4.121586751991981146e+01 4.007784597787051695e+01 3.896487426588159053e+01 3.787794051222989111e+01 3.681754964581539724e+01 3.578621967401268478e+01 3.478489239961970725e+01 3.381508793310686656e+01 3.287742834674315162e+01 3.197592214349657169e+01 3.111006868580191664e+01 3.028479305271443067e+01 2.950212317883886826e+01 2.876472759147289437e+01 2.807598000363259416e+01 2.744196424376399435e+01 2.686454069867644279e+01 2.635040438348846692e+01 2.590371348459796863e+01 2.553158680185924112e+01 2.523836512305067714e+01 2.503241620073304219e+01 2.491823499755879823e+01 2.489949148645214194e+01 2.498156465525691772e+01 2.516484190446666247e+01 2.544765117348625338e+01 2.582800821282469173e+01 2.628028015389470795e+01 2.678637530616311224e+01 2.730140575960856708e+01 2.776475179214079603e+01 2.807070597848600002e+01 2.806371101198026352e+01 2.749599563626452436e+01
1.364015718676574451e+01 1.476297029440625153e+01 1.591379348862058762e+01 1.709217347741466142e+01 1.829663482526597917e+01 1.952703743914897672e+01 2.078152548036565861e+01 2.206041901264382687e+01 2.336215492757852630e+01 2.468605610794611849e+01 2.603152162655601032e+01 2.739821997614633275e+01 2.878446163210625031e+01 3.018971547495696939e+01 3.161393946269719279e+01 3.305586155245379132e+01 3.451453221738005794e+01 3.599022595685158166e+01 3.748174054724942295e+01 3.898757726294915926e+01 4.050811969597041440e+01 4.204299020576550561e+01 4.359035250151472951e+01 4.515043868909036462e+01 4.672181448066481124e+01 4.830467397918273065e+01 4.989737758893401320e+01 5.150079048884699517e+01 5.311173729896427886e+01 5.473277766654622667e+01 5.636062279854595403e+01 5.799532862586011817e+01 5.963619429811244288e+01 6.128333139579201827e+01 6.293412439806167669e+01 6.459052660281101055e+01 6.624916524072419577e+01 6.791067549834104966e+01 6.957354559973143182e+01 7.123628966971364207e+01 7.289816539328084843e+01 7.455906580262865191e+01 7.621388706172575667e+01 7.786466225585142809e+01 7.950597043282456866e+01 8.113398816267384461e+01 8.274175358916909317e+01 8.431926635918779311e+01 8.584545597080381185e+01 8.727488908680652457e+01 8.846891983264818293e+01 1.000000000000000000e+02 1.000000000000000000e+02 1.000000000000000000e+02 1.000000000000000000e+02 8.862175310006503537e+01 8.754920820795913983e+01 8.618409987932599847e+01 8.471634386006931550e+01 8.320052539378168888e+01 8.166193422861485374e+01 8.011160068548326763e+01 7.855818286356056035e+01 7.700351296903403409e+01 7.545365156143600416e+01 7.390954000780054400e+01 7.237199041359457397e+01 7.084399493779700663e+01 6.932548167195659516e+01 6.781813082048628871e+01 6.632130690986595312e+01 6.483713429241808512e+01 6.336729698209433082e+01 6.191136019771835919e+01 6.046877257919624782e+01 5.904107274281800244e+01 5.762913393118181204e+01 5.623288512116164384e+01 5.485355369480555510e+01 5.349162526653044125e+01 5.214660194469325205e+01 5.082066256006674365e+01 4.951268461179758873e+01 4.822490226829206961e+01 4.695546425170773830e+01 4.570771381917916187e+01 4.448140262059452255e+01 4.327613288369131084e+01 4.209348185917488649e+01 4.093757688357750624e+01 3.979854285613419052e+01 3.868856233346829043e+01 3.760285130758143168e+01 3.654470444145048447e+01 3.551444612256253919e+01 3.451418478665346612e+01 3.354390414619790306e+01 3.260605971507513345e+01 3.170265658740363079e+01 3.083528691922253628e+01 3.000710802014583578e+01 2.922013345128264916e+01 2.847835418152693165e+01 2.778400062278891625e+01 2.714202928905275058e+01 2.655649430384812248e+01 2.603202386686520597e+01 2.557652655781855700e+01 2.519223426344344574e+01 2.488902418215178614e+01 2.467035392645449221e+01 2.454401903767499249e+01 2.451503372409003134e+01 2.458826019714502920e+01 2.476599235635312724e+01 2.504659799152258870e+01 2.542972906267567623e+01 2.589466931705740649e+01 2.642252503446077583e+01 2.697362961095285527e+01 2.749021744340635109e+01 2.786960526302042496e+01 2.796396943532851864e+01 2.754363101369393618e+01
1.408126702675047781e+01 1.521137784610512256e+01 1.636883785277254333e+01 1.755368652614464153e+01 1.876456758781961298e+01 2.000010645611022397e+01 2.126018327573344635e+01 2.254346442824413188e+01 2.385000461716907338e+01 2.517775454176651806e+01 2.652713224365383837e+01 2.789670504603078882e+01 2.928629567331055839e+01 3.069434138104609744e+01 3.212103723683562606e+01 3.356529045576709080e+01 3.502618381791532443e+01 3.650364938686946203e+01 3.799605063288389317e+01 3.950385415728578664e+01 4.102546383686696885e+01 4.256088735134726164e+01 4.410903171133583101e+01 4.566899933522470434e+01 4.724084204745763316e+01 4.882365843732300448e+01 5.041667549478927413e+01 5.201888370670670980e+01 5.362968320627356889e+01 5.524936612864668461e+01 5.687627978785458538e+01 5.850982227811749681e+01 6.014978243374658007e+01 6.179479505104852421e+01 6.344396551274413554e+01 6.509882335001388753e+01 6.675458553164416742e+01 6.841381910249226905e+01 7.007370923721123290e+01 7.173438929048883494e+01 7.339260383361427387e+01 7.504939542152696674e+01 7.670116009835329862e+01 7.834665761207564572e+01 7.998168902097860666e+01 8.160219016803492309e+01 8.320154240808325596e+01 8.476529171827398557e+01 8.626858439821161539e+01 8.765384574217436864e+01 8.871205471780803009e+01 1.000000000000000000e+02 1.000000000000000000e+02 1.000000000000000000e+02 1.000000000000000000e+02 8.840618972186518931e+01 8.721491258292498117e+01 8.581489419211285963e+01 8.433122626912792441e+01 8.280931691057190847e+01 8.126864306958944439e+01 7.971804268279657890e+01 7.816472038590353577e+01 7.661445411970836972e+01 7.506680885070721843e+01 7.352545388840785279e+01 7.199117130015415000e+01 7.046784239782853376e+01 6.895330680120184752e+01 6.744990333596526000e+01 6.595871101485433030e+01 6.447914672275703651e+01 6.301338348210619245e+01 6.156098461094088492e+01 6.012313241332240210e+01 5.870039109549629330e+01 5.729287212613832025e+01 5.590178629511405006e+01 5.452661180276137287e+01 5.316930024978354652e+01 5.182893504797274886e+01 5.050694683586518607e+01 4.920376096922025511e+01 4.791984982532515858e+01 4.665597479884264942e+01 4.541104095131911578e+01 4.418840814652968874e+01 4.298761036800367208e+01 4.180806499939284748e+01 4.065191350599330633e+01 3.952246922601992196e+01 3.841170310112005382e+01 3.732914440910932541e+01 3.627314880141173603e+01 3.524474802301891430e+01 3.424413248362384365e+01 3.327501158383058311e+01 3.233691101909920462e+01 3.143324561673112072e+01 3.056439146676346397e+01 2.973409221916163503e+01 2.894400383984938685e+01 2.819680917791200869e+01 2.749823367847228184e+01 2.684988427008941869e+01 2.625689352807917132e+01 2.572434709819743048e+01 2.525818154925165615e+01 2.486383460419577673e+01 2.454831215850061810e+01 2.431735533979636443e+01 2.417905549567890233e+01 2.414062129616498709e+01 2.420241309674972996e+01 2.437309162813292573e+01 2.465079219752083262e+01 2.503486285562157576e+01 2.551135606840329118e+01 2.605526913117720511e+01 2.663765908063979637e+01 2.720025878264810260e+01 2.765231633243175935e+01 2.784166355999694176e+01 2.755800079745214148e+01
1.453388726928630525e+01 1.567104255694852277e+01 1.683550321475281208e+01 1.802652708440649576e+01 1.924327622997150655e+01 2.048423073609808398e+01 2.174932809621483898e+01 2.303786881137806120e+01 2.434806940202909331e+01 2.568010338558029915e+01 2.703300559797476765e+01 2.840626787838639444e+01 2.979862655919219705e+01 3.120991585390878598e+01 3.263867337741096719e+01 3.408472876254495532e+01 3.554790050143573410e+01 3.702650815626591196e+01 3.852102163189563555e+01 4.003009912123424385e+01 4.155236895129193186e+01 4.308849021706223681e+01 4.463679000159939392e+01 4.619726675839401508e+01 4.776948701915975448e+01 4.935202767693120762e+01 5.094461358393953532e+01 5.254638718156752475e+01 5.415677498995910355e+01 5.577527202219538793e+01 5.740107784246717415e+01 5.903330392156147610e+01 6.067162495257433363e+01 6.231522863830170422e+01 6.396231069959929982e+01 6.561437902047416060e+01 6.726809114988847682e+01 6.892520263956647852e+01 7.058153388598414324e+01 7.223923442395555128e+01 7.389477416484704975e+01 7.554647194377545816e+01 7.719424968919695118e+01 7.883468550901255867e+01 8.046347199450866583e+01 8.207675647419466713e+01 8.366476369931419299e+01 8.521191981512387770e+01 8.669075882155719626e+01 8.801825169109457647e+01 1.000000000000000000e+02 1.000000000000000000e+02 1.000000000000000000e+02 1.000000000000000000e+02 1.000000000000000000e+02 8.813291919426134768e+01 8.686185558042664923e+01 8.543182639113095433e+01 8.393765193934071078e+01 8.241134325150173368e+01 8.086813402426714958e+01 7.931767152929046460e+01 7.776616730485508810e+01 7.621883490979325870e+01 7.467424646420373335e+01 7.313644562608561728e+01 7.160679361228461914e+01 7.008706075862275497e+01 6.857664517587129183e+01 6.707786981124696979e+01 6.559004513966240779e+01 6.411529065776507252e+01 6.265370970126280525e+01 6.120700651554655991e+01 5.977415152533942688e+01 5.835560860002294703e+01 5.695345947169051470e+01 5.556677552374426199e+01 5.419657783870829348e+01 5.284377290506823499e+01 5.150813418809696742e+01 5.019141523101608726e+01 4.889296217987846660e+01 4.761216976093665210e+01 4.635287865493425841e+01 4.511246919805332567e+01 4.389451463110805207e+01 4.269754948005445527e+01 4.152202574781021838e+01 4.036889899387371372e+01 3.924018722538896498e+01 3.813867248153653122e+01 3.705547268321394938e+01 3.600130079423144025e+01 3.497559234665109784e+01 3.397695369070849836e+01 3.300830635822934767e+01 3.207100074252363697e+01 3.116622969453154468e+01 3.029677178289915673e+01 2.946462904033780816e+01 2.867196034241982261e+01 2.792179950577783387e+01 2.721836398653628564e+01 2.656384859803729981e+01 2.596423345019605122e+01 2.542379852059600864e+01 2.494792001235435208e+01 2.454353116184312356e+01 2.421656660757628288e+01 2.397396922859703494e+01 2.382352466760437792e+01 2.377141423926936170e+01 2.382431649667526941e+01 2.398681941064236867e+01 2.425971385810421310e+01 2.464019532387681366e+01 2.512592131188248246e+01 2.568636091381251063e+01 2.629615599618593080e+01 2.690203145044079847e+01 2.741173627516701927e+01 2.769429643314456158e+01 2.754093165630218110e+01
1.499861370987619580e+01 1.614289775615014122e+01 1.731415508427113181e+01 1.851095099831291435e+01 1.973341520320216347e+01 2.098016466391435841e+01 2.224990435482883200e+01 2.354311526764280060e+01 2.485751055063658654e+01 2.619343986169326755e+01 2.754979416072801257e+01 2.892609629467439802e+01 3.032127537430686459e+01 3.173529262194809775e+01 3.316683555516962656e+01 3.461494563874131103e+01 3.608001687523336898e+01 3.756027447691271703e+01 3.905565497155877352e+01 4.056592030143939809e+01 4.208946606244915500e+01 4.362563517063683349e+01 4.517510505787717534e+01 4.673559898469557083e+01 4.830770748309315366e+01 4.988978322477712624e+01 5.148154648191471949e+01 5.308330724266334499e+01 5.469305593778874908e+01 5.631007632619821379e+01 5.793489308479251321e+01 5.956614474790984559e+01 6.120256377962440553e+01 6.284426810247934014e+01 6.449012175436760685e+01 6.613895336558380222e+01 6.779046324868873796e+01 6.944417255352564666e+01 7.109839731229131132e+01 7.275210161177962220e+01 7.440397253854239068e+01 7.605226976740597422e+01 7.769494514577601763e+01 7.932969211701539791e+01 8.095209606071776420e+01 8.255631469120530141e+01 8.413238933341378356e+01 8.566215090630682027e+01 8.710788619045365522e+01 8.835710411628298289e+01 1.000000000000000000e+02 1.000000000000000000e+02 1.000000000000000000e+02 1.000000000000000000e+02 8.878052304131087169e+01 8.782161187721288798e+01 8.648946148511947740e+01 8.503915814975083265e+01 8.353533843945535864e+01 8.200499836852065982e+01 8.046064334459124723e+01 7.891220096279091933e+01 7.736342111234183960e+01 7.581746744883524514e+01 7.427667667550889519e+01 7.274286296625561477e+01 7.121674626748070125e+01 6.970002557383484998e+01 6.819515284758081464e+01 6.670037453988030052e+01 6.521748524065841934e+01 6.374802611356666660e+01 6.229085898368897745e+01 6.084918894419035951e+01 5.942058912270798032e+01 5.800775835577169914e+01 5.660905846460111235e+01 5.522824564930260038e+01 5.386262051498334102e+01 5.251552279191851369e+01 5.118463752007576062e+01 4.987219079427023161e+01 4.857824697819268778e+01 4.730369897909925925e+01 4.604869776387150182e+01 4.481362283966532090e+01 4.359871491609999339e+01 4.240515687347388507e+01 4.123418926123317618e+01 4.008564379294469404e+01 3.896010772272305900e+01 3.785838888216564868e+01 3.678537125465540925e+01 3.573146790466063294e+01 3.470643803480754030e+01 3.371025468759252419e+01 3.274345518433914037e+01 3.180726602805006209e+01 3.090203550223682427e+01 3.003270748379734911e+01 2.919908725071478273e+01 2.840371841548591192e+01 2.765121445147166312e+01 2.694368534520456038e+01 2.628394374672033962e+01 2.567839087573833368e+01 2.512963948477625564e+01 2.464531463649218779e+01 2.423118896524204402e+01 2.389300982370749082e+01 2.363900387492209276e+01 2.347564781100767206e+01 2.341077749786504114e+01 2.345420860529100437e+01 2.360932927551298022e+01 2.387410351776146911e+01 2.425320293445787456e+01 2.474146381081913049e+01 2.531612772497585695e+01 2.595024308436426708e+01 2.659056017457631782e+01 2.716259363834546647e+01 2.753101129937143199e+01 2.749639420178340288e+01
1.547480504035283388e+01 1.662651257011191674e+01 1.780406556435395515e+01 1.900754121209357095e+01 2.023510647355933756e+01 2.148727879610970959e+01 2.276216312395528263e+01 2.405901830837011701e+01 2.537851671510412643e+01 2.671734082498570118e+01 2.807769929285738186e+01 2.945718877883205522e+01 3.085526509983154142e+01 3.227185043916522744e+01 3.370569916238672903e+01 3.515594240453504682e+01 3.662232085604589571e+01 3.810459419845041396e+01 3.960033824789599066e+01 4.111223504419560015e+01 4.263625607198234491e+01 4.417336600325776175e+01 4.572291005448319368e+01 4.728368654786707737e+01 4.885537089551566226e+01 5.043731891198668649e+01 5.202901268753892339e+01 5.362942527357243705e+01 5.523773391074827543e+01 5.685436813682531465e+01 5.847739742472546709e+01 6.010696135585465072e+01 6.174169331815802053e+01 6.338151325594670027e+01 6.502542965534281905e+01 6.667215637835242603e+01 6.832145219814154302e+01 6.997173558430766604e+01 7.162293093504467834e+01 7.327291218086504898e+01 7.491999863509006730e+01 7.656450475646015263e+01 7.820281988444266119e+01 7.983158735251875271e+01 8.144657290027205931e+01 8.304140505402313011e+01 8.460342924134444331e+01 8.611184743175768119e+01 8.751521700322747677e+01 8.865368771503757728e+01 1.000000000000000000e+02 1.000000000000000000e+02 1.000000000000000000e+02 1.000000000000000000e+02 8.860615539739625035e+01 8.747962626970151234e+01 8.610576029139191689e+01 8.463635263277038234e+01 8.312481267821131325e+01 8.159149350622371344e+01 8.004613762785700715e+01 7.849944525882001756e+01 7.695347964997071699e+01 7.541051404756869658e+01 7.387388867153590866e+01 7.234344634117091744e+01 7.082184900832764640e+01 6.930990578667569935e+01 6.780872592648721309e+01 6.631851023064412232e+01 6.484087404138618638e+01 6.337631406558804770e+01 6.192507351025790996e+01 6.048682256778999999e+01 5.906318829631909040e+01 5.765488883937770481e+01 5.626232995677076332e+01 5.488577332846031709e+01 5.352669855731413406e+01 5.218395771191968180e+01 5.085820572733526035e+01 4.955101920994502507e+01 4.826134541435115466e+01 4.699276491069067418e+01 4.574158399699691557e+01 4.451142352007136793e+01 4.330197826591384569e+01 4.211247256614173295e+01 4.094591124951612215e+01 3.980190275234766517e+01 3.868007627504248802e+01 3.758189896146122067e+01 3.650781944232653586e+01 3.546422864859238899e+01 3.443959856911252615e+01 3.344482359912495184e+01 3.247982968609866816e+01 3.154455477121872420e+01 3.064131127346820804e+01 2.977119256595766217e+01 2.893715761701557554e+01 2.814041326541135746e+01 2.738460707189089760e+01 2.667301168122527955e+01 2.600963877669123647e+01 2.539765530673009408e+01 2.484307471493034569e+01 2.435043243316251704e+01 2.392651400968293274e+01 2.357820836604386372e+01 2.331250958456177003e+01 2.313777292815276709e+01 2.306135239847518648e+01 2.309220820400691565e+01 2.323512724271134999e+01 2.349424036009368777e+01 2.386984967020610071e+01 2.436062561916545377e+01 2.494765259160772786e+01 2.559945089319219846e+01 2.627812204826479459e+01 2.690291237072861463e+01 2.735353233177352195e+01 2.742984564217915278e+01
1.596381996249973767e+01 1.712174873823053645e+01 1.830595574344842191e+01 1.951553084689187045e+01 2.074891681495811824e+01 2.200607467355757407e+01 2.328558795055559827e+01 2.458743468601215554e+01 2.591020057776009011e+01 2.725335576257372594e+01 2.861685723191803632e+01 2.999931916922395914e+01 3.140015339285857721e+01 3.281899418989594608e+01 3.425468877305755910e+01 3.570714277092356070e+01 3.717525590545480441e+01 3.865870261222296023e+01 4.015630355785639694e+01 4.166844490302770510e+01 4.319343506149444778e+01 4.473121503504583529e+01 4.628062318340865033e+01 4.784091041435769398e+01 4.941298982246443927e+01 5.099413343300768986e+01 5.258444358137828090e+01 5.418470225342746005e+01 5.579245838716118300e+01 5.740789339534122604e+01 5.902933472680598470e+01 6.065736804105422664e+01 6.229019809419300202e+01 6.392754285374579837e+01 6.556905849544250486e+01 6.721388547654103718e+01 6.886000064081790129e+01 7.050815056326997876e+01 7.215583824965138149e+01 7.380121146020211143e+01 7.544565857686134791e+01 7.708511185656907116e+01 7.871727709118945882e+01 8.033934317946167880e+01 8.194749271586651673e+01 8.353173360784644785e+01 8.507827022697608754e+01 8.655917528984127784e+01 8.791083724955434775e+01 8.886523519926792858e+01 1.000000000000000000e+02 1.000000000000000000e+02 1.000000000000000000e+02 1.000000000000000000e+02 8.834589693296514668e+01 8.711520752202623896e+01 8.570616646195047394e+01 8.422409167919491324e+01 8.270474681520239812e+01 8.117104406709188424e+01 7.962764737150291694e+01 7.808152246331113133e+01 7.653751412974698098e+01 7.499801091788623353e+01 7.346425512245269829e+01 7.193872743677287929e+01 7.042094637599365115e+01 6.891395801266402543e+01 6.741786610870349250e+01 6.593227185919454314e+01 6.445997006414583552e+01 6.299957197121111818e+01 6.155354938216069627e+01 6.011848787528278848e+01 5.870308662240937281e+01 5.730002327218011260e+01 5.591249823996118096e+01 5.454093110861639815e+01 5.318668654485767888e+01 5.184968072003304229e+01 5.052830061240189963e+01 4.922711083331867599e+01 4.794224550451803424e+01 4.667821336758818518e+01 4.543308435608154383e+01 4.420718712515050441e+01 4.300285254894318143e+01 4.181877448964410604e+01 4.065639690054629796e+01 3.951521787236345062e+01 3.839840971332025532e+01 3.730444610919464310e+01 3.623478461850712051e+01 3.519024921501517866e+01 3.417478686829462475e+01 3.318061203445476792e+01 3.221814599049043437e+01 3.128386253661712502e+01 3.038193648003598568e+01 2.951171234607700100e+01 2.867778206271271912e+01 2.787998153571858850e+01 2.712291993473855456e+01 2.640838275287831038e+01 2.574072012198151782e+01 2.512364644569031924e+01 2.456285099029000918e+01 2.406263744657866255e+01 2.362977802481416489e+01 2.327125946687527147e+01 2.299485491807842408e+01 2.280797929932395363e+01 2.271982298331335315e+01 2.273793587157874185e+01 2.286984350512528863e+01 2.312066409366698849e+01 2.349165470491258034e+01 2.397943575878578315e+01 2.457709359839439500e+01 2.524837474391684466e+01 2.595747578397577016e+01 2.663278067999802445e+01 2.715564527049566479e+01 2.733582642695220244e+01
1.646441767991949590e+01 1.762999896522060439e+01 1.882036769298061074e+01 2.003523568095630836e+01 2.127426853351765956e+01 2.253649364008474265e+01 2.382087549753731892e+01 2.512668979688735860e+01 2.645302065112387169e+01 2.780078127731385607e+01 2.916702692311390166e+01 3.055211863634205116e+01 3.195628103216541405e+01 3.337724174893183715e+01 3.481486002999329799e+01 3.626917611516228135e+01 3.773916045567015942e+01 3.922340047138729346e+01 4.072214311269983966e+01 4.223521095321520846e+01 4.376061698560296520e+01 4.529827307224030619e+01 4.684840943979856576e+01 4.840877454315317863e+01 4.997983367746338956e+01 5.156090527060570849e+01 5.315088951167790299e+01 5.474932225245303385e+01 5.635587300009164125e+01 5.796993205756548662e+01 5.959018013777394884e+01 6.121654004172066976e+01 6.284690083622496104e+01 6.448265342385886356e+01 6.612087941749140896e+01 6.776324400027579031e+01 6.940717650353951740e+01 7.105167636978396217e+01 7.269658684278333283e+01 7.433946473362770746e+01 7.597786670583968771e+01 7.761208755751505350e+01 7.923913772540996092e+01 8.085395025443092720e+01 8.245038235398725135e+01 8.402371012465910383e+01 8.555357770578586951e+01 8.700410220168947717e+01 8.828348275663086042e+01 1.000000000000000000e+02 1.000000000000000000e+02 1.000000000000000000e+02 1.000000000000000000e+02 1.000000000000000000e+02 8.803177962999106398e+01 8.673115247973559860e+01 8.529523896654372095e+01 8.380139233005279209e+01 8.227838389706212752e+01 8.074306164823451581e+01 7.919961029071383507e+01 7.765740490197477186e+01 7.611714546074827581e+01 7.458061388607023900e+01 7.305056527538215505e+01 7.152885790145062117e+01 7.001555906712833632e+01 6.851388514237073935e+01 6.702169434645372803e+01 6.554235228421802617e+01 6.407419522946125312e+01 6.261864335107594570e+01 6.117616491848820459e+01 5.975084558374923205e+01 5.833827593763157893e+01 5.694066346717894334e+01 5.555805447958957188e+01 5.419233339618102718e+01 5.284419254141605649e+01 5.151179273408934733e+01 5.019653312526340727e+01 4.889984308291175097e+01 4.762178289315430391e+01 4.636235109619266836e+01 4.512224963086685392e+01 4.390108301920586342e+01 4.270173016486958062e+01 4.152321907878388174e+01 4.036508341724081816e+01 3.922989647325996998e+01 3.811646699238592362e+01 3.702718071540689238e+01 3.595997428816794184e+01 3.491916318562638111e+01 3.390473604439139166e+01 3.291791391566465563e+01 3.195581921525919711e+01 3.102494251204913667e+01 3.012415367140062017e+01 2.925513424353186664e+01 2.842089778138166167e+01 2.762317154552812326e+01 2.686412350774314461e+01 2.614738412371506726e+01 2.547634112616055191e+01 2.485556733798164331e+01 2.428838235257343570e+01 2.378078089441459753e+01 2.334013022763170397e+01 2.297150983862908902e+01 2.268449017341048801e+01 2.248591489591016312e+01 2.238585132536536904e+01 2.239194155815994591e+01 2.251209760225644274e+01 2.275589367378392325e+01 2.311873874724459199e+01 2.360525323762053773e+01 2.420789126403875002e+01 2.489514744962276893e+01 2.563294934454907192e+01 2.635125781426618374e+01 2.694417082577250611e+01 2.722384854793815734e+01
1.697827051629631256e+01 1.814993855755269081e+01 1.934670288312220165e+01 2.056764013756314924e+01 2.181174676946784530e+01 2.307874774343659041e+01 2.436757360547206019e+01 2.567761753394718482e+01 2.700855752407132115e+01 2.835879742011251281e+01 2.972866341186460915e+01 3.111685293258615914e+01 3.252284079334658884e+01 3.394619301934752542e+01 3.538630047637265363e+01 3.684217105294054306e+01 3.831318781221746406e+01 3.979877012020206450e+01 4.129877578558291873e+01 4.281217376957869902e+01 4.433820749369937886e+01 4.587628802522289817e+01 4.742592962416741642e+01 4.898579686565260971e+01 5.055725192616554864e+01 5.213704920529374220e+01 5.372664709632623925e+01 5.532435900374754567e+01 5.692944357236589070e+01 5.854158355558092097e+01 6.016002336662550221e+01 6.178346535285488272e+01 6.341301307287703537e+01 6.504683733650000477e+01 6.668381435119280809e+01 6.832206620334648051e+01 6.996232733153313177e+01 7.160455179472593557e+01 7.324457060011246767e+01 7.488244747297969184e+01 7.651782936253125911e+01 7.814633027881752980e+01 7.976681178962731167e+01 8.137447365048434733e+01 8.296208362225296185e+01 8.452107109829897524e+01 8.602758084607155808e+01 8.744036817783837989e+01 8.861785005162073503e+01 1.000000000000000000e+02 1.000000000000000000e+02 1.000000000000000000e+02 1.000000000000000000e+02 8.875157774382628872e+01 8.768284824895243901e+01 8.632914203250618357e+01 8.487310849189506712e+01 8.337104228221477342e+01 8.184501304727372428e+01 8.030699909792416236e+01 7.876762063507243283e+01 7.722682292379761293e+01 7.568842949003868625e+01 7.415701930675314202e+01 7.263043851865545264e+01 7.111342493443144974e+01 6.960565781815458308e+01 6.810805428829137043e+01 6.662116177444005416e+01 6.514631009335354861e+01 6.368425796266035377e+01 6.223374146329614121e+01 6.079841943252399972e+01 5.937649967461038614e+01 5.797035987719443284e+01 5.657759182926383090e+01 5.520130564655605099e+01 5.384144587690824579e+01 5.249781497800745456e+01 5.117080765204884329e+01 4.986200848905898653e+01 4.857090014623924645e+01 4.729756684361355923e+01 4.604315390619504456e+01 4.480866012769399731e+01 4.359443667413067658e+01 4.239914576844653027e+01 4.122504456477209800e+01 4.007292981754063987e+01 3.894169162825996722e+01 3.783238931681308514e+01 3.674801594529260029e+01 3.568647401900078364e+01 3.464946988336880196e+01 3.363821330902197815e+01 3.265575523547045123e+01 3.169542906880609223e+01 3.076578187850182999e+01 2.986724100837747642e+01 2.900047931157657644e+01 2.816698006855780179e+01 2.736892598790315745e+01 2.660874849844018186e+01 2.589098209627283964e+01 2.521672377584733837e+01 2.459155193827954378e+01 2.401957169135228298e+01 2.350641631065558812e+01 2.305713393851711501e+01 2.268014262025497274e+01 2.238181789061404103e+01 2.217250665283155797e+01 2.205988211741811611e+01 2.205357484898233622e+01 2.216213347514991483e+01 2.239395046927236166e+01 2.275154723883212426e+01 2.323504394352016078e+01 2.384057870930082856e+01 2.454102517832772534e+01 2.530365940452422535e+01 2.606226521914533123e+01 2.671474799837245584e+01 2.708832147905483367e+01
1.750452529897601295e+01 1.868257438528456760e+01 1.988532488992843383e+01 2.111196116850068094e+01 2.236110409217527817e+01 2.363293873870659922e+01 2.492629442547054097e+01 2.624058964682252082e+01 2.757485148264727925e+01 2.892893319760023729e+01 3.030135034053765963e+01 3.169248197709922010e+01 3.310082410443720136e+01 3.452650707341484804e+01 3.596818805684428355e+01 3.742557937197954487e+01 3.889833751586386512e+01 4.038502129301500077e+01 4.188544125204639812e+01 4.339970851488493508e+01 4.492570104624395100e+01 4.646397898177743002e+01 4.801365888421594974e+01 4.957338186826767412e+01 5.114366441808066810e+01 5.272353588345561803e+01 5.431156810684980485e+01 5.590747168555606805e+01 5.751175716371533042e+01 5.912240015884500366e+01 6.073954654144890952e+01 6.236161105017374950e+01 6.398861539925093922e+01 6.561933687122008507e+01 6.725284416977052615e+01 6.888956815499255981e+01 7.052715035456861870e+01 7.216421502056256543e+01 7.380074801022369968e+01 7.543422215861409086e+01 7.706478677002006350e+01 7.868738557095889519e+01 8.030111219346360940e+01 8.189887267294189144e+01 8.347740582830897438e+01 8.501940859938922301e+01 8.650190026531495846e+01 8.786227403842778472e+01 8.888177733412419457e+01 1.000000000000000000e+02 1.000000000000000000e+02 1.000000000000000000e+02 1.000000000000000000e+02 8.850168941291867952e+01 8.730511347422439883e+01 8.591316045258885481e+01 8.444111278977078427e+01 8.293234336761517511e+01 8.140462051378037245e+01 7.986807487174188225e+01 7.832904768972417742e+01 7.679114767410119669e+01 7.525596656298668563e+01 7.372761794736237562e+01 7.220616846262466026e+01 7.069354962605019921e+01 6.919083122157310584e+01 6.769784584727105425e+01 6.621688623748964631e+01 6.474699245682153048e+01 6.328955982428261251e+01 6.184501531952224695e+01 6.041478791740977528e+01 5.899908791826879906e+01 5.759711605769832943e+01 5.621145314894764056e+01 5.484101648804797691e+01 5.348579626796679065e+01 5.214824601297336670e+01 5.082755617691798733e+01 4.952407690528826123e+01 4.823824839993640978e+01 4.697101461504398401e+01 4.572328197226933355e+01 4.449239775575230738e+01 4.328447315890024782e+01 4.209498537664488538e+01 4.092645544108754052e+01 3.977880661797201611e+01 3.865219524112741567e+01 3.754923913894690912e+01 3.646796868924219126e+01 3.541158840375256034e+01 3.437840849908779006e+01 3.337117994360544770e+01 3.238963924913592507e+01 3.143783533559879473e+01 3.050876903048414945e+01 2.961225270668208509e+01 2.874696782787120597e+01 2.791469206644584489e+01 2.711706653907923936e+01 2.635660603185466755e+01 2.563729214413485025e+01 2.496135118597749880e+01 2.433224553111613631e+01 2.375597276206320529e+01 2.323642691725813592e+01 2.278092242615816687e+01 2.239471187172897970e+01 2.208704739150763174e+01 2.186638275558502187e+01 2.174141050868586689e+01 2.172328534876078976e+01 2.182038799913890159e+01 2.204056817530930346e+01 2.238984297519018796e+01 2.286940053255266392e+01 2.347624767618721364e+01 2.419015954779660760e+01 2.497199152064597527e+01 2.576733382783491422e+01 2.647901826383535351e+01 2.693972378590615691e+01
1.804324497604611466e+01 1.922806890060157059e+01 2.043706757852832112e+01 2.166891808051125778e+01 2.292295991719309711e+01 2.419964438244662830e+01 2.549709816518594963e+01 2.681500482952852238e+01 2.815304157221263281e+01 2.951006294740593461e+01 3.088580986215927382e+01 3.227989734709246505e+01 3.369037338543449067e+01 3.511813700803732985e+01 3.656140395828875000e+01 3.802065486254868887e+01 3.949415177379882635e+01 4.098172821029512392e+01 4.248327056335651264e+01 4.399751774176934305e+01 4.552391152807418706e+01 4.706218348029180021e+01 4.861142524647377172e+01 5.017128222378790525e+01 5.174054121264823891e+01 5.331890540662984534e+01 5.490666725348991406e+01 5.650227327250195941e+01 5.810493942298536041e+01 5.971294641034319284e+01 6.132787305221519603e+01 6.294844376380501672e+01 6.457212234622107871e+01 6.620010643866194755e+01 6.782885419687228534e+01 6.946415429109491413e+01 7.109830097416643468e+01 7.273117114597522459e+01 7.436238508128639069e+01 7.599285656081229945e+01 7.761742300372141301e+01 7.923478848655651063e+01 8.084121011611775032e+01 8.243129199142266827e+01 8.399690125253870576e+01 8.551967928644840811e+01 8.697081243448920418e+01 8.826168772598282430e+01 1.000000000000000000e+02 1.000000000000000000e+02 1.000000000000000000e+02 1.000000000000000000e+02 1.000000000000000000e+02 8.818355479854702139e+01 8.690514693951672598e+01 8.548342547678882397e+01 8.399865709458580909e+01 8.248529153732350494e+01 8.095601621174392903e+01 7.942064060839632589e+01 7.788302332169045883e+01 7.634615156923993595e+01 7.481699931144548543e+01 7.329277470326731247e+01 7.177674335344879353e+01 7.026800940395044393e+01 6.877009065372307361e+01 6.728221712157809975e+01 6.580591803243135018e+01 6.434151988109235276e+01 6.289047226428395732e+01 6.145192859629533189e+01 6.002814445190425374e+01 5.861712947462016388e+01 5.722103446293718321e+01 5.584144028894634459e+01 5.447615469323774562e+01 5.312729468838340097e+01 5.179574607543728604e+01 5.048075990099925292e+01 4.918332992115666968e+01 4.790361561752588671e+01 4.664285054803109887e+01 4.539974894318826415e+01 4.417570185194269783e+01 4.297178192005868169e+01 4.178814719381184517e+01 4.062530837145147444e+01 3.948318396611474412e+01 3.836262809121012651e+01 3.726408788081135981e+01 3.618789898033158181e+01 3.513517858869889210e+01 3.410727740500909277e+01 3.310366194374595494e+01 3.212591992137766539e+01 3.117490766582346851e+01 3.025592859315012717e+01 2.935856304826960184e+01 2.849515619918943088e+01 2.766391771746048533e+01 2.686739438792261581e+01 2.610740123674158042e+01 2.538685014237146476e+01 2.470938568809649638e+01 2.407800493008970122e+01 2.349754239052819216e+01 2.297265729818589364e+01 2.250977381817069656e+01 2.211646006028288269e+01 2.179910871429274621e+01 2.156763280563859198e+01 2.143182796808229540e+01 2.140071980436148991e+01 2.148531654142793457e+01 2.169446882850461122e+01 2.203400716945258608e+01 2.250851650449002861e+01 2.311220631603966424e+01 2.383610860160695211e+01 2.463788546235675625e+01 2.546911061446347446e+01 2.623407504022253889e+01 2.677652595219539577e+01
1.859520417801509140e+01 1.978624013871563747e+01 2.100081664404818227e+01 2.223806679934656927e+01 2.349743533103252346e+01 2.477838024206965173e+01 2.608008689852366757e+01 2.740225713137134278e+01 2.874350106485040612e+01 3.010382350438379717e+01 3.148231705008686276e+01 3.287835058886141582e+01 3.429132881629200824e+01 3.572063028292991049e+01 3.716611408614567580e+01 3.862618706761351461e+01 4.010072285664889336e+01 4.158926603093464536e+01 4.309173959152984423e+01 4.460581673598801444e+01 4.613224723535590499e+01 4.767029571242395036e+01 4.921993569671033697e+01 5.077869812631189461e+01 5.234775604666068460e+01 5.392540874942237394e+01 5.551173869829209195e+01 5.710526455484963293e+01 5.870570107376413915e+01 6.031335481449373503e+01 6.192573789307390797e+01 6.354349141790824973e+01 6.516424473943412465e+01 6.679017172376380529e+01 6.841746762808993765e+01 7.004609977119702080e+01 7.167754391838724359e+01 7.330717339063079407e+01 7.493547748165499911e+01 7.655990902453598324e+01 7.817859821272431020e+01 7.978854112371723772e+01 8.138689076182548376e+01 8.296720368427989456e+01 8.451789159850443411e+01 8.602171422260428812e+01 8.743276608374183922e+01 8.862519567406909005e+01 1.000000000000000000e+02 1.000000000000000000e+02 1.000000000000000000e+02 1.000000000000000000e+02 8.885357775981961481e+01 8.782377035262419440e+01 8.648507551426180839e+01 8.504045492279236385e+01 8.354752187976421851e+01 8.202984615591843465e+01 8.050036653714197143e+01 7.896546376696602465e+01 7.743111486241429020e+01 7.589932853989624562e+01 7.437263669245177766e+01 7.285384886438149010e+01 7.134105445390217426e+01 6.983893341082685424e+01 6.834508522749136716e+01 6.686261350245158042e+01 6.539268090469754213e+01 6.393361602093962404e+01 6.248628006265305146e+01 6.105445582311254071e+01 5.963499604591306991e+01 5.823123945168860160e+01 5.684056323091763829e+01 5.546761946308780011e+01 5.410820337516248912e+01 5.276576376548673153e+01 5.144004827235708888e+01 5.013139198051899115e+01 4.883932164068261272e+01 4.756568302096386702e+01 4.631065563397002194e+01 4.507382863817122853e+01 4.385611195311882682e+01 4.265797477155746265e+01 4.147997293841116573e+01 4.032164906566671192e+01 3.918592715781529989e+01 3.807024796010648515e+01 3.697641145931967799e+01 3.590671219493732025e+01 3.485900686199735787e+01 3.383597323941247481e+01 3.283652185917888033e+01 3.186286968256528596e+01 3.091531488309263764e+01 2.999936389399310244e+01 2.910507660189180967e+01 2.824431965692775037e+01 2.741540498924663893e+01 2.661962260956179804e+01 2.586075287584528226e+01 2.513979671678719896e+01 2.446071006698507944e+01 2.382708447467794954e+01 2.324296312108771190e+01 2.271389484663340852e+01 2.224517489957830207e+01 2.184425233989416526e+01 2.151846854897504357e+01 2.127664574478497173e+01 2.112915402208037818e+01 2.108611596054600312e+01 2.115772855878226366e+01 2.135451735558839914e+01 2.168571973835916467e+01 2.215302698214800614e+01 2.275504169121187559e+01 2.348414368978530931e+01 2.430309722230580149e+01 2.516501669275473674e+01 2.598045325918691972e+01 2.659950124050271114e+01
1.916035012966427331e+01 2.035725268634506335e+01 2.157724285334277070e+01 2.281976240934354649e+01 2.408431912169515243e+01 2.536970266105761240e+01 2.667492132572817454e+01 2.800086634591371038e+01 2.934557047255879070e+01 3.070876053178040976e+01 3.208984921836521664e+01 3.348852529294797620e+01 3.490375970558310570e+01 3.633492553163218020e+01 3.778128453423224187e+01 3.924305759936440552e+01 4.071879445498933592e+01 4.220828650014563266e+01 4.371059186553654285e+01 4.522537770515184974e+01 4.675156493096142185e+01 4.829034644962565181e+01 4.983895412876546516e+01 5.139730737123624493e+01 5.296526235447516484e+01 5.454175576065316733e+01 5.612619840574657815e+01 5.771804417832930767e+01 5.931617450307056316e+01 6.092210209136199239e+01 6.253198905024762411e+01 6.414729926926513315e+01 6.576633258041266572e+01 6.738758861577369430e+01 6.901280106221601329e+01 7.063891839834353448e+01 7.226406191251464861e+01 7.389066283807927960e+01 7.551423466009889296e+01 7.713417049658531255e+01 7.874441043218241987e+01 8.034997618098682892e+01 8.193953608303786496e+01 8.350797108980299299e+01 8.504254657808522211e+01 8.651866761552665253e+01 8.787952868823421682e+01 8.891791199269316337e+01 1.000000000000000000e+02 1.000000000000000000e+02 1.000000000000000000e+02 1.000000000000000000e+02 8.860547190161381081e+01 8.742837651463757709e+01 8.604897356411645148e+01 8.458738858818901463e+01 8.308719123548502239e+01 8.156674558093217797e+01 8.003769689285215350e+01 7.850419219428381723e+01 7.697351404907315953e+01 7.544525610582707031e+01 7.392290061687137381e+01 7.240772313090459988e+01 7.090095848324810390e+01 6.940285217661300976e+01 6.791536303910162076e+01 6.643852533611966749e+01 6.497266859550781248e+01 6.351998944900631727e+01 6.208032284100452358e+01 6.065337485608761625e+01 5.923985171923344950e+01 5.784187255118973070e+01 5.645761222598022755e+01 5.509020744357287924e+01 5.373710404295021448e+01 5.240051375479898610e+01 5.108116838814381566e+01 4.977764621593932048e+01 4.849308619166477285e+01 4.722503177411658015e+01 4.597654867582777882e+01 4.474525544708141211e+01 4.353357655168012741e+01 4.234127586611807459e+01 4.116960047961727298e+01 4.001776542354612332e+01 3.888728943090814738e+01 3.777753509754872852e+01 3.668939026308556350e+01 3.562452974237568526e+01 3.458137107927975507e+01 3.356297337040599160e+01 3.256845635448016907e+01 3.159938760739951036e+01 3.065585712573968280e+01 2.973900185688864894e+01 2.885568708021842710e+01 2.799452316340441627e+01 2.716795514953482638e+01 2.637394781051376569e+01 2.561565152420630653e+01 2.489452587020760532e+01 2.421500952267682294e+01 2.357912077296859721e+01 2.299205571097427026e+01 2.245931195940571357e+01 2.198536328487018565e+01 2.157757467497184578e+01 2.124298503303909769e+01 2.099223405621575367e+01 2.083331665685299683e+01 2.077852670692799109e+01 2.083811264490087467e+01 2.102326916321906225e+01 2.134299519878809548e+01 2.180253658217224810e+01 2.240209731381477098e+01 2.313420610096442687e+01 2.396695307277599696e+01 2.485659557478032866e+01 2.571658562044623153e+01 2.641024902559795251e+01
1.973886054486695230e+01 2.094173193905093200e+01 2.216693255394226370e+01 2.341471393978192950e+01 2.468344915484045288e+01 2.597263727779469633e+01 2.728279785075500286e+01 2.861223097332836574e+01 2.995984899987722372e+01 3.132603126170093688e+01 3.270995322294430707e+01 3.411041163031832468e+01 3.552766753132770816e+01 3.696013066546856862e+01 3.840866813573875760e+01 3.987089593017984868e+01 4.134753790336232981e+01 4.283779097297764338e+01 4.434108315716294157e+01 4.585557006301593930e+01 4.738214548745314403e+01 4.891974349937947864e+01 5.046770050754019366e+01 5.202529544978924037e+01 5.359200276010043495e+01 5.516721439696180340e+01 5.674998291354880564e+01 5.834084922155118136e+01 5.993682136420940054e+01 6.154017398357769508e+01 6.314756848390743471e+01 6.476010742664834652e+01 6.637533868691444638e+01 6.799496717749507013e+01 6.961683359159955842e+01 7.123880535779863976e+01 7.286087635907492199e+01 7.448302842401358248e+01 7.610051297230131695e+01 7.771438565685866706e+01 7.932145973071347100e+01 8.091740595664155933e+01 8.249664526847415402e+01 8.405258197234624618e+01 8.556870664452641506e+01 8.701225752405665048e+01 8.830163577801323527e+01 1.000000000000000000e+02 1.000000000000000000e+02 1.000000000000000000e+02 1.000000000000000000e+02 1.000000000000000000e+02 8.827800886160746074e+01 8.701070738106524516e+01 8.559811316695396499e+01 8.412414333804478872e+01 8.261808038073516514e+01 8.109559485117351585e+01 7.956722146331276235e+01 7.803807159820796358e+01 7.651021459473528807e+01 7.498622014461508911e+01 7.346697145851196353e+01 7.195675721829661597e+01 7.045475780686217604e+01 6.896184850965015301e+01 6.747962777710330329e+01 6.600768975508788117e+01 6.454936426002062433e+01 6.310214022271421896e+01 6.166847702718823143e+01 6.024725167299627060e+01 5.884095228341341510e+01 5.744832820957703490e+01 5.607077701792189117e+01 5.470815582111846709e+01 5.336204074925178986e+01 5.203243062139279829e+01 5.071925183676639648e+01 4.942261852818787560e+01 4.814313575103881249e+01 4.688214283051935638e+01 4.563887684477223416e+01 4.441403510961745837e+01 4.320812090788498239e+01 4.202359271086495340e+01 4.085688575732312700e+01 3.971199328537223749e+01 3.858665248852373963e+01 3.748261655680041571e+01 3.640090075116179236e+01 3.534081932788709679e+01 3.430396668983195241e+01 3.328976489998676414e+01 3.229995363667291741e+01 3.133591385372674765e+01 3.039700688337621060e+01 2.948435731936534054e+01 2.860139349888114424e+01 2.774540263438088772e+01 2.692168784896540501e+01 2.612997365598762656e+01 2.537265842319760267e+01 2.465248659300738154e+01 2.397202369201044547e+01 2.333568411728350611e+01 2.274652991491640108e+01 2.220969184604892988e+01 2.173073207582736188e+01 2.131649631673315781e+01 2.097481547882435038e+01 2.071423590533778736e+01 2.054490927062645511e+01 2.047819476808376749e+01 2.052579913127594580e+01 2.069895419771775735e+01 2.100731544020625208e+01 2.145814314282031887e+01 2.205301272978356053e+01 2.278680877717366116e+01 2.363505478932567172e+01 2.454596223700544755e+01 2.544671092247470057e+01 2.620232072027868142e+01
2.033059360390447878e+01 2.153897445784539499e+01 2.276985899623828047e+01 2.402248977094877347e+01 2.529569382504996966e+01 2.658960969603635505e+01 2.790279517158206346e+01 2.923549385727203287e+01 3.058652270812427432e+01 3.195540135128083392e+01 3.334143608555881855e+01 3.474406858039403545e+01 3.616310410856381452e+01 3.759754071812355392e+01 3.904660311045663690e+01 4.051061151319986919e+01 4.198825896130205138e+01 4.347857948132020312e+01 4.498206677070319870e+01 4.649679735929306190e+01 4.802233243377644811e+01 4.956022583732745090e+01 5.110582563150211399e+01 5.266297183058085096e+01 5.422876438603607596e+01 5.580213214161384627e+01 5.738394735531755231e+01 5.897234623467376480e+01 6.056682674413200829e+01 6.216748496088391107e+01 6.377283725220198818e+01 6.538232849895055665e+01 6.699392524400165883e+01 6.861089305270439809e+01 7.022850633566386591e+01 7.184788284016762816e+01 7.346500526304440370e+01 7.508142773021623384e+01 7.669492515358707863e+01 7.830207723854620383e+01 7.990236383528261399e+01 8.149056022955909384e+01 8.305964465821222120e+01 8.460101173122610874e+01 8.609307885121359050e+01 8.749522530259265807e+01 8.868407665226487779e+01 1.000000000000000000e+02 1.000000000000000000e+02 1.000000000000000000e+02 1.000000000000000000e+02 8.892130164645092805e+01 8.790122261597599618e+01 8.657260249428095733e+01 8.513514944151265240e+01 8.364890814328343538e+01 8.213727377238556926e+01 8.061914145683763877e+01 7.909174635232805883e+01 7.756331464348900795e+01 7.603957988504636489e+01 7.451949730540569306e+01 7.300667887941160927e+01 7.150126757352209950e+01 7.000455068492313160e+01 6.851632885769836889e+01 6.703945362739443681e+01 6.557499101424890853e+01 6.412144031703230951e+01 6.268051962401845856e+01 6.125225047163402792e+01 5.983726619652651380e+01 5.843617321996230629e+01 5.705000022668082948e+01 5.568054037693275404e+01 5.432433074714335675e+01 5.298438663287656425e+01 5.165993509463456945e+01 5.035405562919655154e+01 4.906305365190759460e+01 4.779104231100082956e+01 4.653585602206266003e+01 4.529930455024809532e+01 4.408122686093391707e+01 4.288194966668466890e+01 4.170241527293923411e+01 4.054279961041007141e+01 3.940338460815602417e+01 3.828420126524830636e+01 3.718616343238353750e+01 3.610975551832492414e+01 3.505554703985541920e+01 3.402423445978006811e+01 3.301547913495561914e+01 3.203105458571621966e+01 3.107102898976423688e+01 3.013714917897194567e+01 2.922816279601192591e+01 2.834884359448155422e+01 2.750072505313407945e+01 2.667633487314346041e+01 2.588674042915639717e+01 2.513143825546261212e+01 2.441252887484363043e+01 2.373225930046272225e+01 2.309496306763464446e+01 2.250371756141068502e+01 2.196438446801353095e+01 2.148075681796318648e+01 2.106072990822105595e+01 2.071207588128769572e+01 2.044242928673919479e+01 2.026358521671053481e+01 2.018528313191228918e+01 2.022061139397880325e+01 2.038099411682172502e+01 2.067766369687572592e+01 2.112211566348801739e+01 2.170853316395688992e+01 2.244016741536257697e+01 2.329961268880520464e+01 2.423311702577425208e+01 2.517074913735160990e+01 2.598931629454572700e+01
2.093534712395183206e+01 2.214980954707649374e+01 2.338606518313196503e+01 2.464295594343760598e+01 2.592074782635325292e+01 2.721853521351760463e+01 2.853548874007708491e+01 2.987142541562835163e+01 3.122497809649193812e+01 3.259639625135890384e+01 3.398493357964952111e+01 3.538977865187264626e+01 3.681061318636238155e+01 3.824647623299366472e+01 3.969716010074626666e+01 4.116200440400656646e+01 4.263990971729047175e+01 4.413050059855537910e+01 4.563376163827963694e+01 4.714802686876855375e+01 4.867389803175813512e+01 5.020990467003391444e+01 5.175687443338981097e+01 5.331190566692880850e+01 5.487585585417327394e+01 5.644772593666480276e+01 5.802703755792018114e+01 5.961405936172978670e+01 6.120592815790759289e+01 6.280475078739835482e+01 6.440710581641755539e+01 6.601382909022797207e+01 6.762194025102149908e+01 6.923578644937299487e+01 7.084912841624750968e+01 7.246343655439051190e+01 7.407772163821347533e+01 7.568882848182659018e+01 7.729619667209163936e+01 7.889817560202185120e+01 8.049046532285402122e+01 8.206888169117132747e+01 8.362567811679890895e+01 8.514895230444874130e+01 8.661520564115323850e+01 8.796210220728274010e+01 8.899058262594743951e+01 1.000000000000000000e+02 1.000000000000000000e+02 1.000000000000000000e+02 1.000000000000000000e+02 8.866139508270275371e+01 8.748974783837584823e+01 8.611517613905586188e+01 8.465999330963330749e+01 8.316667449083686847e+01 8.165468182483553505e+01 8.013262229872604792e+01 7.860898297303606341e+01 7.708495867459843964e+01 7.556428463354988878e+01 7.404857464456209470e+01 7.253963874386921873e+01 7.103929381976161039e+01 6.954797365803379705e+01 6.806626236955392528e+01 6.659630961374632818e+01 6.513573743264086602e+01 6.368907674091735061e+01 6.225294082805399398e+01 6.083179098481193137e+01 5.942393204771532567e+01 5.802875509702647605e+01 5.664948002426866225e+01 5.528564029578770800e+01 5.393630753128108779e+01 5.260335011585346621e+01 5.128532422056360929e+01 4.998555419369833430e+01 4.870170453289266277e+01 4.743593235053510426e+01 4.618779326925722728e+01 4.495683373332353483e+01 4.374516796706407717e+01 4.255274929086577629e+01 4.138014818168056763e+01 4.022632443019068660e+01 3.909370317665161565e+01 3.798088285016235943e+01 3.688849853341229590e+01 3.581847439773304842e+01 3.476983758431103411e+01 3.374399726049725246e+01 3.274066453081212558e+01 3.176186916623647960e+01 3.080694778973776948e+01 2.987760530217049393e+01 2.897225873106379268e+01 2.809735870650518308e+01 2.724951982798808814e+01 2.643532772106737028e+01 2.564550036119583964e+01 2.489162134612686827e+01 2.417422934661171041e+01 2.349465614365440302e+01 2.285688240798878823e+01 2.226477456506823671e+01 2.172221316037363792e+01 2.123529344699759491e+01 2.080975519792968953e+01 2.045472765585687469e+01 2.017661399843383307e+01 1.998812047161957395e+01 1.989894535207478299e+01 1.992202336733484103e+01 2.007013653810059139e+01 2.035462051340751799e+01 2.078614962759406382e+01 2.136919902240707003e+01 2.209965243769225296e+01 2.296586304554238822e+01 2.391892122538860121e+01 2.489393598524894813e+01 2.576781393916392915e+01
2.155440241838923043e+01 2.277424729363264433e+01 2.401531549211532024e+01 2.527697379277149636e+01 2.655842376951698114e+01 2.786014815381761167e+01 2.918075859992058696e+01 3.051975775799252588e+01 3.187650111616249404e+01 3.325053707970467087e+01 3.464123120369425379e+01 3.604746410078699626e+01 3.747033633681225240e+01 3.890761473394266545e+01 4.035926553172389930e+01 4.182418803736881330e+01 4.330207159903910252e+01 4.479242135138868974e+01 4.629595679629861138e+01 4.781044029722478683e+01 4.933600756211007621e+01 5.087074146582244794e+01 5.241583170002783731e+01 5.397068340844258927e+01 5.553309599092686000e+01 5.710277575960797947e+01 5.868071356279494211e+01 6.026500788765501682e+01 6.185515430934260905e+01 6.345024860203686501e+01 6.505015756559168949e+01 6.665356701468505207e+01 6.825914129142046249e+01 6.986907646840023745e+01 7.147962128535621673e+01 7.308878147844623641e+01 7.469736833875366244e+01 7.630360473087938544e+01 7.790582778934258101e+01 7.950018512156921702e+01 8.108423817587593874e+01 8.265229902793005579e+01 8.419563241894330474e+01 8.569966607108784729e+01 8.713029968033056605e+01 8.840467847143969493e+01 1.000000000000000000e+02 1.000000000000000000e+02 1.000000000000000000e+02 1.000000000000000000e+02 1.000000000000000000e+02 8.831544549197995764e+01 8.704954652947294846e+01 8.564225526897617158e+01 8.417464016096751322e+01 8.267586999923877045e+01 8.116147491412644399e+01 7.963991619781317866e+01 7.811699639289021491e+01 7.659662442878854449e+01 7.508223592705607530e+01 7.357170057284064058e+01 7.206715956781955867e+01 7.057264584058691526e+01 6.908698676621438040e+01 6.761145344476761920e+01 6.614589310605492756e+01 6.469315598626076280e+01 6.325168235849779563e+01 6.182341105642963441e+01 6.040809146563415055e+01 5.900509721243780348e+01 5.761790192380191655e+01 5.624526278403909885e+01 5.488647412698652772e+01 5.354408729507200349e+01 5.221775862515626443e+01 5.090691044752414740e+01 4.961394757193041727e+01 4.833664630473325730e+01 4.707740779803334163e+01 4.583644660913945756e+01 4.461269801290161752e+01 4.340771770364681004e+01 4.222236390331225664e+01 4.105543871494381847e+01 3.990838358920161255e+01 3.878161930869544705e+01 3.767447174671133325e+01 3.658943580738765888e+01 3.552494314670680353e+01 3.448247639845275359e+01 3.346240629197376393e+01 3.246444467891612362e+01 3.149122922354990095e+01 3.054227388125963927e+01 2.961719080867996112e+01 2.871843238505316265e+01 2.784653763745095034e+01 2.700259058921525934e+01 2.619130481661900944e+01 2.540387224215837492e+01 2.465339680414480128e+01 2.393725396421564255e+01 2.325890150810253587e+01 2.262177905688228563e+01 2.202821179133942309e+01 2.148392671064480908e+01 2.099312412250787929e+01 2.056364247243631738e+01 2.020171192605103627e+01 1.991645160561886740e+01 1.971856949731020237e+01 1.961961479555154142e+01 1.963023546130969876e+01 1.976645286038122151e+01 2.003899166623454065e+01 2.045945187625788364e+01 2.103450472383424597e+01 2.176275333317952843e+01 2.263398332009135672e+01 2.360385004246574425e+01 2.461125077583976406e+01 2.554027635188884560e+01
2.218736044963112164e+01 2.341192637583565528e+01 2.465779501872651380e+01 2.592366782904154121e+01 2.720968505108843871e+01 2.851510629260314289e+01 2.983930210363186930e+01 3.118062017171519074e+01 3.254035918346487222e+01 3.391690098876083681e+01 3.530962861771168804e+01 3.671854008841054195e+01 3.814178007182233188e+01 3.958017804273998053e+01 4.103197311628714772e+01 4.249746380860268857e+01 4.397631220742710667e+01 4.546678132749958223e+01 4.697001098736730285e+01 4.848353631820123866e+01 5.000737562773298350e+01 5.154242610900625721e+01 5.308648536651382699e+01 5.463931364271292779e+01 5.620002392813433545e+01 5.776902569198827564e+01 5.934463173360520472e+01 6.092619657826756452e+01 6.251383164402079018e+01 6.410632829107069597e+01 6.570260361240174518e+01 6.730225093626233956e+01 6.890560690008437916e+01 7.051160030141583945e+01 7.211670533888803902e+01 7.372159293486721765e+01 7.532588495493332914e+01 7.692649507176247425e+01 7.852155193725604931e+01 8.010921561801509938e+01 8.168473032547471746e+01 8.324083864225642060e+01 8.476850342923398784e+01 8.624817629213350756e+01 8.763490400731825503e+01 8.879688852882948424e+01 1.000000000000000000e+02 1.000000000000000000e+02 1.000000000000000000e+02 1.000000000000000000e+02 8.895548196578674549e+01 8.791652764083815441e+01 8.658694139004322210e+01 8.515655625684888719e+01 8.367862795224945671e+01 8.217487083557266203e+01 8.066252483077516899e+01 7.914019155824961160e+01 7.762256307072117067e+01 7.610480602076988532e+01 7.459175875719957105e+01 7.308907119681234121e+01 7.159047109839521283e+01 7.010086159047334320e+01 6.862154674189305581e+01 6.715121863858293239e+01 6.569232642318229409e+01 6.424528173971958722e+01 6.280983267240412005e+01 6.138793883358331271e+01 5.997899171837798349e+01 5.858293416484033855e+01 5.720132472639423327e+01 5.583623026119205690e+01 5.448497676557533254e+01 5.314902362686046899e+01 5.182969994781887380e+01 5.052609165789828438e+01 4.923866339527215530e+01 4.796895964383851663e+01 4.671682295639032390e+01 4.548189483208789596e+01 4.426577168835144249e+01 4.306778505548984981e+01 4.188769522790600774e+01 4.072822631148420669e+01 3.958763159281366484e+01 3.846764708848876779e+01 3.736755450293522784e+01 3.628885801071120909e+01 3.523027384662778161e+01 3.419360576379369832e+01 3.318013702176114776e+01 3.218907683257068442e+01 3.122065141889861550e+01 3.027684921240498994e+01 2.935713648680915355e+01 2.846268640173418163e+01 2.759507745796686606e+01 2.675591993180357520e+01 2.594450270825132776e+01 2.516834565544189317e+01 2.441641022628640201e+01 2.370274699801487728e+01 2.302572309696996200e+01 2.238857025346017338e+01 2.179470815047988097e+01 2.124867353069055298e+01 2.075591235163006942e+01 2.032187514227391389e+01 1.995469589631663254e+01 1.966243650310275370e+01 1.945545719868101386e+01 1.934574926145695883e+01 1.934576697573016091e+01 1.946917727719705837e+01 1.972933560194558567e+01 2.013904068432454864e+01 2.070587460500429344e+01 2.143032509961740928e+01 2.230415838234961612e+01 2.328878937370747337e+01 2.432505784388311199e+01 2.530355191358835043e+01
2.283346431364310547e+01 2.406347177288009576e+01 2.531398714804537065e+01 2.658458688136400383e+01 2.787420625887317982e+01 2.918310266542488662e+01 3.051025784848409117e+01 3.185538705061479092e+01 3.321693852200449015e+01 3.459583790779969803e+01 3.599021408528246013e+01 3.739998022563434432e+01 3.882482367946808210e+01 4.026369150036559574e+01 4.171699378981016082e+01 4.318309686174121964e+01 4.466180364043050588e+01 4.615187874554281677e+01 4.765416765522425635e+01 4.916726730457368433e+01 5.069161518441730152e+01 5.222497025376821966e+01 5.376733186458943692e+01 5.531770258526719175e+01 5.687730485455841745e+01 5.844401532034670765e+01 6.001772708391215616e+01 6.159669835890735357e+01 6.318198507912660489e+01 6.477175789947521878e+01 6.636507521398074516e+01 6.795991783301627720e+01 6.956045181411043643e+01 7.116152569263466887e+01 7.276289354683147792e+01 7.436395552739230652e+01 7.596149689340774103e+01 7.755622314121650618e+01 7.914503985653722395e+01 8.072432081577719032e+01 8.228940099839026345e+01 8.383252276216586552e+01 8.534207165021334163e+01 8.679227858585522881e+01 8.811885863954182696e+01 8.909467511449159360e+01 1.000000000000000000e+02 1.000000000000000000e+02 1.000000000000000000e+02 1.000000000000000000e+02 8.866456282293340507e+01 8.747977259396945726e+01 8.610675768145671327e+01 8.465738562824915903e+01 8.317142972459802763e+01 8.166780647797953918e+01 8.015366338596727758e+01 7.863709507983112701e+01 7.711896512856077379e+01 7.560772648158740594e+01 7.409949271485416489e+01 7.259781783244984865e+01 7.110781693087466238e+01 6.962438917623138934e+01 6.814995644969255295e+01 6.668615018364664593e+01 6.523363013474708794e+01 6.379301085648674530e+01 6.236446766344501214e+01 6.094855406095906858e+01 5.954677866349620530e+01 5.815745967047500642e+01 5.678370666083318952e+01 5.542429460189066504e+01 5.407984688540230422e+01 5.275091506764862004e+01 5.143773252526495554e+01 5.014163617996108258e+01 4.886081133437998147e+01 4.759846575282728054e+01 4.635330233268582134e+01 4.512518137283253594e+01 4.391575265227769620e+01 4.272485160094885259e+01 4.155137934331750671e+01 4.039886460767425547e+01 3.926605772938067673e+01 3.815182294013465025e+01 3.705756839417356474e+01 3.598613024127437399e+01 3.493389516169204256e+01 3.390446099294020144e+01 3.289618787574654846e+01 3.191126993371787890e+01 3.094853069880108976e+01 3.001015246523860469e+01 2.909595381407561376e+01 2.820693598714696293e+01 2.734509337066530676e+01 2.650900806132720078e+01 2.570133674103424326e+01 2.492886127364698368e+01 2.418086259917243552e+01 2.346947097501532653e+01 2.279387278213496160e+01 2.215746120858734969e+01 2.156376297731972258e+01 2.101677550482989787e+01 2.052093403350720990e+01 2.008390181279860087e+01 1.971151255567183824e+01 1.941305558311240276e+01 1.919799804000048482e+01 1.907849132834579109e+01 1.906738026512466888e+01 1.917866046853616879e+01 1.942680545260898484e+01 1.982472188191640683e+01 2.038356516340206070e+01 2.110147238034507566e+01 2.197674698812287630e+01 2.297631467921541315e+01 2.403675939959445529e+01 2.505937095521215596e+01
2.349423639289833687e+01 2.472869404414122130e+01 2.598362024904670164e+01 2.725811663275542429e+01 2.855206694186143324e+01 2.986459282356279488e+01 3.119494535003271096e+01 3.254176357152126542e+01 3.390639101924772802e+01 3.528656178059505777e+01 3.668278149073798033e+01 3.809380903155326337e+01 3.951915596486482940e+01 4.095932132414957749e+01 4.241297614868010157e+01 4.387833970644842196e+01 4.535819616380189245e+01 4.684878518232132905e+01 4.835060555205382826e+01 4.986274945100195310e+01 5.138534277160277952e+01 5.291733247646456562e+01 5.445917791236873740e+01 5.600744643627446351e+01 5.756482648223760634e+01 5.912908001775436162e+01 6.070013604546560515e+01 6.227694909234647724e+01 6.385927090997319056e+01 6.544537293076230355e+01 6.703554712526872095e+01 6.862909603866431496e+01 7.022428004661148293e+01 7.182096381537370178e+01 7.341718111031643446e+01 7.501266867920952564e+01 7.660653065871046863e+01 7.819431442429693391e+01 7.977520988804147350e+01 8.134540251873434613e+01 8.290003363399425496e+01 8.442832747718448161e+01 8.591598500434251662e+01 8.732723006517205988e+01 8.856930165333098159e+01 1.000000000000000000e+02 1.000000000000000000e+02 1.000000000000000000e+02 1.000000000000000000e+02 1.000000000000000000e+02 8.828992373043284658e+01 8.701514169933534504e+01 8.561088888163752131e+01 8.414786988946718793e+01 8.265654627044897040e+01 8.115137024464212345e+01 7.963929407585020215e+01 7.812546128717944782e+01 7.661341635106668946e+01 7.510265758394032787e+01 7.359991281375855010e+01 7.210506714285337182e+01 7.061494142342846203e+01 6.914164057889982473e+01 6.767332249216980244e+01 6.621640104866045817e+01 6.477034779944067111e+01 6.333587607811155351e+01 6.191447370996812083e+01 6.050476450002088313e+01 5.910990446466670534e+01 5.772818958751133778e+01 5.636035291689258742e+01 5.500750517343806223e+01 5.367026623954323128e+01 5.234898709781210613e+01 5.104250084896276718e+01 4.975265233710474888e+01 4.847987975039560382e+01 4.722457854486822271e+01 4.598578713451403388e+01 4.476506220002769254e+01 4.356362823745201496e+01 4.237837780980863300e+01 4.121395495076958326e+01 4.006738659393711544e+01 3.894112506629937798e+01 3.783408432638420038e+01 3.674813733483798472e+01 3.568182194833785559e+01 3.463654678532163445e+01 3.361331575320942733e+01 3.261144871517526411e+01 3.163251871126576731e+01 3.067667437873117109e+01 2.974318855282457363e+01 2.883550847231597203e+01 2.795154245088589207e+01 2.709417028527464311e+01 2.626239459431459622e+01 2.546088935150379129e+01 2.468733971795478155e+01 2.394920964979122502e+01 2.323713732220017292e+01 2.256365597532653666e+01 2.192772151816460990e+01 2.133494733391944109e+01 2.078722306938749398e+01 2.028928533944408485e+01 1.984994082829352280e+01 1.947275460605884945e+01 1.916794935568423242e+01 1.894556174532668891e+01 1.881691369667866098e+01 1.879515976132473298e+01 1.889402947730252080e+01 1.913044962397653137e+01 1.951638077486554934e+01 2.006399023669657211e+01 2.077754720672393418e+01 2.165000742890649121e+01 2.266261490879838547e+01 2.374667660466680630e+01 2.481064522677271000e+01
2.416842461270983833e+01 2.540809758555306885e+01 2.666773262259832933e+01 2.794605802405775208e+01 2.924367453043029741e+01 3.055887055498215332e+01 3.189152589377933822e+01 3.324157564478497306e+01 3.460786648346596905e+01 3.598985915001947689e+01 3.738756664186919920e+01 3.880002446438741970e+01 4.022713315803444800e+01 4.166736553525900177e+01 4.312134900979697250e+01 4.458748922162424577e+01 4.606581444531229153e+01 4.755634454101508624e+01 4.905717127436061986e+01 5.056855530315505121e+01 5.209037460077517068e+01 5.362150014814503862e+01 5.516018405213360154e+01 5.670796494399852605e+01 5.826333294082790815e+01 5.982553066601783343e+01 6.139333541737842381e+01 6.296655431340789733e+01 6.454652830917140705e+01 6.612885702911484032e+01 6.771404047599851594e+01 6.930398322618896145e+01 7.089678271197146842e+01 7.248756258982889733e+01 7.407987811614265183e+01 7.567094195664613210e+01 7.725696013946618734e+01 7.883878757956632910e+01 8.041194977956914158e+01 8.197203014673206667e+01 8.351451856405932972e+01 8.502636694576433740e+01 8.648536397575011847e+01 8.784762583969690297e+01 8.895973552508820603e+01 1.000000000000000000e+02 1.000000000000000000e+02 1.000000000000000000e+02 1.000000000000000000e+02 8.894507141982694520e+01 8.786314274097954069e+01 8.652833551469177564e+01 8.510021301745092615e+01 8.362759394727594042e+01 8.213221039869638673e+01 8.062787465952918353e+01 7.911743237797503525e+01 7.760647384063473453e+01 7.609731440999537710e+01 7.459525726654709388e+01 7.309729755186873490e+01 7.160546722439147516e+01 7.012398534506986891e+01 6.865038626921491982e+01 6.719236978466420851e+01 6.574112263461361749e+01 6.430227204803638585e+01 6.287442630633510987e+01 6.145921062628607956e+01 6.005707300796483139e+01 5.866889888012742915e+01 5.729427785345986024e+01 5.593405744210373598e+01 5.458809160344784317e+01 5.325735008510645940e+01 5.194355389183689908e+01 5.064476983435787361e+01 4.936168751196235149e+01 4.809727520573729009e+01 4.684825027590040492e+01 4.561729430781029748e+01 4.440358380255148063e+01 4.320825564298881005e+01 4.203074682122469596e+01 4.087346922634421986e+01 3.973411601642066415e+01 3.861439476853888664e+01 3.751475990321996079e+01 3.643521547859259613e+01 3.537628492732955721e+01 3.433781486168404484e+01 3.332086966974361530e+01 3.232594798307415829e+01 3.135313913066286773e+01 3.040169401664181237e+01 2.947585972258447384e+01 2.857374907834752165e+01 2.769512442223551574e+01 2.684285992896008466e+01 2.601694758230486215e+01 2.521873341814656655e+01 2.444944015431551776e+01 2.371457738622346767e+01 2.300608036825915192e+01 2.233482923230286588e+01 2.170111043094838976e+01 2.110836466955550250e+01 2.056085146954633558e+01 2.006208338344862696e+01 1.961916801771032937e+01 1.923851448570267308e+01 1.892746523621333665e+01 1.869850950726342731e+01 1.856104518859202912e+01 1.852870643338021495e+01 1.861671940413476278e+01 1.884023882027346986e+01 1.921424549972493523e+01 1.975143088509937428e+01 2.045803996882218456e+01 2.132996782144935821e+01 2.234974754341973835e+01 2.345514344156268649e+01 2.455690541912309754e+01
2.485748049078047117e+01 2.610186581775023740e+01 2.736572055796716540e+01 2.864758222006109634e+01 2.994791072817247723e+01 3.126618191615908415e+01 3.260138801966202493e+01 3.395399229186556767e+01 3.532198368393202514e+01 3.670580508492621163e+01 3.810476089418006751e+01 3.951858814680382181e+01 4.094611786808764720e+01 4.238751284309793732e+01 4.384075824798826204e+01 4.530676888957274429e+01 4.678495503362001529e+01 4.827559185375016426e+01 4.977549325895053300e+01 5.128629913962624443e+01 5.280588341190116353e+01 5.433558446907351680e+01 5.587264572578698107e+01 5.741887949241347400e+01 5.897184666063605363e+01 6.053083798222401413e+01 6.209584068666818268e+01 6.366765143846211572e+01 6.524297388592944458e+01 6.682295829601537207e+01 6.840467804515218120e+01 6.999001258526017466e+01 7.157740920794304884e+01 7.316417951484990567e+01 7.475019012670507834e+01 7.633585711678844632e+01 7.791601766215774205e+01 7.948967888452301622e+01 8.105519876941357893e+01 8.260511316166456197e+01 8.413060437703771299e+01 8.562442801790571423e+01 8.705141077399389360e+01 8.834229905452313858e+01 1.000000000000000000e+02 1.000000000000000000e+02 1.000000000000000000e+02 1.000000000000000000e+02 1.000000000000000000e+02 8.861005137724966119e+01 8.739913031938031907e+01 8.602122614727781524e+01 8.457616614628366847e+01 8.309821079793707099e+01 8.160011696287511995e+01 8.009600387914748865e+01 7.858886165057793960e+01 7.708160385713699725e+01 7.557777727422480041e+01 7.407981293603644701e+01 7.258821305748321606e+01 7.110459710120279908e+01 6.962599577842989618e+01 6.815937771818576607e+01 6.670270539530440601e+01 6.525892807313873334e+01 6.382903087055713343e+01 6.240906246654347456e+01 6.100052884347206827e+01 5.960491034739380467e+01 5.822355778293850648e+01 5.685655979869782328e+01 5.550348161417461768e+01 5.416487260713304153e+01 5.284153384253249897e+01 5.153434778221970447e+01 5.024268269604008452e+01 4.896750690509497872e+01 4.770935047870672463e+01 4.646875882544964043e+01 4.524491250958205057e+01 4.403850142052662875e+01 4.285138238190605620e+01 4.168116240184814103e+01 4.053047482853374817e+01 3.939866938186325029e+01 3.828584322069421830e+01 3.719308632274538695e+01 3.612090988572078487e+01 3.506835350539593321e+01 3.403720726843403099e+01 3.302710603703544479e+01 3.203852961055368098e+01 3.107246585788271531e+01 3.012864525736216237e+01 2.920813329847410245e+01 2.831118152599137971e+01 2.743890434714410986e+01 2.659123951254478513e+01 2.577062580514017753e+01 2.497774340393124248e+01 2.421226644792252714e+01 2.347917335035552000e+01 2.277578630882540622e+01 2.210729061709326615e+01 2.147575399353470615e+01 2.088408215949645452e+01 2.033644021232417032e+01 1.983689703074008648e+01 1.939167536240603695e+01 1.900773138624786185e+01 1.869241221126764074e+01 1.845606028153266109e+01 1.831031293009380789e+01 1.826820055776698837e+01 1.834495871424391922e+01 1.855599009464261684e+01 1.891805493244288527e+01 1.944462726264739416e+01 2.014355279008447397e+01 2.101304354236758343e+01 2.203836144175528489e+01 2.316372299307620608e+01 2.430279513964966753e+01
2.556149634386949288e+01 2.680947075061149576e+01 2.807688254978176801e+01 2.936222987273315965e+01 3.066573146444976317e+01 3.198715754154223134e+01 3.332462656676017332e+01 3.467874496226200876e+01 3.604964858368149550e+01 3.743479441574453404e+01 3.883464103982595361e+01 4.024883457313376312e+01 4.167782063037677176e+01 4.311899179044333863e+01 4.457306500901127322e+01 4.603864789943960290e+01 4.751656955164589391e+01 4.900545456289033552e+01 5.050439484180082417e+01 5.201418358189595637e+01 5.353328005508180354e+01 5.506028951898129975e+01 5.659548067087231971e+01 5.813824547673700494e+01 5.968959863403900101e+01 6.124615970594518188e+01 6.280882651144072781e+01 6.437640555248928820e+01 6.594841163128558037e+01 6.752431812722062432e+01 6.910357641763809511e+01 7.068404867774762579e+01 7.226712121983997861e+01 7.384947859146244298e+01 7.542929731628208856e+01 7.700837629889477398e+01 7.858225388178281889e+01 8.014829825826035403e+01 8.170302340295334886e+01 8.324104104374548285e+01 8.475184607835400641e+01 8.621903674986224075e+01 8.760212358458696258e+01 8.879267386384488248e+01 1.000000000000000000e+02 1.000000000000000000e+02 1.000000000000000000e+02 1.000000000000000000e+02 8.914193173286020055e+01 8.819808905782498698e+01 8.690609006942358405e+01 8.550020659703896797e+01 8.404199495255906527e+01 8.255707770282738522e+01 8.105970088811008623e+01 7.955656318516321335e+01 7.805271483009126143e+01 7.654920506199040631e+01 7.504941869561292833e+01 7.355785771823060770e+01 7.207188874847045668e+01 7.059390202351936239e+01 6.912537644786969793e+01 6.766204261917913243e+01 6.621276705527651529e+01 6.477433863752227694e+01 6.334644547957790905e+01 6.193895034094529706e+01 6.053767141080960101e+01 5.914925854769619207e+01 5.777502435857431351e+01 5.641509029683417964e+01 5.506905982193133298e+01 5.373838072329297688e+01 5.242243424473507218e+01 5.112175837714262627e+01 4.983854192624976065e+01 4.857130039033151547e+01 4.732029860797585030e+01 4.608667141837771197e+01 4.487053138094718463e+01 4.367159585445406833e+01 4.249133421211089967e+01 4.132799199882425256e+01 4.018510800552492412e+01 3.906111162657312263e+01 3.795544502998815517e+01 3.687018086753454327e+01 3.580514873614307447e+01 3.475969899559626697e+01 3.373581455523093808e+01 3.273194170825321692e+01 3.175038427913334971e+01 3.079118878129241210e+01 2.985361021086455580e+01 2.893947269655339127e+01 2.804814026154400608e+01 2.718192293185284214e+01 2.634014072247741112e+01 2.552486142590272422e+01 2.473633853638158442e+01 2.397590380237980412e+01 2.324516775396682178e+01 2.254964665819261427e+01 2.188134587680351473e+01 2.125150617027313871e+01 2.066192322913222768e+01 2.011426116764237904e+01 1.961429083770202908e+01 1.916792541512531045e+01 1.878003148060108884e+01 1.846003500011548226e+01 1.821833096472023072e+01 1.806458441054760300e+01 1.801336318361460442e+01 1.807878990466393887e+01 1.827847868321424940e+01 1.862768904838348760e+01 1.914303863790204474e+01 1.983365358919651911e+01 2.069976410366624009e+01 2.172910810626327205e+01 2.287093571040781370e+01 2.404350280893349279e+01
2.627839880405094064e+01 2.753091917077372841e+01 2.880203960626538517e+01 3.009137013898689617e+01 3.139770687813848582e+01 3.272100365467364469e+01 3.406143523897511471e+01 3.541753498743126727e+01 3.678932761618779779e+01 3.817576267831381642e+01 3.957711340771544428e+01 4.099108297559562430e+01 4.242055427145784563e+01 4.386277412262622732e+01 4.531619205497811009e+01 4.678235545056541866e+01 4.825870633280594291e+01 4.974761572133758847e+01 5.124557682964358918e+01 5.275333421690439906e+01 5.427048422338990008e+01 5.579549960417410404e+01 5.732903458189972667e+01 5.887025614814820074e+01 6.041758023723353688e+01 6.197127535477751081e+01 6.353102136323322924e+01 6.509558065400781857e+01 6.666455864757867289e+01 6.823619946787033541e+01 6.981205188626351799e+01 7.138736104938588767e+01 7.296507196612122925e+01 7.454268174665399727e+01 7.611720803297194493e+01 7.768848261992248183e+01 7.925496551519171362e+01 8.081206213474069955e+01 8.235687680982985626e+01 8.388161498230944346e+01 8.537425267160828923e+01 8.680941620074594312e+01 8.813422082212379394e+01 8.915352469407731917e+01 1.000000000000000000e+02 1.000000000000000000e+02 1.000000000000000000e+02 1.000000000000000000e+02 8.887482186600500711e+01 8.773726790430353617e+01 8.639124252733050469e+01 8.496223468666981660e+01 8.349473053410734735e+01 8.200860490366051181e+01 8.051213714689923506e+01 7.901060512428961147e+01 7.751010959957227442e+01 7.601213044797974305e+01 7.451783577367949363e+01 7.303098045818042294e+01 7.155121878422731641e+01 7.007836494226785362e+01 6.861624014181644782e+01 6.716403568261503665e+01 6.571711970948098269e+01 6.428671006326246129e+01 6.286477921909204980e+01 6.145672734489559019e+01 6.006967242381179517e+01 5.868973041298988136e+01 5.732075666634703737e+01 5.596901485249227903e+01 5.463142887118239344e+01 5.330786528630657983e+01 5.199981450104562697e+01 5.070653878318647401e+01 4.943099743652678058e+01 4.817100715859081816e+01 4.692786401045868416e+01 4.570195072759286603e+01 4.449332673917795233e+01 4.330185542003902555e+01 4.212887339337133596e+01 4.097468330773348555e+01 3.983877319256332328e+01 3.872092109148276506e+01 3.762393960260141057e+01 3.654577970481438598e+01 3.548758615873705935e+01 3.444997151256242773e+01 3.343217077810123072e+01 3.243551051759580162e+01 3.146107302448776366e+01 3.050831629538904721e+01 2.957768407448040193e+01 2.866959622605716973e+01 2.778450701429478897e+01 2.692422876990858782e+01 2.608829378943227084e+01 2.527842051896956832e+01 2.449555940331496018e+01 2.373983189013899420e+01 2.301331529002186471e+01 2.232108096850013013e+01 2.165634198634040075e+01 2.102943023940962064e+01 2.044089206194087538e+01 1.989467643169692224e+01 1.939468131410118090e+01 1.894664970346129351e+01 1.855670188000762977e+01 1.823234413951622201e+01 1.798505259854860228e+01 1.782380101724452359e+01 1.776287269456574691e+01 1.781891068956226221e+01 1.800662552795832028e+01 1.834395428510774551e+01 1.885041306227697078e+01 1.953170995219533168e+01 2.039070238438815963e+01 2.142275550863291755e+01 2.257949841763233678e+01 2.378199746848177654e+01
2.701043850907762689e+01 2.826674649327972588e+01 2.954116116957572302e+01 3.083307324947804773e+01 3.214306088109830739e+01 3.346918241247423254e+01 3.481098231552169864e+01 3.616916023006937309e+01 3.754284031369753194e+01 3.892984589280649033e+01 4.033239646412478407e+01 4.174810424617277960e+01 4.317732678332490082e+01 4.461789627618158249e+01 4.607207379362362332e+01 4.753761371478740472e+01 4.901424735223426410e+01 5.050009043985097890e+01 5.199773246457279896e+01 5.350316393035823381e+01 5.501874437717504662e+01 5.654167855076183002e+01 5.807404628358674614e+01 5.961193585389858640e+01 6.115683114170211354e+01 6.270817408460536058e+01 6.426357193288829706e+01 6.582534479690387741e+01 6.738961078193008802e+01 6.895733050787970342e+01 7.052740781783623447e+01 7.210031956152428734e+01 7.367169248080578825e+01 7.524263307300329018e+01 7.681154744307690407e+01 7.837583067858599861e+01 7.993465100027250969e+01 8.148334557624346530e+01 8.301571942130611603e+01 8.452512095378632750e+01 8.599400077976578416e+01 8.738926867831565914e+01 8.862964866722310830e+01 1.000000000000000000e+02 1.000000000000000000e+02 1.000000000000000000e+02 1.000000000000000000e+02 1.000000000000000000e+02 8.848592620664805963e+01 8.724050443864311433e+01 8.585687606345267398e+01 8.441387318458799882e+01 8.294043786025453358e+01 8.145232129185690439e+01 7.995624127881784204e+01 7.845834092068332666e+01 7.696092212357507378e+01 7.546781502891055027e+01 7.398005284895958766e+01 7.249730249025293460e+01 7.102360508833407948e+01 6.955853910240527682e+01 6.810316563609353580e+01 6.665733617674911216e+01 6.522158910077916971e+01 6.379344916172108526e+01 6.238025632219657268e+01 6.097914813113456489e+01 5.959070032546960505e+01 5.822526954023707901e+01 5.686566333058132017e+01 5.552040183273341256e+01 5.418922821255016942e+01 5.287369052489403742e+01 5.157396114159098488e+01 5.028860518087696363e+01 4.901952766886281410e+01 4.776817939630389986e+01 4.653301996781270589e+01 4.531371754445486033e+01 4.411312913825528881e+01 4.292977442369510754e+01 4.176366714903137023e+01 4.061751151828028128e+01 3.948813380888837088e+01 3.837955701401778441e+01 3.728985784523511882e+01 3.621946013668484454e+01 3.516863708756973494e+01 3.413721309653281821e+01 3.312765549071393423e+01 3.213835550586780698e+01 3.117079856842197572e+01 3.022428434044190837e+01 2.930029626819302635e+01 2.839943247459112285e+01 2.752030432052138309e+01 2.666677729918718143e+01 2.583662836954128039e+01 2.503103908059274119e+01 2.425436365099131564e+01 2.350269456401170487e+01 2.278197548719532861e+01 2.208992493232977239e+01 2.143498530877846520e+01 2.080805675839789615e+01 2.022198978882268250e+01 1.967641662982379103e+01 1.917733812040279773e+01 1.872827178213035637e+01 1.833588173113963649e+01 1.800902851774132074e+01 1.775563929671250918e+01 1.758763168501988972e+01 1.751932272303971061e+01 1.756411015714457591e+01 1.774072719296522394e+01 1.806585280285942829e+01 1.855781215111213100e+01 1.922946885408241968e+01 2.008594450415345278e+01 2.111886266073146246e+01 2.229105017009495171e+01 2.351864238079548386e+01
2.775648329962175964e+01 2.901713828084380253e+01 3.029454233543133057e+01 3.158960479130964316e+01 3.290113612840401913e+01 3.423030211803624923e+01 3.557386855911167345e+01 3.693345288613567590e+01 3.830833466875955651e+01 3.969695277959629465e+01 4.109993919126127082e+01 4.251645303962992273e+01 4.394466783244592989e+01 4.538624287737788165e+01 4.683974927092531004e+01 4.830402400776816307e+01 4.977924768924152232e+01 5.126455155344736880e+01 5.276002081626712936e+01 5.426456796552474771e+01 5.577799144923778840e+01 5.729904500233924125e+01 5.882836506425937273e+01 6.036371647868461565e+01 6.190611588641573348e+01 6.345383518861340377e+01 6.500635092680057880e+01 6.656341896036043693e+01 6.812449354691398185e+01 6.968747626523851579e+01 7.125295187099236216e+01 7.282066348934192490e+01 7.438596806910813086e+01 7.595186154047604532e+01 7.751435402870302482e+01 7.907222188808550811e+01 8.062112435584307946e+01 8.215910664382668926e+01 8.367802750375518883e+01 8.516883743424081388e+01 8.660903937720220824e+01 8.795389023823520347e+01 8.905804118286987148e+01 1.000000000000000000e+02 1.000000000000000000e+02 1.000000000000000000e+02 1.000000000000000000e+02 8.908322999620183680e+01 8.803024340034512818e+01 8.671658239747030450e+01 8.530747263187603835e+01 8.385267575423769415e+01 8.237579463788506473e+01 8.088697304093129503e+01 7.939280129504395234e+01 7.789816695460315543e+01 7.640574535732734773e+01 7.491757191063722132e+01 7.343509283099811569e+01 7.195968283431042778e+01 7.049162619074380132e+01 6.903350073378263119e+01 6.758414657250774837e+01 6.614515176168190180e+01 6.471650078145498242e+01 6.330059080730011800e+01 6.189114705556582408e+01 6.049720929987812212e+01 5.911639378576616366e+01 5.775042862280741218e+01 5.640481199456849026e+01 5.506755835060837256e+01 5.374466157739289685e+01 5.243642584018084563e+01 5.114360755959086191e+01 4.986753451159853512e+01 4.860571831463875725e+01 4.736147724368314016e+01 4.613435182599751982e+01 4.492376913829509988e+01 4.373049985386762017e+01 4.255522594834275907e+01 4.139672090637558455e+01 4.025787193261214725e+01 3.913732335675133811e+01 3.803601690333145058e+01 3.695348701014308546e+01 3.589064055946136023e+01 3.484774859265328217e+01 3.382448733635624905e+01 3.282182112969363885e+01 3.183984717321545332e+01 3.087905525923969563e+01 2.993932844843615371e+01 2.902316609437957240e+01 2.812791682764140688e+01 2.725541038453937048e+01 2.640812230614801948e+01 2.558427799273638215e+01 2.478587531892766549e+01 2.401344889109996572e+01 2.326770151758794469e+01 2.255043228122400834e+01 2.186331421899002692e+01 2.121178281783395647e+01 2.058800574610560830e+01 2.000419081810493793e+01 1.946014211961809437e+01 1.896156630670693488e+01 1.851142087544688053e+01 1.811848972875618102e+01 1.778835039550897790e+01 1.753040630006447032e+01 1.735639309557368648e+01 1.727956646742661206e+01 1.731447827604408829e+01 1.748007827156775562e+01 1.779335860922354229e+01 1.827352318259809394e+01 1.893529795975680230e+01 1.978483952422028835e+01 2.081524342160183494e+01 2.200027990905653041e+01 2.325386351151407283e+01
2.851762090705463137e+01 2.978107982901904194e+01 3.106226451379662379e+01 3.235989830545678814e+01 3.367473680733319696e+01 3.500467836305465141e+01 3.635071820654677310e+01 3.771160646600539934e+01 3.908761409890345817e+01 4.047581657976388669e+01 4.188035852970701001e+01 4.329639016353348069e+01 4.472581258603328536e+01 4.616633023530940250e+01 4.761948539309462092e+01 4.908237700663192982e+01 5.055688677966233513e+01 5.203994490618004676e+01 5.353444938490342508e+01 5.503788260008042243e+01 5.654827192050808549e+01 5.806729367468265934e+01 5.959336100399414704e+01 6.112511115241927939e+01 6.266521234983706279e+01 6.420933183396877553e+01 6.575784504268409592e+01 6.731166903182167971e+01 6.886888945577555887e+01 7.042616579495587814e+01 7.198780173637683788e+01 7.354981616076040041e+01 7.511084570872216659e+01 7.666936372430815538e+01 7.822526968400967462e+01 7.977391984261255686e+01 8.131442035564644755e+01 8.284047067995015823e+01 8.434431986980665386e+01 8.581298664407066212e+01 8.721628634225160681e+01 8.848622458741398589e+01 1.000000000000000000e+02 1.000000000000000000e+02 1.000000000000000000e+02 1.000000000000000000e+02 1.000000000000000000e+02 8.872685241446669124e+01 8.753089236123359740e+01 8.617218038409262704e+01 8.474341018277614523e+01 8.327983534331686144e+01 8.180180544416759858e+01 8.031335306324419321e+01 7.882223673036246225e+01 7.733284022861298013e+01 7.584491646661130915e+01 7.436165518601455915e+01 7.288426077597212327e+01 7.141619972194949639e+01 6.995415207231798149e+01 6.850216595153517574e+01 6.706017111680962728e+01 6.562820701985401683e+01 6.420786717229158569e+01 6.279855846116193163e+01 6.140174341806125824e+01 6.001218589277173265e+01 5.863763716928141179e+01 5.727877121612387867e+01 5.593713289496768937e+01 5.461105528675720677e+01 5.329606076095081590e+01 5.199605744324409073e+01 5.071093100229455786e+01 4.944184102490068256e+01 4.818967955967751493e+01 4.695268482148503608e+01 4.573213644431672975e+01 4.453008567813714080e+01 4.334390563187896817e+01 4.217807430680985448e+01 4.102858953782146045e+01 3.989644874225440674e+01 3.878460994854663113e+01 3.769039745634429295e+01 3.661591372139596245e+01 3.556004857254178830e+01 3.452463179852496467e+01 3.350969467159865189e+01 3.251362788856263819e+01 3.153971429690873762e+01 3.058626202452127174e+01 2.965410222237401427e+01 2.874357506729369049e+01 2.785637195810838307e+01 2.699106703764655535e+01 2.614941563582079453e+01 2.533166921841345598e+01 2.453905550197698204e+01 2.377205833346070918e+01 2.303196310337017749e+01 2.231954033512742086e+01 2.163759567008391826e+01 2.098792422413042758e+01 2.036911905130640577e+01 1.978794069741500650e+01 1.924613454467552032e+01 1.874783580700324492e+01 1.829826952222684966e+01 1.790308689165149758e+01 1.757073759249062661e+01 1.730869602004304753e+01 1.712892945568362890e+01 1.704462543757772153e+01 1.707069626581292354e+01 1.722515321591902193e+01 1.752647573480534504e+01 1.799449948177998948e+01 1.864559891325382424e+01 1.948790152448403035e+01 2.051774524631525409e+01 2.171115146448616784e+01 2.298800661284461455e+01
2.929311837110598660e+01 3.056006475853081383e+01 3.184425813737650302e+01 3.314433296116015981e+01 3.446128370698055221e+01 3.579321471240513119e+01 3.714076335196659784e+01 3.850310542836587757e+01 3.987914996378918175e+01 4.126894646736536743e+01 4.267282815003139262e+01 4.408948421465369449e+01 4.551777262691280157e+01 4.695824603920024742e+01 4.841099248209168593e+01 4.987343861032088910e+01 5.134488318918428718e+01 5.282807693552293671e+01 5.432046673361063682e+01 5.582088340986675234e+01 5.732885778792821441e+01 5.884587603009118340e+01 6.036903641423241140e+01 6.189895230974177309e+01 6.343427674171571340e+01 6.497442688053229176e+01 6.652044245525587485e+01 6.806958139962289067e+01 6.962124692085455990e+01 7.117456645991208575e+01 7.273083585020923181e+01 7.428739327682720273e+01 7.584191124095130476e+01 7.739439261364312017e+01 7.894191759212453974e+01 8.048304284392652619e+01 8.201183433429378056e+01 8.352467453975341982e+01 8.501089019247405076e+01 8.645225935431805908e+01 8.780792454317945328e+01 8.896400560235062471e+01 1.000000000000000000e+02 1.000000000000000000e+02 1.000000000000000000e+02 1.000000000000000000e+02 8.923563160966429564e+01 8.828088247607954031e+01 8.700014645332829843e+01 8.560828017490401010e+01 8.416665354703435753e+01 8.269951398652895591e+01 8.121941379873865685e+01 7.973361983596132063e+01 7.824590863378971051e+01 7.675879545477822319e+01 7.527648784994384812e+01 7.379958988646561124e+01 7.232937087605230886e+01 7.086547723036555624e+01 6.941140287809240306e+01 6.796667160047451262e+01 6.653204489589327864e+01 6.510675959819998582e+01 6.369320430912623010e+01 6.229154692219407252e+01 6.090232923799423759e+01 5.952538446342483525e+01 5.815503437654412267e+01 5.680255491022376901e+01 5.546628191600516544e+01 5.415038776065244974e+01 5.284454713660057479e+01 5.155226371793047235e+01 5.027485874611408434e+01 4.901368595985559296e+01 4.776983937985133366e+01 4.654130690505997592e+01 4.532986546977602416e+01 4.413495034996552846e+01 4.295824799252361004e+01 4.179773586273164199e+01 4.065532540706343667e+01 3.953364763489047817e+01 3.842863153125350806e+01 3.734258747517014143e+01 3.627609355344368680e+01 3.522840741280346322e+01 3.420120186670264673e+01 3.319281151539600216e+01 3.220471122011867493e+01 3.123847470774898483e+01 3.029250490049026823e+01 2.936733010636585206e+01 2.846437205898976330e+01 2.758339256017651309e+01 2.672522860682434853e+01 2.589044472864020463e+01 2.507896796557316321e+01 2.429249162288619246e+01 2.353127915327878483e+01 2.279643399241117052e+01 2.208948754113681900e+01 2.141118216218719184e+01 2.076423028839157325e+01 2.015395775872459438e+01 1.957251115257452412e+01 1.903313282231956549e+01 1.853656607183356186e+01 1.808731117779987940e+01 1.769107596646291114e+01 1.735597357447377220e+01 1.709065551804967953e+01 1.690562829292831992e+01 1.681400635867389326e+01 1.683119064587822322e+01 1.697519574743963133e+01 1.726513977328395555e+01 1.772132074078606223e+01 1.836190770685081119e+01 1.919667883726642188e+01 2.022393375340093513e+01 2.142387069066646887e+01 2.272173646346680087e+01
3.008381167083377150e+01 3.135330971266759903e+01 3.263967173229029584e+01 3.394278407379721330e+01 3.526123425493642571e+01 3.659542676583738796e+01 3.794423745374033530e+01 3.930779128087907992e+01 4.068492779933393422e+01 4.207537934141532787e+01 4.347892653445968136e+01 4.489512719136720165e+01 4.632370502847259530e+01 4.776339050837156464e+01 4.921335115026486307e+01 5.067532033327828600e+01 5.214690891622354485e+01 5.362724092520001307e+01 5.511654714013020140e+01 5.661552353651136116e+01 5.812119113812516957e+01 5.963454876342018451e+01 6.115477003779474785e+01 6.268147731731750127e+01 6.421317583140796614e+01 6.575038111476459335e+01 6.729168612985583309e+01 6.883604035674800059e+01 7.038247164802022837e+01 7.193244799539645840e+01 7.348376805718355342e+01 7.503352223527436138e+01 7.658126238458028467e+01 7.812630024700341380e+01 7.966710743956188878e+01 8.119747671315680293e+01 8.271499472278695464e+01 8.421238148713247540e+01 8.567704218324939802e+01 8.708485826627696724e+01 8.837148124920349801e+01 8.932150052178431565e+01 1.000000000000000000e+02 1.000000000000000000e+02 1.000000000000000000e+02 1.000000000000000000e+02 8.892519927847854433e+01 8.777858222889291540e+01 8.644175062435945733e+01 8.502857665015091015e+01 8.357705013671477445e+01 8.210810552203705015e+01 8.062907575875077271e+01 7.914548109199614601e+01 7.766126041718924000e+01 7.618035954360125572e+01 7.470298179910327008e+01 7.323179668166352485e+01 7.176823277693338810e+01 7.031171654324165843e+01 6.886323767112882877e+01 6.742578942715446999e+01 6.599798386968986108e+01 6.458086529482882554e+01 6.317524545348819487e+01 6.178113887377229929e+01 6.039893012481314116e+01 5.903048860134249765e+01 5.767493246152990594e+01 5.632559691529637291e+01 5.499555309474271070e+01 5.367920496806881658e+01 5.238891639007221812e+01 5.110502381640821312e+01 4.983643555202230857e+01 4.858359760396611904e+01 4.734693924792190245e+01 4.612648982283303667e+01 4.492300209339320816e+01 4.373680782646527376e+01 4.256824062689700128e+01 4.141689976501287163e+01 4.028301570307080937e+01 3.916837270941677929e+01 3.807115889096024119e+01 3.699312536782668559e+01 3.593448477582936817e+01 3.489543977023702581e+01 3.387457347030934329e+01 3.287510731607378034e+01 3.189463788239659436e+01 3.093561504396310369e+01 2.999693922466120100e+01 2.907959679274605236e+01 2.818400894327469786e+01 2.731014723121739607e+01 2.645871616936467063e+01 2.563039855640892739e+01 2.482586997111089033e+01 2.404514389213523629e+01 2.328996953866189301e+01 2.256048528092016170e+01 2.185929280961376264e+01 2.118511447457248664e+01 2.054319432556495073e+01 1.993661248876639291e+01 1.935849329370083893e+01 1.882170734096757414e+01 1.832683135411694764e+01 1.787766126528410737e+01 1.748103687010260643e+01 1.714475482796624561e+01 1.687552008396990999e+01 1.668560369646726471e+01 1.658758355619136537e+01 1.659675209237011373e+01 1.673076174035576003e+01 1.700959900051226725e+01 1.745386610418781004e+01 1.808296134775781994e+01 1.890934444904119971e+01 1.993392807301871272e+01 2.113845383169488201e+01 2.245494684162273558e+01
3.088794403614181050e+01 3.216096420419422230e+01 3.345006002517807531e+01 3.475489974502939106e+01 3.607534648834820246e+01 3.741067186745784312e+01 3.876075341188683865e+01 4.012443083475343286e+01 4.150317432568700582e+01 4.289373489992639321e+01 4.429687049286076217e+01 4.571280364224157466e+01 4.714092975685119313e+01 4.858017001602289753e+01 5.002937490116990205e+01 5.148880130476302242e+01 5.295849780114811978e+01 5.443795842517958050e+01 5.592484383054928543e+01 5.742109675108996214e+01 5.892432140412733332e+01 6.043451768996646933e+01 6.195199841315404399e+01 6.347407072815281737e+01 6.500277601264629368e+01 6.653589547960980610e+01 6.807316540501095403e+01 6.961261976953139197e+01 7.115559111130340852e+01 7.269928581720425598e+01 7.424399754797259732e+01 7.578753559332086809e+01 7.732874580475615289e+01 7.886707349251710752e+01 8.039779052332970366e+01 8.191700257744787450e+01 8.342229065217730977e+01 8.490209717500555087e+01 8.634053146464304973e+01 8.770149679338302917e+01 8.888773170037994475e+01 1.000000000000000000e+02 1.000000000000000000e+02 1.000000000000000000e+02 1.000000000000000000e+02 1.000000000000000000e+02 8.848846719321905141e+01 8.723866322723354472e+01 8.586537755201231903e+01 8.443652334849073782e+01 8.297915786952694361e+01 8.150793181446447022e+01 8.003071388364402594e+01 7.854938786629720937e+01 7.707094438049169582e+01 7.559450381420812448e+01 7.412281380811859322e+01 7.265827012789425510e+01 7.120127658210631694e+01 6.975164473890522743e+01 6.831162332234129053e+01 6.688088697039297870e+01 6.545923948051522245e+01 6.405064431104814560e+01 6.265208076682073823e+01 6.126553409451849319e+01 5.989244131401461146e+01 5.853091671433552534e+01 5.718274735756372706e+01 5.584962437502265686e+01 5.452196154638615155e+01 5.321430551907512552e+01 5.192140013334088167e+01 5.065461107061803858e+01 4.939294627009627447e+01 4.814911116968892912e+01 4.692126159494355164e+01 4.570971514266835101e+01 4.451474808974157327e+01 4.333608101859761774e+01 4.217521094612314414e+01 4.103250803798853497e+01 3.990717079954083601e+01 3.880033646920406909e+01 3.771185618632186021e+01 3.664192358127024107e+01 3.559117502191920579e+01 3.456005757358791897e+01 3.354782100575322801e+01 3.255606509573910756e+01 3.158340653751939797e+01 3.063170582944339060e+01 2.970074209836064227e+01 2.879138561209412117e+01 2.790292287589607412e+01 2.703543162642456821e+01 2.619162081442799561e+01 2.537004175807405915e+01 2.457208749685086957e+01 2.379786188131426528e+01 2.304892983016361185e+01 2.232599063351424817e+01 2.162914268622698799e+01 2.096116296548926528e+01 2.032274853545701276e+01 1.971792227738482595e+01 1.914592255796654285e+01 1.861158229986040880e+01 1.811804512216337315e+01 1.767074464369188291e+01 1.727441736796708938e+01 1.693589595896620636e+01 1.666441253823400714e+01 1.646965549999174172e+01 1.636571491973402104e+01 1.636647767079749727e+01 1.649087864402732961e+01 1.675829480378788716e+01 1.719129405489085016e+01 1.780900043474191818e+01 1.862643873941367545e+01 1.964646853491889189e+01 2.085516266127277518e+01 2.218900689012185268e+01
3.170772427128089177e+01 3.298359481041248387e+01 3.427487777924613965e+01 3.558122059280491811e+01 3.690364740710534619e+01 3.823995838949119275e+01 3.959122825985966898e+01 4.095630639347468360e+01 4.233384247840889714e+01 4.372550392014045428e+01 4.512884260050763174e+01 4.654371275360921345e+01 4.797001200507013152e+01 4.940764424425474743e+01 5.085628490632520027e+01 5.231459792798617059e+01 5.378274398567148751e+01 5.525866088696110978e+01 5.674382437177862926e+01 5.823780029394826840e+01 5.973815274944305997e+01 6.124453087094892112e+01 6.275923359284991676e+01 6.427790886361268008e+01 6.580201525451893474e+01 6.733048883443353816e+01 6.886328903536892199e+01 7.039828035411478879e+01 7.193553437560478869e+01 7.347412548963234258e+01 7.501275580615764227e+01 7.654969381396870176e+01 7.808354724660844681e+01 7.961278562237161793e+01 8.113398901713814837e+01 8.264254138273922479e+01 8.413226486795977621e+01 8.559161031621601978e+01 8.699653737490061189e+01 8.829396475520979948e+01 8.930267592501040497e+01 1.000000000000000000e+02 1.000000000000000000e+02 1.000000000000000000e+02 1.000000000000000000e+02 8.908231486042164704e+01 8.798354385097427155e+01 8.666881429684319471e+01 8.527017548709058303e+01 8.383142612954246431e+01 8.237037102141158584e+01 8.089980151312836654e+01 7.942438131450116146e+01 7.794805385692873756e+01 7.647316563280608648e+01 7.500313482793205822e+01 7.353705448322581617e+01 7.207849545965632387e+01 7.062885059619902961e+01 6.918538481486280034e+01 6.775333362608661503e+01 6.632971842289133235e+01 6.491739811827619633e+01 6.351512521660336574e+01 6.212477833308387432e+01 6.074550820752485691e+01 5.938101605828596519e+01 5.802732807357431000e+01 5.668785560807592105e+01 5.536170692860511622e+01 5.404957278629801465e+01 5.274459371605881586e+01 5.145945444945662928e+01 5.019042595758062220e+01 4.894857230169206019e+01 4.771278425777131105e+01 4.649237069538544631e+01 4.528903678209164241e+01 4.410241572290158985e+01 4.293313366910096818e+01 4.178061496828075860e+01 4.064619251042671522e+01 3.952963812684661349e+01 3.843105864895696300e+01 3.735075580293634090e+01 3.628915743065348209e+01 3.524615790512165603e+01 3.422351927422555207e+01 3.321893774474447980e+01 3.223447931242222353e+01 3.126943858900045470e+01 3.032732573639821538e+01 2.940424917946191741e+01 2.850124124705255468e+01 2.762054910550539688e+01 2.675986612881519022e+01 2.592403575867250254e+01 2.510940940530821308e+01 2.431778855152781915e+01 2.355012599322272493e+01 2.280727490984336825e+01 2.209008753297173655e+01 2.139962218527514537e+01 2.073640617413123977e+01 2.010373060736091588e+01 1.950134384424215739e+01 1.893613786371273022e+01 1.840251900986152833e+01 1.791193663116980161e+01 1.746516779111084716e+01 1.706851164277773947e+01 1.672926500815538020e+01 1.645563630769206753e+01 1.625708615774949095e+01 1.614686640124662986e+01 1.614086250781599929e+01 1.625622072400211238e+01 1.651274661642329988e+01 1.693410464591681475e+01 1.754059469288892359e+01 1.834865417812060429e+01 1.936442740129831108e+01 2.057502440148939371e+01 2.192351057267083547e+01
3.254202213185437387e+01 3.381976478309388767e+01 3.511355946172870546e+01 3.642230881561810918e+01 3.774518204330799875e+01 3.908277390836892096e+01 4.043492379578946583e+01 4.180063364007219207e+01 4.317886036683216133e+01 4.456929741962161984e+01 4.597255932704119630e+01 4.738723725873506964e+01 4.881271744962867132e+01 5.024923520593684856e+01 5.169618212758202702e+01 5.315140524051697923e+01 5.461808512071305444e+01 5.609217757845386387e+01 5.757385191262387281e+01 5.906469291402389388e+01 6.056188301269725116e+01 6.206682965862175649e+01 6.357643404097103002e+01 6.509120724201582675e+01 6.661163354667189651e+01 6.813621756891876657e+01 6.966394860738026296e+01 7.119253552537333007e+01 7.272531344306050016e+01 7.425754725035741899e+01 7.579002240170248683e+01 7.732018003399878125e+01 7.884662303718511112e+01 8.036704110188095740e+01 8.187767547101253740e+01 8.337281672096160889e+01 8.484403091515395090e+01 8.627648317840875336e+01 8.763833216101417634e+01 8.884082474310994826e+01 1.000000000000000000e+02 1.000000000000000000e+02 1.000000000000000000e+02 1.000000000000000000e+02 1.000000000000000000e+02 8.865568157062584476e+01 8.743507740503781633e+01 8.607834079533223814e+01 8.466200649946371470e+01 8.321505363045469039e+01 8.175302700118902521e+01 8.028370446746458811e+01 7.881112346891306686e+01 7.733932443872375018e+01 7.586941093187854790e+01 7.440530349829852241e+01 7.294705604919265340e+01 7.149520565164347374e+01 7.005187838475396234e+01 6.861620441496822309e+01 6.719051228937824760e+01 6.577429747764367107e+01 6.437011201441956132e+01 6.297521091589010922e+01 6.159299247789329002e+01 6.022323583286617321e+01 5.886562675749116380e+01 5.752024275370987283e+01 5.618804940573126316e+01 5.487170608886901846e+01 5.356856792465178785e+01 5.227330625754115090e+01 5.099656627318402968e+01 4.973439845156958228e+01 4.848894594298089089e+01 4.727300312992361597e+01 4.606195333145949178e+01 4.486627322045254829e+01 4.368865643180662772e+01 4.252759406904780093e+01 4.138265159715719221e+01 4.025648990759955836e+01 3.914951642012319866e+01 3.805866739812429245e+01 3.698733978981410075e+01 3.593416771975203261e+01 3.490042613372623492e+01 3.388444091063647079e+01 3.288912823926802531e+01 3.191327438562531071e+01 3.095692318368988794e+01 3.002134924153228113e+01 2.910527624701684246e+01 2.821092320965933453e+01 2.733736642673428818e+01 2.648512262153830221e+01 2.565595956295118185e+01 2.484771903409498250e+01 2.406339516563889092e+01 2.330188428417466895e+01 2.256620024737408059e+01 2.185497811640675536e+01 2.116967578806772110e+01 2.051214735973906400e+01 1.988422590405395241e+01 1.928652795428338251e+01 1.872599945053860893e+01 1.819502048257489690e+01 1.770633627173499036e+01 1.726178559661327583e+01 1.686508254723921851e+01 1.652593906821676484e+01 1.624986512220583279e+01 1.604776824317501038e+01 1.593269137711302896e+01 1.591909785782156206e+01 1.602538130514233927e+01 1.627198504122723222e+01 1.668200026245668610e+01 1.727695852473643967e+01 1.807506192535616307e+01 1.908509769641364429e+01 2.029705638795603662e+01 2.166247846155660994e+01
3.339128700170346065e+01 3.467125673234659189e+01 3.596616005216627343e+01 3.727659898671756622e+01 3.860109030492425575e+01 3.994020008223859719e+01 4.129244372600542334e+01 4.265786465854761644e+01 4.403640217130241297e+01 4.542625473605728104e+01 4.682865045767810841e+01 4.824238149407747045e+01 4.966646934356833043e+01 5.110166858923719246e+01 5.254704123775329805e+01 5.400064058756792917e+01 5.546500298896719272e+01 5.693657787875303455e+01 5.841664642262463047e+01 5.990354329108452447e+01 6.139712101151373247e+01 6.289807189814264632e+01 6.440335289373857108e+01 6.591552182438232421e+01 6.743119461046471486e+01 6.895027106735366829e+01 7.047286221048778998e+01 7.199774550119030891e+01 7.352380177058957145e+01 7.505033289007336350e+01 7.657508172069813668e+01 7.809712473667073596e+01 7.961572903813211610e+01 8.112422457117962438e+01 8.262425518845284955e+01 8.410428770857713232e+01 8.555538852598461119e+01 8.695512645323373135e+01 8.825456651469242786e+01 8.929627375620619034e+01 1.000000000000000000e+02 1.000000000000000000e+02 1.000000000000000000e+02 1.000000000000000000e+02 8.920349739007313872e+01 8.814751463892984873e+01 8.685123969787895248e+01 8.546742019334959650e+01 8.403906513061440364e+01 8.258840632535699910e+01 8.112638467080142846e+01 7.965905016940938310e+01 7.818979662442887957e+01 7.672336961927705090e+01 7.525992343454358036e+01 7.380163671041947282e+01 7.234945728801287146e+01 7.090516199431090172e+01 6.946801740722737861e+01 6.804023918304474705e+01 6.662275495482806775e+01 6.521451572228045279e+01 6.381744348376453502e+01 6.243220002485474396e+01 6.105823562030563778e+01 5.969533588996360862e+01 5.834654416531610366e+01 5.700825074775135448e+01 5.568733348768404312e+01 5.437772661057328349e+01 5.308298482016743236e+01 5.180255717676283211e+01 5.052913801512770675e+01 4.927600697448579581e+01 4.803900339345109671e+01 4.682921028232041039e+01 4.562814855266054082e+01 4.444156856854137061e+01 4.327209982471564587e+01 4.211996742253585069e+01 4.098385131553536098e+01 3.986565725916118907e+01 3.876752097338282965e+01 3.768553669806679807e+01 3.662256138960325558e+01 3.557743048285719567e+01 3.455205951584506607e+01 3.354497984288177292e+01 3.255747501653940645e+01 3.158970955847594198e+01 3.064176598942211882e+01 2.971361438385904563e+01 2.880648794998066364e+01 2.791926447173510439e+01 2.705344272831512598e+01 2.620934250769744267e+01 2.538666377533010987e+01 2.458603455454041509e+01 2.380909683667908894e+01 2.305421791449252567e+01 2.232440612938708568e+01 2.161939722026945532e+01 2.094016200219923718e+01 2.028842194659857867e+01 1.966513339754604317e+01 1.907212842074046222e+01 1.851538517649061788e+01 1.798803403233979381e+01 1.750283515038628579e+01 1.705943637669417967e+01 1.666287891796899245e+01 1.632450098984021736e+01 1.604670786066925103e+01 1.584139976544921602e+01 1.572188069438764657e+01 1.570175089374461486e+01 1.579918361808957350e+01 1.603641076530899312e+01 1.643491350374438653e+01 1.701769262341551325e+01 1.780654395238056154e+01 1.881043416969608728e+01 2.001942024030152112e+01 2.139846467036191768e+01
3.425543821434011704e+01 3.553645534968921282e+01 3.683423414265798357e+01 3.814577547320088513e+01 3.947146557724050808e+01 4.081059959867408082e+01 4.216359604047562470e+01 4.352900395953772517e+01 4.490679568241591113e+01 4.629581116726223655e+01 4.769771349681279560e+01 4.911041435446244208e+01 5.053273118462078628e+01 5.196687089986912156e+01 5.340962010297730700e+01 5.486195985035975298e+01 5.632339319928718879e+01 5.779218959138214728e+01 5.926858183394418944e+01 6.075307861413106281e+01 6.224388734542074531e+01 6.373931708014830377e+01 6.524192022553714310e+01 6.674802833548196190e+01 6.826010760918624953e+01 6.977391681257050493e+01 7.129245644190956455e+01 7.281090198410610981e+01 7.433062063578766754e+01 7.585095586883335272e+01 7.736824859700946888e+01 7.888303812594132580e+01 8.039201904482105476e+01 8.189097411509331437e+01 8.337530595102154507e+01 8.483650403444377730e+01 8.626310406422830113e+01 8.761872986266274665e+01 8.882848008130001460e+01 1.000000000000000000e+02 1.000000000000000000e+02 1.000000000000000000e+02 1.000000000000000000e+02 1.000000000000000000e+02 8.878555935539191069e+01 8.758661618577025365e+01 8.624439158444448594e+01 8.484153503379621952e+01 8.340576604164488117e+01 8.195256288549980184e+01 8.049148205571756876e+01 7.902737734576972173e+01 7.756322623117600301e+01 7.610200909874028241e+01 7.464437317898881474e+01 7.319241806741970890e+01 7.174682622713376645e+01 7.030993851254866911e+01 6.888077865718793191e+01 6.746018616817281099e+01 6.605044184602355983e+01 6.465025114554158847e+01 6.326110949460155553e+01 6.188382038592681056e+01 6.051736566340797197e+01 5.916400742568055193e+01 5.782322938130580781e+01 5.649514411402402914e+01 5.518065079535547568e+01 5.387990363372825442e+01 5.259408146147799101e+01 5.132273485711136374e+01 5.006618632257258383e+01 4.881478625549468120e+01 4.758615390012246138e+01 4.637317565518843310e+01 4.519131598503186353e+01 4.401354891229435395e+01 4.285314310190013742e+01 4.170924599892048690e+01 4.058306874376360440e+01 3.947375613847086129e+01 3.838281447217012499e+01 3.731031525415345840e+01 3.625544380517400356e+01 3.521933484457628083e+01 3.420203055726468477e+01 3.320399554213410909e+01 3.222444658635023274e+01 3.126501950642721539e+01 3.032515839522075396e+01 2.940509965583089169e+01 2.850594479651844537e+01 2.762668134963377398e+01 2.676857307669792263e+01 2.593216848749045766e+01 2.511655114629480678e+01 2.432345366878053738e+01 2.355250959811752054e+01 2.280590463014896585e+01 2.208261612592691137e+01 2.138381824179276336e+01 2.071095124940416454e+01 2.006475265290975685e+01 1.944695234386365357e+01 1.885917938317156484e+01 1.830280050738429765e+01 1.778619805264800391e+01 1.730003235541445150e+01 1.685874802589865240e+01 1.646463248073921548e+01 1.612540607361961875e+01 1.584614286314084453e+01 1.563843559282498319e+01 1.551385882886675560e+01 1.548813246851303838e+01 1.557805937156187071e+01 1.580509051261704911e+01 1.619195009178556788e+01 1.676438901676329252e+01 1.754282605394061889e+01 1.853970971137963630e+01 1.974837075735397107e+01 2.113644004143431232e+01
3.513385725618902455e+01 3.641681015503836960e+01 3.771620453125872530e+01 3.902834071386857318e+01 4.035469779088185760e+01 4.169458529678918524e+01 4.304763132702529305e+01 4.441271918881260916e+01 4.579002289335618769e+01 4.717957977495298394e+01 4.857940046715643234e+01 4.999073713062591651e+01 5.141239063374209906e+01 5.284347339318262726e+01 5.428426242892079046e+01 5.573400119186619861e+01 5.719237487137587550e+01 5.865933501527981520e+01 6.013212793926056321e+01 6.161274186310732404e+01 6.309943872694741174e+01 6.459182816557867568e+01 6.608977127611417757e+01 6.759222816006817425e+01 6.909870678489014040e+01 7.060768264811171946e+01 7.211979320454248921e+01 7.363274706080143517e+01 7.514681855741361005e+01 7.665864019412190089e+01 7.816936740583719256e+01 7.967477717819686234e+01 8.117404345910009056e+01 8.266025257324042741e+01 8.413074682900571588e+01 8.557161425351135620e+01 8.696346355415846574e+01 8.825934845370235848e+01 8.931101768653803674e+01 1.000000000000000000e+02 1.000000000000000000e+02 1.000000000000000000e+02 1.000000000000000000e+02 8.929434604552243115e+01 8.827032212909669795e+01 8.699125885660470203e+01 8.561898486558430932e+01 8.420030176756114315e+01 8.276051482598344933e+01 8.130745983055327031e+01 7.984942749715726507e+01 7.838819900607674640e+01 7.692873685778974391e+01 7.547324050950496144e+01 7.402255272770365480e+01 7.257748441212439161e+01 7.113956240975451806e+01 6.970797867473555698e+01 6.828789776004636281e+01 6.687532541433952815e+01 6.547296927731733263e+01 6.408143237275042736e+01 6.270035316371737366e+01 6.133059993984224434e+01 5.997300344988699550e+01 5.862802066590748495e+01 5.729660586681703904e+01 5.597689414479787473e+01 5.467081593693201569e+01 5.337973837206219940e+01 5.210230383087617412e+01 5.083927309849588738e+01 4.959084206592645216e+01 4.835911915555761453e+01 4.713083741741006349e+01 4.592773691405730574e+01 4.473816771681779159e+01 4.358392433094975615e+01 4.243221685908682161e+01 4.129724879177197749e+01 4.017973870538599357e+01 3.907970609887634339e+01 3.799716032024183932e+01 3.693273386264615255e+01 3.588724009288862504e+01 3.485952959477115343e+01 3.385115208697654055e+01 3.286071903398691063e+01 3.189050941690234708e+01 3.093859993541674314e+01 3.000774337240761369e+01 2.909620690263068354e+01 2.820429790065794862e+01 2.733351611964650729e+01 2.648351999788975775e+01 2.565468049504916337e+01 2.484681953256994191e+01 2.406109800323690351e+01 2.329742736031631267e+01 2.255776803116692619e+01 2.184103379151471813e+01 2.114887462742021285e+01 2.048141616808849363e+01 1.984154094169584681e+01 1.922890998211412850e+01 1.864594957602615466e+01 1.809490332435217397e+01 1.758079136165694578e+01 1.709857327598015431e+01 1.665978789910593605e+01 1.626741543993219707e+01 1.592809551122628164e+01 1.564798005387403279e+01 1.543818281550729488e+01 1.530981626713013810e+01 1.527804644750926322e+01 1.536018495369097003e+01 1.557802147227524969e+01 1.595480936647152248e+01 1.651576450547619501e+01 1.728331236331349530e+01 1.827291047019378212e+01 1.947988484911753559e+01 2.087618129150451551e+01
3.602694526596292945e+01 3.731215891047231281e+01 3.861181741380242016e+01 3.992534085416406242e+01 4.125216042417749662e+01 4.259235089492810999e+01 4.394534843584768424e+01 4.530948959707827584e+01 4.668623320128533294e+01 4.807461577792228269e+01 4.947415968264230202e+01 5.088343969939992206e+01 5.230300584401626196e+01 5.373275902793690761e+01 5.517152299586233255e+01 5.661864165377521374e+01 5.807348320339325198e+01 5.953679302470191459e+01 6.100640911247818821e+01 6.248289068300103821e+01 6.396669575477746861e+01 6.545469443261677611e+01 6.694868861146497352e+01 6.844573924860308978e+01 6.994676984833083111e+01 7.145131431763086027e+01 7.295688180692812352e+01 7.446428445634811055e+01 7.597071167895799704e+01 7.747587822282203263e+01 7.897704391578911043e+01 8.047344665907831995e+01 8.196138770651353411e+01 8.343381504879795330e+01 8.488606945612467314e+01 8.630025117587867101e+01 8.764868852885614103e+01 8.885221695258155705e+01 1.000000000000000000e+02 1.000000000000000000e+02 1.000000000000000000e+02 1.000000000000000000e+02 1.000000000000000000e+02 8.887875161485101216e+01 8.769818888174783922e+01 8.636933838682993780e+01 8.497517212282524213e+01 8.354880929474293794e+01 8.210590787702973614e+01 8.065292247531111514e+01 7.919679275693282250e+01 7.774211750241755681e+01 7.628886404093115914e+01 7.483872284605958214e+01 7.339451565868114358e+01 7.195670872175136878e+01 7.052528538803710489e+01 6.910301442418523266e+01 6.768935670606930444e+01 6.628594884501774231e+01 6.489085592504962108e+01 6.350728866726732491e+01 6.213556892437422619e+01 6.077466148602539420e+01 5.942520948627794297e+01 5.808906127747093251e+01 5.676549926841292404e+01 5.545467054358026360e+01 5.415767918842276174e+01 5.287487211711889756e+01 5.160676222329483664e+01 5.035270962329495603e+01 4.911350825240680962e+01 4.789028466905214287e+01 4.667504721485818209e+01 4.547755883228690976e+01 4.429859810771612416e+01 4.314455363303903113e+01 4.200825832858042475e+01 4.088238866925087223e+01 3.977349061984534018e+01 3.868288925613272511e+01 3.760972137701861584e+01 3.655410469535597429e+01 3.551742709445607460e+01 3.449759854445889573e+01 3.349766071399537992e+01 3.251674222562876793e+01 3.155470417783110548e+01 3.061246183942096621e+01 2.968885068023958596e+01 2.878523530961710719e+01 2.790262279647433985e+01 2.703956856333969938e+01 2.619622144733567737e+01 2.537611896552331814e+01 2.457584500170905173e+01 2.379799096721840712e+01 2.304186329690933732e+01 2.230859274552815563e+01 2.159891269796773017e+01 2.091360829037397551e+01 2.025266849147928738e+01 1.961837008975191310e+01 1.901160344722621076e+01 1.843321093663825394e+01 1.788665661496462533e+01 1.737696593813051749e+01 1.689781226457901653e+01 1.646229327830777223e+01 1.607205352019875733e+01 1.573275224061391242e+01 1.545243510797834574e+01 1.524032609645308334e+01 1.510823757559822766e+01 1.507124991325606800e+01 1.514668715921681041e+01 1.535540874619890594e+01 1.572195377547993544e+01 1.627158838049832568e+01 1.703120628811324266e+01 1.801026891117609807e+01 1.921529820628552443e+01 2.061753985908136855e+01
3.693489869315867224e+01 3.822153446257179610e+01 3.952180507489032379e+01 4.083590073552708333e+01 4.216367371273015152e+01 4.350345515503202165e+01 4.485549579464894521e+01 4.622018960325555526e+01 4.759585755224271253e+01 4.898327145836655205e+01 5.038094423407682143e+01 5.178866418333145560e+01 5.320648048288254728e+01 5.463339000557157732e+01 5.606947536052564374e+01 5.751388831977146765e+01 5.896559049939125430e+01 6.042581056290059394e+01 6.189235441018426798e+01 6.336495906503481024e+01 6.484385530771696438e+01 6.632782343460708319e+01 6.781600890408185478e+01 6.930864646427134801e+01 7.080412507105593534e+01 7.230231889503428988e+01 7.380199466095911021e+01 7.530325985473540129e+01 7.680206904535192791e+01 7.829942436035743469e+01 7.979179144938269985e+01 8.127837668590298392e+01 8.275180121712470793e+01 8.421009185040331602e+01 8.563876608313306349e+01 8.702078120354119051e+01 8.830655949161014462e+01 8.935429533747716846e+01 1.000000000000000000e+02 1.000000000000000000e+02 1.000000000000000000e+02 1.000000000000000000e+02 8.935848372256126027e+01 8.835182881019647994e+01 8.708647744394242807e+01 8.572355090327117466e+01 8.431619665637360583e+01 8.288527360844759073e+01 8.144123199599704321e+01 7.999060189647562424e+01 7.853981710335970945e+01 7.708855995999182653e+01 7.564051567676827403e+01 7.419893269134544767e+01 7.275994485830499059e+01 7.133058494660133420e+01 6.990786337647740822e+01 6.849262389658542816e+01 6.708694858239890380e+01 6.569109420483934514e+01 6.430368661950186038e+01 6.292984236287776412e+01 6.156580019800619397e+01 6.021376332765744621e+01 5.887352038522703168e+01 5.754639442315136222e+01 5.623038767879554456e+01 5.492884736778081134e+01 5.364152163530570760e+01 5.236788508489011917e+01 5.110689216785022637e+01 4.986262007180843625e+01 4.863348090593654405e+01 4.741853124346416593e+01 4.622062807260657280e+01 4.502666765506815238e+01 4.385689030673663069e+01 4.270211954693346001e+01 4.158256983769776127e+01 4.046583270562263834e+01 3.936595244643061875e+01 3.828360719071582707e+01 3.721929961916140428e+01 3.617381052944814712e+01 3.514484569800063696e+01 3.413510450539144614e+01 3.314369557781429165e+01 3.217079338443868153e+01 3.121744825410930346e+01 3.028380464447230125e+01 2.936906652491899550e+01 2.847409936975845568e+01 2.759914722297451917e+01 2.674402178806066743e+01 2.590985439078291463e+01 2.509691608497809412e+01 2.430468012475908068e+01 2.353412295874590754e+01 2.278575034955725442e+01 2.205928040494915621e+01 2.135684297894223604e+01 2.067757299546429905e+01 2.002372643862122459e+01 1.939566048296214973e+01 1.879403845122132921e+01 1.822160369193331775e+01 1.767969785853805575e+01 1.717084124754519792e+01 1.669893136537894307e+01 1.626623802856351730e+01 1.587687127517583008e+01 1.553924960629885454e+01 1.525896335039096385e+01 1.504494748153231143e+01 1.491002883605910867e+01 1.486825173459446248e+01 1.493658716961914124e+01 1.513693483498614967e+01 1.549358460630382339e+01 1.603240356408342038e+01 1.677894394333332428e+01 1.775159793587729595e+01 1.895379360096054455e+01 2.036142508918088367e+01
3.785723873401513373e+01 3.914482953673697097e+01 4.044624780616948811e+01 4.176122138621103375e+01 4.308865916898173509e+01 4.442841217959468025e+01 4.577973497655472812e+01 4.714392437127175839e+01 4.851910918168680098e+01 4.990388067161271834e+01 5.130016283034179025e+01 5.270572675582945266e+01 5.412159903317630238e+01 5.554579665287802470e+01 5.697927116109860179e+01 5.842041145377572064e+01 5.986971046673430408e+01 6.132510168201959289e+01 6.278795564917565031e+01 6.425698243358021955e+01 6.573169381738837558e+01 6.721010535730356139e+01 6.869496600494666438e+01 7.018105699463379210e+01 7.167083067318803558e+01 7.316410909983478916e+01 7.465705365553034767e+01 7.615039069957795448e+01 7.764156267458368177e+01 7.913024474031335842e+01 8.061378816438492834e+01 8.208789294800114078e+01 8.354812294343929580e+01 8.498743123950818301e+01 8.638934622303537481e+01 8.772448967482981175e+01 8.891727607959880686e+01 1.000000000000000000e+02 1.000000000000000000e+02 1.000000000000000000e+02 1.000000000000000000e+02 1.000000000000000000e+02 8.893500353856578045e+01 8.776422822281135439e+01 8.644474261604470655e+01 8.506035349050414140e+01 8.364438374542474719e+01 8.221109489032525630e+01 8.076744315971902211e+01 7.932117567324861795e+01 7.787484248995397706e+01 7.642938917158048184e+01 7.498785800424663250e+01 7.355089264412183070e+01 7.212216898551902489e+01 7.069869731283240810e+01 6.928377121244689363e+01 6.787720637165939763e+01 6.647882430299164014e+01 6.509186915268678320e+01 6.371487820964611615e+01 6.234839624953141168e+01 6.099278966008800751e+01 5.964935982192540820e+01 5.831742509687119025e+01 5.699860365169585918e+01 5.569346855909096661e+01 5.439965722690114092e+01 5.312149837000084318e+01 5.185711076365837613e+01 5.060630033070599154e+01 4.937122652638291953e+01 4.815068462080704137e+01 4.694485273968586370e+01 4.575528715849998207e+01 4.458237877493886714e+01 4.341155402662615614e+01 4.226689108419947871e+01 4.113765588084986291e+01 4.004725693125064367e+01 3.895703662068255113e+01 3.788378386017873112e+01 3.682787732005103720e+01 3.579089703602691230e+01 3.477185132970471670e+01 3.377092701990599721e+01 3.278818175677304936e+01 3.182481535270340700e+01 3.088007759816230191e+01 2.995476912175855233e+01 2.904849412035147438e+01 2.816185608898232928e+01 2.729547943851624581e+01 2.644887914607112478e+01 2.562289581896555291e+01 2.481738075079969974e+01 2.403303893044198603e+01 2.326970120257667674e+01 2.252883929260467255e+01 2.180988303004639661e+01 2.111416897213621624e+01 2.044167111465353770e+01 1.979477464362513572e+01 1.917272906214790851e+01 1.857726787881739483e+01 1.801015666641727719e+01 1.747319235800631887e+01 1.696911369227895960e+01 1.650357485980467231e+01 1.607016750995743237e+01 1.568459201442785655e+01 1.534755499527479294e+01 1.506721890305324862e+01 1.485263912975082157e+01 1.471435772477997972e+01 1.466836395672925875e+01 1.473055679660948414e+01 1.492300323059223643e+01 1.526929228945441608e+01 1.579772941075151493e+01 1.653354772245019433e+01 1.749751300418983391e+01 1.869533842026890369e+01 2.010762194828144089e+01
3.879424150562857676e+01 4.008324545448781606e+01 4.138511098514404551e+01 4.269954873875387591e+01 4.402684836690436043e+01 4.536593583525024087e+01 4.671735071315021059e+01 4.808015351557060058e+01 4.945347841209384399e+01 5.083792381184502318e+01 5.223160106219070542e+01 5.363536229441030656e+01 5.504909740542605334e+01 5.647076553023637757e+01 5.790034558717791668e+01 5.933881089449704405e+01 6.078379614488995486e+01 6.223590439517481343e+01 6.369536347654853614e+01 6.515918623506429697e+01 6.662914930334089547e+01 6.810395833480447436e+01 6.958250181427472114e+01 7.106331021991391594e+01 7.254842551242515469e+01 7.403334043995012337e+01 7.552018442975030155e+01 7.700568641489105914e+01 7.848900607639350824e+01 7.996885489451702256e+01 8.144054407653834460e+01 8.290212879371404142e+01 8.434635174288843018e+01 8.576199581214729051e+01 8.712836333042027093e+01 8.839981795351705784e+01 8.942619327211471614e+01 1.000000000000000000e+02 1.000000000000000000e+02 1.000000000000000000e+02 1.000000000000000000e+02 8.939901556641743241e+01 8.839378827778907066e+01 8.713444911039596263e+01 8.578179832731326826e+01 8.438325930892010263e+01 8.296152757879811190e+01 8.152765766079549792e+01 8.008674065905624673e+01 7.864348150879587251e+01 7.720209118956657335e+01 7.576346125532191422e+01 7.432859334759125147e+01 7.289898613120556092e+01 7.147658123404927721e+01 7.006171054462191705e+01 6.865533767797403186e+01 6.725584742555466278e+01 6.586712025956465766e+01 6.448832015034629705e+01 6.311837711007522955e+01 6.176140271515642155e+01 6.041490452751165918e+01 5.908085980221508748e+01 5.775811214081605272e+01 5.644842702990500527e+01 5.515201857062017865e+01 5.386776082799477905e+01 5.259846774426129201e+01 5.134288428622075884e+01 5.010161915603455896e+01 4.887585228011512584e+01 4.766455368785060642e+01 4.646869638441394557e+01 4.528875929776492626e+01 4.412342433223018645e+01 4.296674195331067381e+01 4.182962639285137385e+01 4.071086139483578137e+01 3.962469264639947397e+01 3.854465736527392750e+01 3.748136309038917346e+01 3.643552919764130138e+01 3.540716179875163050e+01 3.439633322687141259e+01 3.340483322340931238e+01 3.243110916826498169e+01 3.147638247322641547e+01 3.054066026202186634e+01 2.962381979100321416e+01 2.872588872307160202e+01 2.784858629273245612e+01 2.699009140224039172e+01 2.615267042377212903e+01 2.533400229741750209e+01 2.453672086878516723e+01 2.376094013729246512e+01 2.300499304724315053e+01 2.227214760912202962e+01 2.156047081756267048e+01 2.087160983589464536e+01 2.020666107706266956e+01 1.956585173718114845e+01 1.894989595759000167e+01 1.836077629448901050e+01 1.779902728843686432e+01 1.726762602543413649e+01 1.676780617366286918e+01 1.630635643359658005e+01 1.587628484289212949e+01 1.549321007326640576e+01 1.515752074311910214e+01 1.487791696530258534e+01 1.466206545532945427e+01 1.452206696859078505e+01 1.447156320463417423e+01 1.452797163744382658e+01 1.471233527498020344e+01 1.504984466306185098e+01 1.556737023335355019e+01 1.629239440533827121e+01 1.724791319820602098e+01 1.844105864191871547e+01 1.985616320446764860e+01
3.974571218972586450e+01 4.103554775228202089e+01 4.233777739374420435e+01 4.365239660718460613e+01 4.497921407000742278e+01 4.631818300869152694e+01 4.766876397720130143e+01 4.902926574354946609e+01 5.040176987570237088e+01 5.178344179598359887e+01 5.317624431587633183e+01 5.457744208574307976e+01 5.598715846258583184e+01 5.740707114839403147e+01 5.883378741535552336e+01 6.026853019610901896e+01 6.171018880974325782e+01 6.315834076005970843e+01 6.461271283562825829e+01 6.607228053083220232e+01 6.753779415919746043e+01 6.900713493253323350e+01 7.048007300576811929e+01 7.195452066007189273e+01 7.343277828940063046e+01 7.491226105223370269e+01 7.639100279111411851e+01 7.786912868132600352e+01 7.934254187354490284e+01 8.081286382750664643e+01 8.227265198508868593e+01 8.371885065526224423e+01 8.514224821974407575e+01 8.653138140231031628e+01 8.785022927194508213e+01 8.902152332035861093e+01 1.000000000000000000e+02 1.000000000000000000e+02 1.000000000000000000e+02 1.000000000000000000e+02 1.000000000000000000e+02 8.895563145142601513e+01 8.778722089668427486e+01 8.647451889395146907e+01 8.509965362029490166e+01 8.369171245688215777e+01 8.226811726658051782e+01 8.083432090535129078e+01 7.939778046577859527e+01 7.795949035826409101e+01 7.652356016522168147e+01 7.509165301400490478e+01 7.366368812077712391e+01 7.224196368242564859e+01 7.082720146967274388e+01 6.941963422842749765e+01 6.802045215916079712e+01 6.662967594190773468e+01 6.525047594479279667e+01 6.388009400172267505e+01 6.251932032754756818e+01 6.117144964870458068e+01 5.983390982218009668e+01 5.850801158054701290e+01 5.719541580053056862e+01 5.589436634709712592e+01 5.460709239492209832e+01 5.333286789711964104e+01 5.207252636953515434e+01 5.082650963861736670e+01 4.959418675322269365e+01 4.837818113042420265e+01 4.717565666868909346e+01 4.598901336360496117e+01 4.481862932668830979e+01 4.366296291938503060e+01 4.252422207816345434e+01 4.138968297878110292e+01 4.028018133736123474e+01 3.918778681573748202e+01 3.813197959201168885e+01 3.707736397603505907e+01 3.604006369634264928e+01 3.502143259472959613e+01 3.402044893234552347e+01 3.303720957430547855e+01 3.207299918433592723e+01 3.112663975673186556e+01 3.020001162523753280e+01 2.929275554827584926e+01 2.840382943784137737e+01 2.753422257390850802e+01 2.668507557192308965e+01 2.585382083374193485e+01 2.504570005550393930e+01 2.425629815026313452e+01 2.348762460853133405e+01 2.274087042083845489e+01 2.201464550370210205e+01 2.131106881464054226e+01 2.062935800292221700e+01 1.997084597123397387e+01 1.933703509415662936e+01 1.872775402217862251e+01 1.814444134457147229e+01 1.758881366190831841e+01 1.706218874151195308e+01 1.656677343644149403e+01 1.611001088018984007e+01 1.568333403354333910e+01 1.530305175185570121e+01 1.496956179606451265e+01 1.468975359991478946e+01 1.447377142115064963e+01 1.433170656078439720e+01 1.427762239122530907e+01 1.432880461155797747e+01 1.450554767184303273e+01 1.483385940942618575e+01 1.534130950537520022e+01 1.605573807744679016e+01 1.700200078955948868e+01 1.819038083607934553e+01 1.960753506110944855e+01
4.071201572591947837e+01 4.200152896355653098e+01 4.330375826610283241e+01 4.461784632456400601e+01 4.594493696723041865e+01 4.728275480585810442e+01 4.863180531006518237e+01 4.999167322358933774e+01 5.136188915408001776e+01 5.274215748595181452e+01 5.413198807501109400e+01 5.553060161550682494e+01 5.693841308878734253e+01 5.835347021113253163e+01 5.977731127394763888e+01 6.120923986067954559e+01 6.264676922986958374e+01 6.409076473616416081e+01 6.554036952202750399e+01 6.699547736304953105e+01 6.845541528030781819e+01 6.991980188840034316e+01 7.138578046754065554e+01 7.285574728465246608e+01 7.432677846312503789e+01 7.579944192685762516e+01 7.727015475955748514e+01 7.873919811076417830e+01 8.020378755988298280e+01 8.166143159529546836e+01 8.310869199552212194e+01 8.453759118576702747e+01 8.593885946556595457e+01 8.728850888449238710e+01 8.853812747398906424e+01 8.952621077686038120e+01 1.000000000000000000e+02 1.000000000000000000e+02 1.000000000000000000e+02 1.000000000000000000e+02 8.941181963391535703e+01 8.839267261162883926e+01 8.713694865703527626e+01 8.579098662685673560e+01 8.440118842973899405e+01 8.298862843879606999e+01 8.156415087000803510e+01 8.013373824431242554e+01 7.869996669573137638e+01 7.726801841697583484e+01 7.583815122144204679e+01 7.441202707412601569e+01 7.299283304635027037e+01 7.157856329030887821e+01 7.017216405815138103e+01 6.877216360888320423e+01 6.738191057684481677e+01 6.600012857997359106e+01 6.462869770298810579e+01 6.326740447076814888e+01 6.191655446491432713e+01 6.057665850461380330e+01 5.924847912244226222e+01 5.793153289084764879e+01 5.662770435074615705e+01 5.533612290927867150e+01 5.405875480231725305e+01 5.279399233052172491e+01 5.154284406322678080e+01 5.030600302160169690e+01 4.908389609856567404e+01 4.787698634339312775e+01 4.668429782419751461e+01 4.550744548144199797e+01 4.434650246405384877e+01 4.320100956060026931e+01 4.207187744806684293e+01 4.095730634266471526e+01 3.984750339124375529e+01 3.876301908494305337e+01 3.770706627906451303e+01 3.667112910397057135e+01 3.564354172997197168e+01 3.463413597320066373e+01 3.364262319001048951e+01 3.266921371599740098e+01 3.171340216085391006e+01 3.077687075095096958e+01 2.985926113498184975e+01 2.895991502581976107e+01 2.807971997148932530e+01 2.721953910179060188e+01 2.637841511127969696e+01 2.555702762617339019e+01 2.475647220203282117e+01 2.397539529701537830e+01 2.321486889227787387e+01 2.247525131131047260e+01 2.175717849996267006e+01 2.106129411217992953e+01 2.038688170419251833e+01 1.973533409952430517e+01 1.910828642240329600e+01 1.850565634115530855e+01 1.792854473547782490e+01 1.737837070719741206e+01 1.685729043448117537e+01 1.636761541440752055e+01 1.591086054829098373e+01 1.549233874769047148e+01 1.511377693677438216e+01 1.478258190393176896e+01 1.450425638320554889e+01 1.428785155125727968e+01 1.414394226378849950e+01 1.408625508298162465e+01 1.413232362476272108e+01 1.430234011069673272e+01 1.462223831592049983e+01 1.511938640826048186e+01 1.582366460131718888e+01 1.675994465653676357e+01 1.794337477424691230e+01 1.936098033121170658e+01
4.169202124185463987e+01 4.298234481492566772e+01 4.428410963974048542e+01 4.559834268737091634e+01 4.692444879317177708e+01 4.826064027829620784e+01 4.960845890059625418e+01 5.096733225439232484e+01 5.233560908409074841e+01 5.371250722267447486e+01 5.509988788974386154e+01 5.649661946888227959e+01 5.790103903677452735e+01 5.931296050022159250e+01 6.073294766453260962e+01 6.216008447358002087e+01 6.359344615200163986e+01 6.503412267728330676e+01 6.647862416118871920e+01 6.792914806895187496e+01 6.938277042624785906e+01 7.083998733013629590e+01 7.230279550064307159e+01 7.376521449777955297e+01 7.522947737510912702e+01 7.669388564519775286e+01 7.815701647231456661e+01 7.961613204726783977e+01 8.107158579691619593e+01 8.251577172574636165e+01 8.394778719707709058e+01 8.535609681726944586e+01 8.672571176203925347e+01 8.802383164781768699e+01 8.916317470199926731e+01 1.000000000000000000e+02 1.000000000000000000e+02 1.000000000000000000e+02 1.000000000000000000e+02 1.000000000000000000e+02 8.893934371439775077e+01 8.776483457045718239e+01 8.645722508752513136e+01 8.508870772967424045e+01 8.368978049715644829e+01 8.227530753756099102e+01 8.085244879897817327e+01 7.942491612801021006e+01 7.799640322024161776e+01 7.656950084113374544e+01 7.514716509911397679e+01 7.372816626453702327e+01 7.231492978293931628e+01 7.090911263025319045e+01 6.951135330059830153e+01 6.812025900190919003e+01 6.673888093257774301e+01 6.536531556322266567e+01 6.400275388606834781e+01 6.264935900001322722e+01 6.130870699554544956e+01 5.997811338745947296e+01 5.865879318624912742e+01 5.735123798627953562e+01 5.605702282691458294e+01 5.477556859188857175e+01 5.350748883984493176e+01 5.225145334550853704e+01 5.101073961166137849e+01 4.978365694976344713e+01 4.857178162937496779e+01 4.737347245605549517e+01 4.619072682782526584e+01 4.502398952385811270e+01 4.387111563806779202e+01 4.273634803472840815e+01 4.161670031764429467e+01 4.051380707304390683e+01 3.941301588797207245e+01 3.833986562633203476e+01 3.728322696821177828e+01 3.626415341414960380e+01 3.524639561169357904e+01 3.424573707801107503e+01 3.326303380084356576e+01 3.229932201370341005e+01 3.135257426298369055e+01 3.042523384036277534e+01 2.951671854758108893e+01 2.862652342854564580e+01 2.775547726885814370e+01 2.690390550831510552e+01 2.607158537033026491e+01 2.525861147839788501e+01 2.446611627108328335e+01 2.369305533425317734e+01 2.294155383183348462e+01 2.220953549808918481e+01 2.149927498759855027e+01 2.081058551751170427e+01 2.014400801559829191e+01 1.950036201769530564e+01 1.887935628426240697e+01 1.828381289430589618e+01 1.771272864889213849e+01 1.716918577737364160e+01 1.665361288505959791e+01 1.616842173204554456e+01 1.571621784609281747e+01 1.530479564982764096e+01 1.492660194554657949e+01 1.459697584540414717e+01 1.432026761621278865e+01 1.410337304851841900e+01 1.395828297618081315e+01 1.389835155193840421e+01 1.393957421805412977e+01 1.410353656690247526e+01 1.441451757080373142e+01 1.490194420426134059e+01 1.559536436356170341e+01 1.652232013041813374e+01 1.769978091709568702e+01 1.911581204088644981e+01
4.268675555823600121e+01 4.397628246498452853e+01 4.527878554268135503e+01 4.659207405298128890e+01 4.791682585597983746e+01 4.925196190967115228e+01 5.059748333523376118e+01 5.195416843005627072e+01 5.331998138600081205e+01 5.469643918630091406e+01 5.608034284680637427e+01 5.747349837785358062e+01 5.887441837433961922e+01 6.028307087126594155e+01 6.169973709061180500e+01 6.312297078727498700e+01 6.455174857516551867e+01 6.598703404431572039e+01 6.742720215996135380e+01 6.887128458997844405e+01 7.031991489218651736e+01 7.177207534820708190e+01 7.322687502337782917e+01 7.468368675237117316e+01 7.614084615901168718e+01 7.759663955359796716e+01 7.905016115325854287e+01 8.050021223522743696e+01 8.194228464748496776e+01 8.337388677625891376e+01 8.478666828911100595e+01 8.616903708272542417e+01 8.749854273158757678e+01 8.872086649413417092e+01 8.964398086000748833e+01 1.000000000000000000e+02 1.000000000000000000e+02 1.000000000000000000e+02 1.000000000000000000e+02 8.939345965002493699e+01 8.834877569266839714e+01 8.709239168448644364e+01 8.575140199381860384e+01 8.437068186852518181e+01 8.296687438137111315e+01 8.155134359594923410e+01 8.013083510508161567e+01 7.870730457465364793e+01 7.728522873809291127e+01 7.586504047731335731e+01 7.445018311244284348e+01 7.303899908516332573e+01 7.163355775801647951e+01 7.023528823217020545e+01 6.884452555273907137e+01 6.746394460297328521e+01 6.608955658473432493e+01 6.472612173790173529e+01 6.337280930212052255e+01 6.202989606602849904e+01 6.069660582383538383e+01 5.937587312242621351e+01 5.806628258751895544e+01 5.676887911233480111e+01 5.548397222170748933e+01 5.421164587298681425e+01 5.295258397047943788e+01 5.170743151784063230e+01 5.047599535259690384e+01 4.925845862890776061e+01 4.805508099977967618e+01 4.686753872231612661e+01 4.569448449497625120e+01 4.453655362722010125e+01 4.339521096200466133e+01 4.226900706486478043e+01 4.115902800394921712e+01 4.006593706031878099e+01 3.899026556024048062e+01 3.791316770426006144e+01 3.686606988999510293e+01 3.584213300717296846e+01 3.484697195316117302e+01 3.385639462767464636e+01 3.288293083175095433e+01 3.192777585526776107e+01 3.099115702836630248e+01 3.007272741353533974e+01 2.917367054572374130e+01 2.829229171687002165e+01 2.742986664717316359e+01 2.658687100929484259e+01 2.576299057474724563e+01 2.495979318661227708e+01 2.417548848213792922e+01 2.341134134765147223e+01 2.266722446672791946e+01 2.194397413769831928e+01 2.124134783808349169e+01 2.056024516769303645e+01 1.990099753373155522e+01 1.926485585245588794e+01 1.865095411528212566e+01 1.806160663483968776e+01 1.749779749791457917e+01 1.695947833783214520e+01 1.644971085805867617e+01 1.597010330039320181e+01 1.552207810695872503e+01 1.511495525348530755e+01 1.474003411984368128e+01 1.441309498221592378e+01 1.413772148935862383e+01 1.392158882903115114e+01 1.377567610878224258e+01 1.371266878052740346e+01 1.374925747763017192e+01 1.390711812251334045e+01 1.421016047871959032e+01 1.468839465058444560e+01 1.537200472952924279e+01 1.628997646433666446e+01 1.746022410198012764e+01 1.887582096863757997e+01
4.369593281205869317e+01 4.498514934351809558e+01 4.628606360613363080e+01 4.759882727684626502e+01 4.892171823041417156e+01 5.025645679406023447e+01 5.160008918657847943e+01 5.295499913746017739e+01 5.431883192826978757e+01 5.569115441690675539e+01 5.707280088741715218e+01 5.846335147297552481e+01 5.986033476461397385e+01 6.126515674211386653e+01 6.267766925115048338e+01 6.409590097680798237e+01 6.552086533158711745e+01 6.695031787453176264e+01 6.838579513329159454e+01 6.982355295620185132e+01 7.126790935958212003e+01 7.271335869822462428e+01 7.416124821383489518e+01 7.560984156273691781e+01 7.705927098080753979e+01 7.850672608693099619e+01 7.995035209958697919e+01 8.138886232566574108e+01 8.281784488546882983e+01 8.423323026976805750e+01 8.562314405529511419e+01 8.697316620402385468e+01 8.824622984149080196e+01 8.933941177399260880e+01 1.000000000000000000e+02 1.000000000000000000e+02 1.000000000000000000e+02 1.000000000000000000e+02 1.000000000000000000e+02 8.887976005487190889e+01 8.769523081649973051e+01 8.638871198527573370e+01 8.502891793748183602e+01 8.363779431370257100e+01 8.223265246956744079e+01 8.081859804411610071e+01 7.940238599631314287e+01 7.798337320024538144e+01 7.656781736086432488e+01 7.515431407146220977e+01 7.374544019838629083e+01 7.234197557839318904e+01 7.094618504216761323e+01 6.955632682906994546e+01 6.817553369441601774e+01 6.680240461409032093e+01 6.543630316827342597e+01 6.408330245397624481e+01 6.273865588942302196e+01 6.140438824652575533e+01 6.008139868257783434e+01 5.876902182411060949e+01 5.746926365649805746e+01 5.618174835508617804e+01 5.490598001277644613e+01 5.364406405099695263e+01 5.239495290200356692e+01 5.115965019781466339e+01 4.993783244794095566e+01 4.873051012495924539e+01 4.753686050589912782e+01 4.635897622844471755e+01 4.519646377424864170e+01 4.404841762244480208e+01 4.291653413978849585e+01 4.179965980810197124e+01 4.069951123798758630e+01 3.961644485499843427e+01 3.854949048543373635e+01 3.748560522082748747e+01 3.644759023071374315e+01 3.542735160763385238e+01 3.444572925847947431e+01 3.346492527143271900e+01 3.250096230215299897e+01 3.155577718490647499e+01 3.062845983300906028e+01 2.971906391261497404e+01 2.882892522858230322e+01 2.795625291049922367e+01 2.710394129767837867e+01 2.627016386785125945e+01 2.545574806825698744e+01 2.466023064808826604e+01 2.388410014163932971e+01 2.312862626961478441e+01 2.239292400658334969e+01 2.167743987970169783e+01 2.098361867878981712e+01 2.030973743600874570e+01 1.965837472527165630e+01 1.902899151803250177e+01 1.842290586901467009e+01 1.784031477660619203e+01 1.728243493630752425e+01 1.675031630603898236e+01 1.624686311158901475e+01 1.577172445708860948e+01 1.532953962323258068e+01 1.492584102871107277e+01 1.455517489582069857e+01 1.423052795980876972e+01 1.395701741972441567e+01 1.374153164792092419e+01 1.359450048217279949e+01 1.352926283465056834e+01 1.356271648283719955e+01 1.371423153632667180e+01 1.401032682233538296e+01 1.447906758943080519e+01 1.515229426433153392e+01 1.606312577160918664e+01 1.722403071580110989e+01 1.863921265365543434e+01
4.471781342758925604e+01 4.600691036727220506e+01 4.730735300353890693e+01 4.861910988149826807e+01 4.994114122772609221e+01 5.127326057452974339e+01 5.261570480206238898e+01 5.396705342337930489e+01 5.532811609971063405e+01 5.669848993417918592e+01 5.807677339660209981e+01 5.946325779802297262e+01 6.085718799071382534e+01 6.225858855189849805e+01 6.366502405609606541e+01 6.507958672234570940e+01 6.649900599201443185e+01 6.792433696706385149e+01 6.935424440694821158e+01 7.078711239406163713e+01 7.222428320007176694e+01 7.366342374774833957e+01 7.510289388188820681e+01 7.654396763721371144e+01 7.798480023438088438e+01 7.942347646155930363e+01 8.085713495310488952e+01 8.228345212937155395e+01 8.369723838469292332e+01 8.509194722088180640e+01 8.645458430566944230e+01 8.775947688949268866e+01 8.894437871562450937e+01 8.975774441369549095e+01 1.000000000000000000e+02 1.000000000000000000e+02 1.000000000000000000e+02 1.000000000000000000e+02 8.933727839741433741e+01 8.825935313732010457e+01 8.699846561136288869e+01 8.566239844426478101e+01 8.428880434640197450e+01 8.289422353418768807e+01 8.148837629632433277e+01 8.007696472079942396e+01 7.866555566776736441e+01 7.725309946662174809e+01 7.584319412195080190e+01 7.443732138959731515e+01 7.303699714464625004e+01 7.164161389986280426e+01 7.025251420964002591e+01 6.887266016540503699e+01 6.749980819166590607e+01 6.613570857604106834e+01 6.478016383076874263e+01 6.343458273847177509e+01 6.210004671862250092e+01 6.077569623036151825e+01 5.946254734633795636e+01 5.815967540954909509e+01 5.686951003562832341e+01 5.559157551485635906e+01 5.432650012804861461e+01 5.307422510343157285e+01 5.183412653221994049e+01 5.060901034177160085e+01 4.939692202075593741e+01 4.819998605319752016e+01 4.701654768246316962e+01 4.584778453824364419e+01 4.469503306456612535e+01 4.355711245801857956e+01 4.243533033801595167e+01 4.132888797899164501e+01 4.023863346211194880e+01 3.916547221249751232e+01 3.810819300815920485e+01 3.706880120635680242e+01 3.602722210161357452e+01 3.501661054940758078e+01 3.403020169410790885e+01 3.307241570456338309e+01 3.211847703943131194e+01 3.118186511948609763e+01 3.026451983440292537e+01 2.936542375845457897e+01 2.848390458390709412e+01 2.762162396639800122e+01 2.677749411406409408e+01 2.595230764556806236e+01 2.514570020298994990e+01 2.435971712448059634e+01 2.359272985740041761e+01 2.284542992008075046e+01 2.211803620571959428e+01 2.141130424776378405e+01 2.072491947826324932e+01 2.005897760566896082e+01 1.941525293494069615e+01 1.879316668101614951e+01 1.819435797837688540e+01 1.761882308771326322e+01 1.706804032711592001e+01 1.654260929257871382e+01 1.604395861768016474e+01 1.557501490381172360e+01 1.513740552288358465e+01 1.473772411483220779e+01 1.437034856630645763e+01 1.404949956131154032e+01 1.377721413695897112e+01 1.356284779782845895e+01 1.341550271861494714e+01 1.334809266205808598e+01 1.337839623895973418e+01 1.352422757610865034e+01 1.381317646811697131e+01 1.427333694810326570e+01 1.493691518453064049e+01 1.583542412639928898e+01 1.699311697894527740e+01 1.840580029424222630e+01
4.575433034039257052e+01 4.704306210217416861e+01 4.834238660571720203e+01 4.965251605530517054e+01 5.097254972408100571e+01 5.230241299153608736e+01 5.364276460815491276e+01 5.499235746415387638e+01 5.635037520637380482e+01 5.771742379840982551e+01 5.909244144049242919e+01 6.047522755483403500e+01 6.186519486033914461e+01 6.326139070410368959e+01 6.466456422918430746e+01 6.607462430948788779e+01 6.748894894566490166e+01 6.890783870333385153e+01 7.033047062053194054e+01 7.175814686863137126e+01 7.318740429757593802e+01 7.462083299435387573e+01 7.605382236199011459e+01 7.748661340858052426e+01 7.891885434049102344e+01 8.034616493276470806e+01 8.176867246369718600e+01 8.318039365548028741e+01 8.457699663206969376e+01 8.594729183533038963e+01 8.727429263146294147e+01 8.851324477478358688e+01 8.954026991447261707e+01 1.000000000000000000e+02 1.000000000000000000e+02 1.000000000000000000e+02 1.000000000000000000e+02 8.967005494644678265e+01 8.877625274103634467e+01 8.757624836744926711e+01 8.627091183039911471e+01 8.491632024684081159e+01 8.353380477193456954e+01 8.213814764763318976e+01 8.073555050629667562e+01 7.932858519845265732e+01 7.792137419718957858e+01 7.651529129996987422e+01 7.511331916313467616e+01 7.371454024050768794e+01 7.232183581389477922e+01 7.093519842552812804e+01 6.955551602835666358e+01 6.818331494538290372e+01 6.681935226412609552e+01 6.546461480952849854e+01 6.411907015965891787e+01 6.278362422113987407e+01 6.145813344694304448e+01 6.014311402883528501e+01 5.883904005362121836e+01 5.754610058057242128e+01 5.626645480002816413e+01 5.499835033652844629e+01 5.374330282783687096e+01 5.249919056696987951e+01 5.127141220183841597e+01 5.005543784560535414e+01 4.885332049982100955e+01 4.766588592844993855e+01 4.649356277538296922e+01 4.533541416528674972e+01 4.419230716791655311e+01 4.306471523340103147e+01 4.195248183848202217e+01 4.085641996251913355e+01 3.977655829302901935e+01 3.871146063023645922e+01 3.766548206742228189e+01 3.663552751094049142e+01 3.560923425904677231e+01 3.460566248505221409e+01 3.362171987540514095e+01 3.267908228903633017e+01 3.173442869744899042e+01 3.080849110726645534e+01 2.989993609772836436e+01 2.900971669215211080e+01 2.813749206180773399e+01 2.728417740618961318e+01 2.644949275837144143e+01 2.563349308334417032e+01 2.483696362405841640e+01 2.405936377206616683e+01 2.330095120830900512e+01 2.256209131241465471e+01 2.184328600947723587e+01 2.114448465837399738e+01 2.046648459326784320e+01 1.980887565191893174e+01 1.917266770032345491e+01 1.855841608142754140e+01 1.796645338354830912e+01 1.739766223948313595e+01 1.685353136147794828e+01 1.633396433739434528e+01 1.584179287730199626e+01 1.537870166633474867e+01 1.494541471948675948e+01 1.454761894447319470e+01 1.418796556884085547e+01 1.386926195014190810e+01 1.359954929109662380e+01 1.338605353230637363e+01 1.323878334956631875e+01 1.317010774815938845e+01 1.319649728411300771e+01 1.333815469790282648e+01 1.361992335863012649e+01 1.407117413347895862e+01 1.472535914456785022e+01 1.561437197886670347e+01 1.676351922542138695e+01 1.817518893040026740e+01
4.680479881221940275e+01 4.809189152236326947e+01 4.939027851594711649e+01 5.069856616094106982e+01 5.201698296440926583e+01 5.334502406260519791e+01 5.468258368135418834e+01 5.602912527364188122e+01 5.738411838695742517e+01 5.874800866722138437e+01 6.011977108076238352e+01 6.149814355443030678e+01 6.288394046690724082e+01 6.427653637236161899e+01 6.567408813306387572e+01 6.707906444309685412e+01 6.848753729686771408e+01 6.990101867593634211e+01 7.131885544044548908e+01 7.273961110422627030e+01 7.416267783800319080e+01 7.558728538486676030e+01 7.701209482384051341e+01 7.843627341742023873e+01 7.985803535869526115e+01 8.127489531458704164e+01 8.268377843985321363e+01 8.407971715039130345e+01 8.545430101740440421e+01 8.679369996447449864e+01 8.807000150898612389e+01 8.920216792914436610e+01 1.000000000000000000e+02 1.000000000000000000e+02 1.000000000000000000e+02 1.000000000000000000e+02 1.000000000000000000e+02 8.923278011411213129e+01 8.811931598940674348e+01 8.685350188681768202e+01 8.552124451222799451e+01 8.415357756005271028e+01 8.276935772847693329e+01 8.137369527543589243e+01 7.997367034318114065e+01 7.857230651797803489e+01 7.716980231511440991e+01 7.577099632778063665e+01 7.437578815836363333e+01 7.298609805499371816e+01 7.160135228444460154e+01 7.022348662735427638e+01 6.885248016303367535e+01 6.749023025643485596e+01 6.613515427860886575e+01 6.478919843029909487e+01 6.345402383562519333e+01 6.212654171773183975e+01 6.081082063712113239e+01 5.950571658486190074e+01 5.821272960107737049e+01 5.692992456050344430e+01 5.565978450362425178e+01 5.440133739876429075e+01 5.315548545893775412e+01 5.192386879465193772e+01 5.070379425411773155e+01 4.949940392835669911e+01 4.830791097614848439e+01 4.713010940402202209e+01 4.596755941120680689e+01 4.482000983950543826e+01 4.368706831735641316e+01 4.256949623012958028e+01 4.146768652576244563e+01 4.038166928091001751e+01 3.931213421762498683e+01 3.825803802650390395e+01 3.722093428586513397e+01 3.620083856497168284e+01 3.519754187036154747e+01 3.419339263751957247e+01 3.321883355360486689e+01 3.227149554300348200e+01 3.134919532459704428e+01 3.043287186546017509e+01 2.953408534666571583e+01 2.865295197247569448e+01 2.779083198952427836e+01 2.694695559171679378e+01 2.612172639440292343e+01 2.531465397723300370e+01 2.452687566508369343e+01 2.375833250641541383e+01 2.300819038948205275e+01 2.227831409167114884e+01 2.156804746955530661e+01 2.087792224929635410e+01 2.020780716027035240e+01 1.955793082081477152e+01 1.892936683037866885e+01 1.832300469066176873e+01 1.773834248076753184e+01 1.717655802734343595e+01 1.663914169693742195e+01 1.612656716463119011e+01 1.564002471163261632e+01 1.518282799873950140e+01 1.475529584512659298e+01 1.436154008597581111e+01 1.400855101482843068e+01 1.369047339426686705e+01 1.342309633447724693e+01 1.321088234695577768e+01 1.306368289587831555e+01 1.299424332508843882e+01 1.301734440395498993e+01 1.315456204568030785e+01 1.342954950825142646e+01 1.387272511116638363e+01 1.451748562336329051e+01 1.539694055984525178e+01 1.653851633608345395e+01 1.794781365386646144e+01
4.786809449441271624e+01 4.915470842231123072e+01 5.045115033685519990e+01 5.175745138075073726e+01 5.307400163571190888e+01 5.439951523673521905e+01 5.573485831345526265e+01 5.707768160124437884e+01 5.843010346118590803e+01 5.979012181107712109e+01 6.115767669293055064e+01 6.253230870456254564e+01 6.391400075280530757e+01 6.530132773693695469e+01 6.669458641790018305e+01 6.809185779139049544e+01 6.949695426458195868e+01 7.090474633404448923e+01 7.231525761772880401e+01 7.372886703916641693e+01 7.514500299553174045e+01 7.656152348767068361e+01 7.797851891592462437e+01 7.939274125109292868e+01 8.080385634359376468e+01 8.220801397830589963e+01 8.360252314999195278e+01 8.497804128845145044e+01 8.632632676223705914e+01 8.762428297456639825e+01 8.882130303744905575e+01 8.974657219026683208e+01 1.000000000000000000e+02 1.000000000000000000e+02 1.000000000000000000e+02 1.000000000000000000e+02 8.960332114741026999e+01 8.862293958354948131e+01 8.740681422547540080e+01 8.610079039804227818e+01 8.475110894729186839e+01 8.337953329836643945e+01 8.199223049970665045e+01 8.060019723795237212e+01 7.920362733418014045e+01 7.780718293833855626e+01 7.641290234927483027e+01 7.502067199452343971e+01 7.363336545438062331e+01 7.225070117540477099e+01 7.087606483108275768e+01 6.950693286859879549e+01 6.814502893929157779e+01 6.679106111762116882e+01 6.544612946978240586e+01 6.411023463186283777e+01 6.278372220578156515e+01 6.146776968345162118e+01 6.016155422424805010e+01 5.886549779728955656e+01 5.758223405944657003e+01 5.631034309997726695e+01 5.504921973666348123e+01 5.380219442431950228e+01 5.256670790717572572e+01 5.134417524864078786e+01 5.013553431226710444e+01 4.894052232387217316e+01 4.775962267991996413e+01 4.659202883020544306e+01 4.543993777241552579e+01 4.430214146610184400e+01 4.317963766366327150e+01 4.207258892764073011e+01 4.098154099286087870e+01 3.990528049495078733e+01 3.884565742605635563e+01 3.780240306267551631e+01 3.677546667409823300e+01 3.576501857696467823e+01 3.477202340862866237e+01 3.378026835234433634e+01 3.281518653219409742e+01 3.186791751264210859e+01 3.096374949333639037e+01 3.005665911845519744e+01 2.916783138342080406e+01 2.829703644950605224e+01 2.744347489737444334e+01 2.660898918929530765e+01 2.579261346594719129e+01 2.499489852474215823e+01 2.421614894219971248e+01 2.345703429060025513e+01 2.271601357425265633e+01 2.199480302979049995e+01 2.129285471541977159e+01 2.061078997837585547e+01 1.994906096290753794e+01 1.930731771641377392e+01 1.868724493905925499e+01 1.808801763966341269e+01 1.751036039446067605e+01 1.695600186953766197e+01 1.642544216067476270e+01 1.591924710296797052e+01 1.543941445134599988e+01 1.498737653028500105e+01 1.456534469518972941e+01 1.417627099370109001e+01 1.382721894001833718e+01 1.351277358098792547e+01 1.324783798711528604e+01 1.303723876647364577e+01 1.289079562233829179e+01 1.281975491884644924e+01 1.284116862962788552e+01 1.297323800490263146e+01 1.324260975321707079e+01 1.367828409374858367e+01 1.431340221719159445e+01 1.518391587851466440e+01 1.631804323928302125e+01 1.772404922379012859e+01
4.894488963186158514e+01 5.023002954474484483e+01 5.152537248953578342e+01 5.282956480387215237e+01 5.414331823551567879e+01 5.546683085563546456e+01 5.679853714272753251e+01 5.813939268216692113e+01 5.948688880711754479e+01 6.084365556908092287e+01 6.220708855031430318e+01 6.357715263685022222e+01 6.495421134733958013e+01 6.633601382669279189e+01 6.772388917144441223e+01 6.911724997031544149e+01 7.051561679891436540e+01 7.191644091613480327e+01 7.332078359182219174e+01 7.472760645800200052e+01 7.613519652047462216e+01 7.754397504686795628e+01 7.895114522630800025e+01 8.035544300790087391e+01 8.175401963045483456e+01 8.314441944724282507e+01 8.452062018559233536e+01 8.587395483947538821e+01 8.718680905040197615e+01 8.842374707576405513e+01 8.948575498454295030e+01 1.000000000000000000e+02 1.000000000000000000e+02 1.000000000000000000e+02 1.000000000000000000e+02 1.000000000000000000e+02 8.907625370616082705e+01 8.792807333415059645e+01 8.665537003963308393e+01 8.532582506668371991e+01 8.396599053091506448e+01 8.259096452741732719e+01 8.120626972320835080e+01 7.981692832217727585e+01 7.842651412730396032e+01 7.703615148774719046e+01 7.564927044572264947e+01 7.426542151702794570e+01 7.288498076623287147e+01 7.151242288953440607e+01 7.014513647311069633e+01 6.878530830174250355e+01 6.743318839128504294e+01 6.608793649308204010e+01 6.475296767323153801e+01 6.342664111717233055e+01 6.211044092804935701e+01 6.080362808305667954e+01 5.950772264891536167e+01 5.822252608380404837e+01 5.694904537529925648e+01 5.568640479794819953e+01 5.443675808093979640e+01 5.319922644322401339e+01 5.197429953249103107e+01 5.076178807726017084e+01 4.956434111001668441e+01 4.837944115036301440e+01 4.720847123310271343e+01 4.605217974377924151e+01 4.490978756068807343e+01 4.378244681378081538e+01 4.267075068673834437e+01 4.157423792887032477e+01 4.049319514145424392e+01 3.942752340384243581e+01 3.837690533055540243e+01 3.734502160520221281e+01 3.632832720797731696e+01 3.532751350576718607e+01 3.434485561334258108e+01 3.337893800550436652e+01 3.240990138209274107e+01 3.147336401792563265e+01 3.057005719607810335e+01 2.967982447462518181e+01 2.880064070409056143e+01 2.793918109424493679e+01 2.709570078505153390e+01 2.627058796383720107e+01 2.546384343279795104e+01 2.467539359689703105e+01 2.390588679737555111e+01 2.315526367618769754e+01 2.242371810201865401e+01 2.171038077221016849e+01 2.101726283174508580e+01 2.034410383509873554e+01 1.968910951970236312e+01 1.905681873288371975e+01 1.844418977378455793e+01 1.785278236119297546e+01 1.728268379776759645e+01 1.673597269379638419e+01 1.621204694305814442e+01 1.571227813268709639e+01 1.523867758937583794e+01 1.479241255082073181e+01 1.437630908952670694e+01 1.399177807696657716e+01 1.364700750373008020e+01 1.333573366789146952e+01 1.307427803010613410e+01 1.286545930154760953e+01 1.271917604626401399e+01 1.264785139279828208e+01 1.266650995089469944e+01 1.279526241679573850e+01 1.305903241781703983e+01 1.348680655433159892e+01 1.411327435482866477e+01 1.497438302097591212e+01 1.610082468152699420e+01 1.750326103687026702e+01
5.003540051468831251e+01 5.131825191397916086e+01 5.261142941512564164e+01 5.391388478691261099e+01 5.522565854252802353e+01 5.654524329086504508e+01 5.787414524312863762e+01 5.921099497194875028e+01 6.055580014695818392e+01 6.190803881192739055e+01 6.326786782187410552e+01 6.463257892030145513e+01 6.600451774344229250e+01 6.738217384130751952e+01 6.876452000115509122e+01 7.015185936324702709e+01 7.154323210669979005e+01 7.293725178572989876e+01 7.433393047839045664e+01 7.573438832343485672e+01 7.713323084846246047e+01 7.853264539318512050e+01 7.993009116892032750e+01 8.132338259408740555e+01 8.270836837890627180e+01 8.408274804592457485e+01 8.543696918773522953e+01 8.675942853068883664e+01 8.802262750481594367e+01 8.916264655787394133e+01 1.000000000000000000e+02 1.000000000000000000e+02 1.000000000000000000e+02 1.000000000000000000e+02 1.000000000000000000e+02 8.946818563485938114e+01 8.841508276088690366e+01 8.718312019915495625e+01 8.587746071385680580e+01 8.453392765199964742e+01 8.316862027342345698e+01 8.179331498535941591e+01 8.041068858261243690e+01 7.902630282877454704e+01 7.764142992626274520e+01 7.625809589992135784e+01 7.487850553521488450e+01 7.350265830906958797e+01 7.213215472677094908e+01 7.076821933567704548e+01 6.940970153337151771e+01 6.805937769547283267e+01 6.671626502998026353e+01 6.538125983954901699e+01 6.405581966328426802e+01 6.274001510617968336e+01 6.143256921227979461e+01 6.013606247410670136e+01 5.885054046445367959e+01 5.757561596372489987e+01 5.631241402104691929e+01 5.506065474649241054e+01 5.382078569902778753e+01 5.259349827615081097e+01 5.137885554232403962e+01 5.017766577027200725e+01 4.899010795896545289e+01 4.781538895293587643e+01 4.665512142975758536e+01 4.550928588032794408e+01 4.437809602675736187e+01 4.326123639396908516e+01 4.215967920233896393e+01 4.107377778514592848e+01 4.000256350236141145e+01 3.894794519885690676e+01 3.790885242308598890e+01 3.688603431556956025e+01 3.587967213850213000e+01 3.488991034576807948e+01 3.391715401588785994e+01 3.296092499209989057e+01 3.200416797994745366e+01 3.107680167016950890e+01 3.016678743914521377e+01 2.930182877329067281e+01 2.843258135323857161e+01 2.758092322377907379e+01 2.674744904620258623e+01 2.593148220818640581e+01 2.513436686121068675e+01 2.435519971218169744e+01 2.359491266875233251e+01 2.285256995329539720e+01 2.213020236621478887e+01 2.142611720822534949e+01 2.074150267604138875e+01 2.007668387676763189e+01 1.943159166226747914e+01 1.880629359975597481e+01 1.820171865095330332e+01 1.761798012867880203e+01 1.705544646672594311e+01 1.651516550824404561e+01 1.599819491249323633e+01 1.550611296040930220e+01 1.503858694576612010e+01 1.459793121100689817e+01 1.418728589356377157e+01 1.380770638870627565e+01 1.346756739735743835e+01 1.316085133653771599e+01 1.290166650324399100e+01 1.269490788126604919e+01 1.254978996860552876e+01 1.247784268985691014e+01 1.249459554136651462e+01 1.261915351352532788e+01 1.287781894489452483e+01 1.329850964424846893e+01 1.391655728139511439e+01 1.476889397663572190e+01 1.588717815038924641e+01 1.728603355490833238e+01
5.113802704881879890e+01 5.241966622795839470e+01 5.370999726100307470e+01 5.501029822135168246e+01 5.631917798951035081e+01 5.763558726920614816e+01 5.896176208665713148e+01 6.029544194979195026e+01 6.163518821991610253e+01 6.298402892331027658e+01 6.433788691735875886e+01 6.569943280382737782e+01 6.706536034411408309e+01 6.843723853671930613e+01 6.981380744727289311e+01 7.119560686910504899e+01 7.257961225365738755e+01 7.396709186469287545e+01 7.535723763972009692e+01 7.674873885154893571e+01 7.813867936804474823e+01 7.952818644787831204e+01 8.091414798204615977e+01 8.229538811316785996e+01 8.366505326045398760e+01 8.501957026443265875e+01 8.634784386411155310e+01 8.762810523949185892e+01 8.881760346170041487e+01 8.976833322053433051e+01 1.000000000000000000e+02 1.000000000000000000e+02 1.000000000000000000e+02 1.000000000000000000e+02 8.976773093279976479e+01 8.886155723920835214e+01 8.768116613390847647e+01 8.640334220480205829e+01 8.507743581676885469e+01 8.372549837792540472e+01 8.235990360507021535e+01 8.098577999831020691e+01 7.960776078464959937e+01 7.822880228947042269e+01 7.685072340336400032e+01 7.547554979882274040e+01 7.410310576638119073e+01 7.273493178609231791e+01 7.137397558034969336e+01 7.001800376981712759e+01 6.866977671104608305e+01 6.732813253563796252e+01 6.599503672607283988e+01 6.467094115117258468e+01 6.335379922680773035e+01 6.204843777524358472e+01 6.075102602669315388e+01 5.946582110464255777e+01 5.819017531509725671e+01 5.692581058177460562e+01 5.567211140613278531e+01 5.443097338471509516e+01 5.320239649427177397e+01 5.198556743183219453e+01 5.078165302062511444e+01 4.959036670786402823e+01 4.841313893637827448e+01 4.724995588661935386e+01 4.610070845180725030e+01 4.496488305063832769e+01 4.384334849178173243e+01 4.273823588153729958e+01 4.164698072932209527e+01 4.057093321680834919e+01 3.951106917257728668e+01 3.846647040350757862e+01 3.743836905059426812e+01 3.642607037607301379e+01 3.542967686875005029e+01 3.445030453470520371e+01 3.348783693422263497e+01 3.254177354852492243e+01 3.161099526281343586e+01 3.067987112542462924e+01 2.978025225720540803e+01 2.892367917803973043e+01 2.806354834412856292e+01 2.722174611685790424e+01 2.639768209893871287e+01 2.559173659798224065e+01 2.480346001905275699e+01 2.403403667231473051e+01 2.328364533147161453e+01 2.255028415271178588e+01 2.183728450801344323e+01 2.114184054392664791e+01 2.046648242344535262e+01 1.980966365718390776e+01 1.917232351635613696e+01 1.855544122030597975e+01 1.795910689099844504e+01 1.738297594497333165e+01 1.682860095229259301e+01 1.629569715826295706e+01 1.578539245929994017e+01 1.529953354553659217e+01 1.483891564536714469e+01 1.440433352736221195e+01 1.399953861469618310e+01 1.362538389529592919e+01 1.328619063594698169e+01 1.298620542813061540e+01 1.273067141123486223e+01 1.252589410707215478e+01 1.238194921934769965e+01 1.230895041437655202e+01 1.232495659736877514e+01 1.244690975483493389e+01 1.269983501273863524e+01 1.311400949997492127e+01 1.372360563311997339e+01 1.456706589283989217e+01 1.567735970819354918e+01 1.707225539303162165e+01
5.225439237199069709e+01 5.353338941328543399e+01 5.482138747052233185e+01 5.611843868124917378e+01 5.742408844066240192e+01 5.873875005633912849e+01 6.005960218825286745e+01 6.139014696106457336e+01 6.272567913223630143e+01 6.406983394200021564e+01 6.541996607958576249e+01 6.677521578276267178e+01 6.813636922458520928e+01 6.950289621399787166e+01 7.087308248918759546e+01 7.224753275138566266e+01 7.362510693817746699e+01 7.500534343197004716e+01 7.638695424632255992e+01 7.776889712657751375e+01 7.915122970103981004e+01 8.052982374467414672e+01 8.190312231042776148e+01 8.326968418836729313e+01 8.462147817876386569e+01 8.595097402967947176e+01 8.724443113091764701e+01 8.846473670282074409e+01 8.952121885629173903e+01 1.000000000000000000e+02 1.000000000000000000e+02 1.000000000000000000e+02 1.000000000000000000e+02 1.000000000000000000e+02 8.926174669039387766e+01 8.815045425600678186e+01 8.690513327236359942e+01 8.559868280042040567e+01 8.426132965281635734e+01 8.290430877069196924e+01 8.154011594716395450e+01 8.016943611728450492e+01 7.879626397811162519e+01 7.742365633195950636e+01 7.605289751701907619e+01 7.468500705994168243e+01 7.332086967907736152e+01 7.196267361488426673e+01 7.061069958107462696e+01 6.926344744801467357e+01 6.792437147808672648e+01 6.659293533225202566e+01 6.527012360935829349e+01 6.395497277223778099e+01 6.264896056122539392e+01 6.135229250237477316e+01 6.006711115176241833e+01 5.879122359990627444e+01 5.752581547907871595e+01 5.627201106791653729e+01 5.502908566328632389e+01 5.379890516408376300e+01 5.258095772841701887e+01 5.137438724553342695e+01 5.018209918682795490e+01 4.900110497728093151e+01 4.783486296827506123e+01 4.668190688064733962e+01 4.554322048823294011e+01 4.441845241410719325e+01 4.330822632072405298e+01 4.221280611424074181e+01 4.113303581994919256e+01 4.006761433148218288e+01 3.901719789514888248e+01 3.798391131381780639e+01 3.696633921548038160e+01 3.596445448268983114e+01 3.497873913898960296e+01 3.400991383168737769e+01 3.305804176114835968e+01 3.212205148315134551e+01 3.120292480932375057e+01 3.028239292420841267e+01 2.939321922626476535e+01 2.852512685031252104e+01 2.769363336828418909e+01 2.686257776186837987e+01 2.604811777756302860e+01 2.525206082776225713e+01 2.447413156794662115e+01 2.371365025128413606e+01 2.297148807491146272e+01 2.224833634678323691e+01 2.154350507287595562e+01 2.085724986676620318e+01 2.019046466510165772e+01 1.954246424571206475e+01 1.891390000080437517e+01 1.830549670509828886e+01 1.771662376186326071e+01 1.714846025939074181e+01 1.660134633591506770e+01 1.607623713267586396e+01 1.557341916802685944e+01 1.509419776749668607e+01 1.463990411054527740e+01 1.421164233155132095e+01 1.381199762528139097e+01 1.344362444116319288e+01 1.310866224007043357e+01 1.281642453359348366e+01 1.256054594092503862e+01 1.235817144311074323e+01 1.221529382535770836e+01 1.214349930700363522e+01 1.215768395941153557e+01 1.227656794295627307e+01 1.252459899128816012e+01 1.293188507068722082e+01 1.353408622308823794e+01 1.436865717861842739e+01 1.547115005479247074e+01 1.686136093833445670e+01
5.338226378900812108e+01 5.465900301181774523e+01 5.594494538890376845e+01 5.723918695555406799e+01 5.854198362423586133e+01 5.985249001075507636e+01 6.116932081535853172e+01 6.249548831090400114e+01 6.382782105886954582e+01 6.516693183554363600e+01 6.651121833320222265e+01 6.786175080151640771e+01 6.921692481596791424e+01 7.057720362478126219e+01 7.194149065732354131e+01 7.330933791506608088e+01 7.467907452466462814e+01 7.605179186336221164e+01 7.742498098039696686e+01 7.879748611566976990e+01 8.016886474295974097e+01 8.153583093589480768e+01 8.289618936003097360e+01 8.424427886289922185e+01 8.557509959146598533e+01 8.687423112023515159e+01 8.811561983844154611e+01 8.923725330242042730e+01 1.000000000000000000e+02 1.000000000000000000e+02 1.000000000000000000e+02 1.000000000000000000e+02 1.000000000000000000e+02 8.960274057792150870e+01 8.858505887638193599e+01 8.737839982225310109e+01 8.609554147137107805e+01 8.477388187367313321e+01 8.342943806880072088e+01 8.207261476846736059e+01 8.071076055882116407e+01 7.934444591062894858e+01 7.797796945745577091e+01 7.661159081854965791e+01 7.524787169588969959e+01 7.388988034533431914e+01 7.253474956593743173e+01 7.118470309841858068e+01 6.984181345521749051e+01 6.850446206442921948e+01 6.717495889339535609e+01 6.585367138087256933e+01 6.454006860818493863e+01 6.323502321115886105e+01 6.194070412074411536e+01 6.065482331500334823e+01 5.937943065295738876e+01 5.811296750288048685e+01 5.685898757874767995e+01 5.561562815988796160e+01 5.438418545691523320e+01 5.316375734515928997e+01 5.195616728909886461e+01 5.076140823679390479e+01 4.957933885329837409e+01 4.840964258074721727e+01 4.725369249530418614e+01 4.611111994557829519e+01 4.498400397397161754e+01 4.387036466908796939e+01 4.277044089719221631e+01 4.168602717434304594e+01 4.061728756126385065e+01 3.956234024241433644e+01 3.852372807795099163e+01 3.750069857737661039e+01 3.649354675246144808e+01 3.550182154569836257e+01 3.452695957088536005e+01 3.356918175693432005e+01 3.262664718891119264e+01 3.170140738482357534e+01 3.079354029127333447e+01 2.989330208243720222e+01 2.900527812851499831e+01 2.814214428149564995e+01 2.732542809844589016e+01 2.650293125391310767e+01 2.569823054381316041e+01 2.491117360273086234e+01 2.414251324131467769e+01 2.339229756691957363e+01 2.265971404068032413e+01 2.194590735698848150e+01 2.125015871129935974e+01 2.057269782366268984e+01 1.991482752959682401e+01 1.927513491010016722e+01 1.865509782326694221e+01 1.805463631670213331e+01 1.747418486441407737e+01 1.691412396806087770e+01 1.637459858446774774e+01 1.585701613223989881e+01 1.536136859196028936e+01 1.488925178111926151e+01 1.444091537234689682e+01 1.401966689421578849e+01 1.362528251598174123e+01 1.326207422314410422e+01 1.293233269986281364e+01 1.264368335211415406e+01 1.239158764025740567e+01 1.219194911887986343e+01 1.205069430424229360e+01 1.197903549082310803e+01 1.199184968066498946e+01 1.210858907907587145e+01 1.235205670216079632e+01 1.275349569477155498e+01 1.334739353993455957e+01 1.417380072940133218e+01 1.526862085579983130e+01 1.665417534927088283e+01
5.452225436528686942e+01 5.579748594437175058e+01 5.708039751795806183e+01 5.837082760331491471e+01 5.966979913460623663e+01 6.097666003741285579e+01 6.229120645491836683e+01 6.361209786122726939e+01 6.493985257284936097e+01 6.627364785346104270e+01 6.761249284159809747e+01 6.895749665192046507e+01 7.030692210288911781e+01 7.166048294020058052e+01 7.301828026512593794e+01 7.437861335056965117e+01 7.574056485399201222e+01 7.710447556837817729e+01 7.846849457414791118e+01 7.983210310038309387e+01 8.119150713387726626e+01 8.254496885878073442e+01 8.388939268516392644e+01 8.521783302913699742e+01 8.651966087325777721e+01 8.777587228526131469e+01 8.893939603228886881e+01 8.986426684458420766e+01 1.000000000000000000e+02 1.000000000000000000e+02 1.000000000000000000e+02 1.000000000000000000e+02 8.986056448519897799e+01 8.898221872268237576e+01 8.782484148318927453e+01 8.656946966439748792e+01 8.526350408830738559e+01 8.393157542526108728e+01 8.258586941499092404e+01 8.123141581779363207e+01 7.987286443526791402e+01 7.851212747863328900e+01 7.715260001495568076e+01 7.579477784109332106e+01 7.443993554883195429e+01 7.308810163110659630e+01 7.174229473681012337e+01 7.040225492353286540e+01 6.906808502744578959e+01 6.774094066470740927e+01 6.642150613546301940e+01 6.511004260453583470e+01 6.380720390765157646e+01 6.251321867410050004e+01 6.122830891034924861e+01 5.995220510057585983e+01 5.868760092200388812e+01 5.743335076141173801e+01 5.618880974807528617e+01 5.495496546133441740e+01 5.373566718123439045e+01 5.252627566887166921e+01 5.132889325100753553e+01 5.014569613197594578e+01 4.897383857681545294e+01 4.781573641489881510e+01 4.667083782707189954e+01 4.554026407501774543e+01 4.442322793083831556e+01 4.331958599383257535e+01 4.223207853674654189e+01 4.115799199155581789e+01 4.009953895421499936e+01 3.905571038617945590e+01 3.802799352504982977e+01 3.701499397131718894e+01 3.601901564761195118e+01 3.503844007666596383e+01 3.407417067971864100e+01 3.312634594007462852e+01 3.219512229868765019e+01 3.128059021623898062e+01 3.038240997928615172e+01 2.950195359487448599e+01 2.861647396289061973e+01 2.776382069152014509e+01 2.694708983632098054e+01 2.614280655139280540e+01 2.534808544736508651e+01 2.457051457110086545e+01 2.381240476175750942e+01 2.307145987618427441e+01 2.234777378988433938e+01 2.164338819798487989e+01 2.095639673618172694e+01 2.028825012536673711e+01 1.963866829177867146e+01 1.900810175681704095e+01 1.839684133534865751e+01 1.780464261360685896e+01 1.723228620053743754e+01 1.667981488172860338e+01 1.614815122359622990e+01 1.563825880465750018e+01 1.514953175723244883e+01 1.468444917388765880e+01 1.424279464990912913e+01 1.382753267155877275e+01 1.343946051187484514e+01 1.308131616059660018e+01 1.275654374989409945e+01 1.247177560765461202e+01 1.222350805230966131e+01 1.202689474912239653e+01 1.188720566432666104e+01 1.181662133666452341e+01 1.182880164571202819e+01 1.194276599635203340e+01 1.218231410225941680e+01 1.257780577573304193e+01 1.316425729956062263e+01 1.398253507959712394e+01 1.506962211069379265e+01 1.645022276716242615e+01
5.567556240214541674e+01 5.694684661617068855e+01 5.822711028141631573e+01 5.951428064173691723e+01 6.080995409910809713e+01 6.211273356251507494e+01 6.342261012748118532e+01 6.473892441090649186e+01 6.606134286895581909e+01 6.738992959844922837e+01 6.872348517487534991e+01 7.006155229864263845e+01 7.140596032702646312e+01 7.275213056885662866e+01 7.410307055312766522e+01 7.545592361811583260e+01 7.680989691777239159e+01 7.816577518731754992e+01 7.951898392937241056e+01 8.087153725217297051e+01 8.221819930497333928e+01 8.355677027880700791e+01 8.488217104047826922e+01 8.618514072771445456e+01 8.744901320601347550e+01 8.864063397863344562e+01 8.966166729583959238e+01 1.000000000000000000e+02 1.000000000000000000e+02 1.000000000000000000e+02 1.000000000000000000e+02 1.000000000000000000e+02 8.933822822464779279e+01 8.824262496027726854e+01 8.701582081999156060e+01 8.573082731062561379e+01 8.441283131422136421e+01 8.307729638296711983e+01 8.173197148428074854e+01 8.038082155713588861e+01 7.902677370554303593e+01 7.767284970072414296e+01 7.631990604212212759e+01 7.496968938178065400e+01 7.362320932257055972e+01 7.228247083405121032e+01 7.094522087407091249e+01 6.961424761506054892e+01 6.828954881462043147e+01 6.697339403966438454e+01 6.566436804187650011e+01 6.436260166702466279e+01 6.306983141993755737e+01 6.178660131627247409e+01 6.051116032782337584e+01 5.924699229011704915e+01 5.799311668403732511e+01 5.674854635252639667e+01 5.551645954164601449e+01 5.429460474966002437e+01 5.308427171697568525e+01 5.188569041140431892e+01 5.070048264185695785e+01 4.952675007671659557e+01 4.836710332546540059e+01 4.721977874540259279e+01 4.608587574988503377e+01 4.496619026166857935e+01 4.385975551275013373e+01 4.276796614322883983e+01 4.169124388529043301e+01 4.062816419383557331e+01 3.958050206929826231e+01 3.854765401380543466e+01 3.753054972879985485e+01 3.652987945868920860e+01 3.554368889676251797e+01 3.457436329251279972e+01 3.362058704195415260e+01 3.268316294641305575e+01 3.176213513388073295e+01 3.085801721642038586e+01 2.997094483898211692e+01 2.909973680620412395e+01 2.822729630307553350e+01 2.738449085925008930e+01 2.655933568698394254e+01 2.578239761124474683e+01 2.499707475479132768e+01 2.422958043354006463e+01 2.348116315120736175e+01 2.274971200763388168e+01 2.203577045192221107e+01 2.134036319420472694e+01 2.066316812532760139e+01 2.000359874758703782e+01 1.936302309904930397e+01 1.874156444128584198e+01 1.813796194232592995e+01 1.755457335520055295e+01 1.699022207625509040e+01 1.644626448729204071e+01 1.592202242657440081e+01 1.541963858196712067e+01 1.493816660597615531e+01 1.448016873023419926e+01 1.404547721443252328e+01 1.363631900891797422e+01 1.325422437847930723e+01 1.290196261263327671e+01 1.258161079742325938e+01 1.230180548779726735e+01 1.205674776530345582e+01 1.186308136595308760e+01 1.172553671029148425e+01 1.165546487552219190e+01 1.166725620930769658e+01 1.177909631665339241e+01 1.201536984683345644e+01 1.240535666658716352e+01 1.298502859650541019e+01 1.379465284252585633e+01 1.487384369371916826e+01 1.624945305566304299e+01
5.683956383905464094e+01 5.810809034994666433e+01 5.938448700821500381e+01 6.066890388066526185e+01 6.195995294524261254e+01 6.325869325368370966e+01 6.456431395439855692e+01 6.587634605165190749e+01 6.719327873904560988e+01 6.851607600023031353e+01 6.984367501456189586e+01 7.117688345694273266e+01 7.251286150591327839e+01 7.385312999447349114e+01 7.519623289019708068e+01 7.654085909942847366e+01 7.788615049302747195e+01 7.923123317710162894e+01 8.057492097937630149e+01 8.191438368748875121e+01 8.324683934775445948e+01 8.456722329278156280e+01 8.586915475882584303e+01 8.713878944107410973e+01 8.834762079855052264e+01 8.942945250876394425e+01 1.000000000000000000e+02 1.000000000000000000e+02 1.000000000000000000e+02 1.000000000000000000e+02 1.000000000000000000e+02 8.964442355094432457e+01 8.862912069030281259e+01 8.743835440910569901e+01 8.617361586929544615e+01 8.487170948089817557e+01 8.354742226379457293e+01 8.221119851873336870e+01 8.086847763656881227e+01 7.952165580565539926e+01 7.817344985230997167e+01 7.682702602032290429e+01 7.548222137810313370e+01 7.413969793884875514e+01 7.280260920741687869e+01 7.147046312420448544e+01 7.014284051102907824e+01 6.882313341392011807e+01 6.750876580380187875e+01 6.620208636536864333e+01 6.490214949421907420e+01 6.361195562346364341e+01 6.232967442529244551e+01 6.105542556583499447e+01 5.979307056916793783e+01 5.853848337120678735e+01 5.729527734345236922e+01 5.606195882129519958e+01 5.483965733489745276e+01 5.362953090330840666e+01 5.243099585974066912e+01 5.124425686053712070e+01 5.006858677000030156e+01 4.890687825826886126e+01 4.775782135646273474e+01 4.662180253378673456e+01 4.549890955220961075e+01 4.439042268078712539e+01 4.329593247016793356e+01 4.221525120838612111e+01 4.114890102492272206e+01 4.009710528306625577e+01 3.906074544418874694e+01 3.803960041227141176e+01 3.703323878533404212e+01 3.604231745872130688e+01 3.506795880904611806e+01 3.410866110869792323e+01 3.316622450817523315e+01 3.223949604708534622e+01 3.132911955171034890e+01 3.043586944477062417e+01 2.955879871964979344e+01 2.869877895154920822e+01 2.785241254915139564e+01 2.700527142210595954e+01 2.619043365183314620e+01 2.542166723416852037e+01 2.464716837285707385e+01 2.388975276973606299e+01 2.314995288289750519e+01 2.242792236040280685e+01 2.172347460009542885e+01 2.103736584252189346e+01 2.036927973687138049e+01 1.971919884819214275e+01 1.908755876492693915e+01 1.847441794895202705e+01 1.788032948064278571e+01 1.730494269970320786e+01 1.674876487048994989e+01 1.621284768289745770e+01 1.569691190283073468e+01 1.520085885776963863e+01 1.472757617478370662e+01 1.427610852943245234e+01 1.384806394408990471e+01 1.344575477112677220e+01 1.306990670770030682e+01 1.272304740459255790e+01 1.240777001169668381e+01 1.213239158407469809e+01 1.189159941936060960e+01 1.170055002876798689e+01 1.156537688837510025e+01 1.149608840438536284e+01 1.150745989086078325e+01 1.161803755025819740e+01 1.185022825135446567e+01 1.223463910831438284e+01 1.280831265432538224e+01 1.361022357220309509e+01 1.468216966940316581e+01 1.605522647763383404e+01
5.801449967574936295e+01 5.928013229388157868e+01 6.055330137050864892e+01 6.183371895563497844e+01 6.312074543845120900e+01 6.441527837065802942e+01 6.571632569747248453e+01 6.702279679833524995e+01 6.833466589164687832e+01 6.965143292676592068e+01 7.097333147145106125e+01 7.229999799046460396e+01 7.362903188378254526e+01 7.496136264551482498e+01 7.629609627454264853e+01 7.763170981444311280e+01 7.896881823635729347e+01 8.030365378073550175e+01 8.163476015755131243e+01 8.296049859080608257e+01 8.427607963245893075e+01 8.557459016983337108e+01 8.684603183314611385e+01 8.806802468221439995e+01 8.918713750972713683e+01 9.002815812998132117e+01 1.000000000000000000e+02 1.000000000000000000e+02 1.000000000000000000e+02 1.000000000000000000e+02 8.988912634153119541e+01 8.898186247252499470e+01 8.783367362677729773e+01 8.659304829804823100e+01 8.530633058040596950e+01 8.399477904153481234e+01 8.266954234382947675e+01 8.133446583338272262e+01 7.999559909337718011e+01 7.865464829329201280e+01 7.731349355096008935e+01 7.597439311832027897e+01 7.463823525892321697e+01 7.330516011711519297e+01 7.197726742889639695e+01 7.065469538577910669e+01 6.933672708816236252e+01 6.802557840456098859e+01 6.672250887933979868e+01 6.542556772053609393e+01 6.413718210684949383e+01 6.285684350358545913e+01 6.158527830144115711e+01 6.032289058563434736e+01 5.906946197793090647e+01 5.782745900759032054e+01 5.659499766138815602e+01 5.537365086704038930e+01 5.416227321373774117e+01 5.296269667636623524e+01 5.177523166802458121e+01 5.059885621332066563e+01 4.943624907343802022e+01 4.828486057374836804e+01 4.714697964316199119e+01 4.602199803579417647e+01 4.491103550600512762e+01 4.381371879381592294e+01 4.272890661833238823e+01 4.165990555268430739e+01 4.060469746840566074e+01 3.956537465293251898e+01 3.853865639489405481e+01 3.752957442738453864e+01 3.653453620462131823e+01 3.555423717138129547e+01 3.459077310595958465e+01 3.364324243928557223e+01 3.271052325334862587e+01 3.179515540920266758e+01 3.089597151715020118e+01 3.001307345508001845e+01 2.914599583285438911e+01 2.829709746455836239e+01 2.746444358390783691e+01 2.662628326303406823e+01 2.582087958113931236e+01 2.504981118900707671e+01 2.429596252654064870e+01 2.354862277843673368e+01 2.281855992982829662e+01 2.210653484444462435e+01 2.141185140656147823e+01 2.073484828849605321e+01 2.007608768555276768e+01 1.943478612640332415e+01 1.881230661417366790e+01 1.820824757088463741e+01 1.762223662519469869e+01 1.705569785047643805e+01 1.650789800899055138e+01 1.597922573998845586e+01 1.547158786658825491e+01 1.498396822544547646e+01 1.451733459646986546e+01 1.407280907274368609e+01 1.365174990196267402e+01 1.325559494709691677e+01 1.288570466332762443e+01 1.254464607986430735e+01 1.223501581849784081e+01 1.196060948331624196e+01 1.172670514473426095e+01 1.153920650950559512e+01 1.140616296508435390e+01 1.133828481455124759e+01 1.134951726524062821e+01 1.145839552636953584e+01 1.168809258120560024e+01 1.206795181890371005e+01 1.263481480920446387e+01 1.342902306025968073e+01 1.449334654340452744e+01 1.585829556785436267e+01
5.920135285037411421e+01 6.046351233720022122e+01 6.173271902699599423e+01 6.300916865963885982e+01 6.429240740000057031e+01 6.558140308047501321e+01 6.687727880503666711e+01 6.817781276623988163e+01 6.948491795835447249e+01 7.079636192032354813e+01 7.211172452945547207e+01 7.343049935612972945e+01 7.475228694681248953e+01 7.607719612967954959e+01 7.740349537522365608e+01 7.873030499855575215e+01 8.005683058544128983e+01 8.137953321439034937e+01 8.269701550795878120e+01 8.400721960398540489e+01 8.530161591471916438e+01 8.657299804176751934e+01 8.780132291048951743e+01 8.894876354649316852e+01 8.989288698046121340e+01 1.000000000000000000e+02 1.000000000000000000e+02 1.000000000000000000e+02 1.000000000000000000e+02 1.000000000000000000e+02 8.930219577710929002e+01 8.820224688023553483e+01 8.698831821464912650e+01 8.571859527085550212e+01 8.442044663881978295e+01 8.310434390972143603e+01 8.177971474882970426e+01 8.044841953596382211e+01 7.911429901744581628e+01 7.778053649917002588e+01 7.644750640718191903e+01 7.511672243152396788e+01 7.378882972079942704e+01 7.246556396475065753e+01 7.114698040437110649e+01 6.983363897059453507e+01 6.852628151825787484e+01 6.722500350958384274e+01 6.593249329575097306e+01 6.464589633206476549e+01 6.336781525774917156e+01 6.209891104423061847e+01 6.083807720546239040e+01 5.958605727275377006e+01 5.834504374235162061e+01 5.711260808490033725e+01 5.589230996118026695e+01 5.468112187118681078e+01 5.348166497308910294e+01 5.229343121132769312e+01 5.111650081881408880e+01 4.995275051926530807e+01 4.880005891448892186e+01 4.766042392755437618e+01 4.653419741837049628e+01 4.542122653085849038e+01 4.432024260867106591e+01 4.323461621944423428e+01 4.216247863615448921e+01 4.110411846692784366e+01 4.006063102380591801e+01 3.903135997758684539e+01 3.801684962265375134e+01 3.701793408078404468e+01 3.603429259628187253e+01 3.506539156498607213e+01 3.411318263095213155e+01 3.317608031258340873e+01 3.225517680183161673e+01 3.134986003468801385e+01 3.046167610020108540e+01 2.958949936865600350e+01 2.873375783017705487e+01 2.789452119413483544e+01 2.707236740281226872e+01 2.625080184870144251e+01 2.545137887686161804e+01 2.467214071732098901e+01 2.394524490048721788e+01 2.320725019210624396e+01 2.248780269061274595e+01 2.178484100622884867e+01 2.109986465334710104e+01 2.043270961959008503e+01 1.978239506964136751e+01 1.915139651747870175e+01 1.853686669295320399e+01 1.794165387825978897e+01 1.736455191276444765e+01 1.680616467673250369e+01 1.626667633303271288e+01 1.574695379833664965e+01 1.524655878549685539e+01 1.476622094115622730e+01 1.430743773481684045e+01 1.387014714182076602e+01 1.345607063590011876e+01 1.306650980949490837e+01 1.270231539960665579e+01 1.236650384307527162e+01 1.206254923968729287e+01 1.179278443048803382e+01 1.156449864838423558e+01 1.137887672134196748e+01 1.124871031399543497e+01 1.118211950380782937e+01 1.119348369249113517e+01 1.130098404399105760e+01 1.152742889434527029e+01 1.190366847229423719e+01 1.246393518000675726e+01 1.325100944226403854e+01 1.430807252799138851e+01 1.566796662131694262e+01
6.039886089461200669e+01 6.165729535215889001e+01 6.292285871957918886e+01 6.419486119302268889e+01 6.547336036693239691e+01 6.675835030740991272e+01 6.804849635348837467e+01 6.934411676071758279e+01 7.064422313126684116e+01 7.194876924120907802e+01 7.325722238146315135e+01 7.456947014238760119e+01 7.588363313017497092e+01 7.720033400525778688e+01 7.851820865335741928e+01 7.983377293268122799e+01 8.114797043546488453e+01 8.245845297422658859e+01 8.376033651380119238e+01 8.505133967311641641e+01 8.631934596404585136e+01 8.755275222951655678e+01 8.871650484708439421e+01 8.972573820956112911e+01 1.000000000000000000e+02 1.000000000000000000e+02 1.000000000000000000e+02 1.000000000000000000e+02 1.000000000000000000e+02 8.958325761565636469e+01 8.854359252789060974e+01 8.735857120113281837e+01 8.610808074786517352e+01 8.482325934933793121e+01 8.351908185624719749e+01 8.220296455603374852e+01 8.088022671797187968e+01 7.955385702969161343e+01 7.822678386425766917e+01 7.690040812804332404e+01 7.557517264049489825e+01 7.425215197397547229e+01 7.293460117452576696e+01 7.162041449805758475e+01 7.031160438376798538e+01 6.900736987928689814e+01 6.771032516052839867e+01 6.642076599744845566e+01 6.513772167191017104e+01 6.386241196015976129e+01 6.259514752117745218e+01 6.133718314112055481e+01 6.008717960320713303e+01 5.884685509945397541e+01 5.761679049555454668e+01 5.639618594387846429e+01 5.518615695627081408e+01 5.398631671446963054e+01 5.279827024025168924e+01 5.162159532650698424e+01 5.045673303201036930e+01 4.930443691594829403e+01 4.816293322577401881e+01 4.703496088966667799e+01 4.591993468697950220e+01 4.481758935330824301e+01 4.372931766655882058e+01 4.265477930457655020e+01 4.159389977275155559e+01 4.054658579132200202e+01 3.951466381398621763e+01 3.849707695466199908e+01 3.749444666097300427e+01 3.650659932608626690e+01 3.553398026249838892e+01 3.457662830106702501e+01 3.363487711703507443e+01 3.270897267972758016e+01 3.179931840986375136e+01 3.090478912242001641e+01 3.002705879001891276e+01 2.916573916167686065e+01 2.832047583931862533e+01 2.749184208337477386e+01 2.668003039173896340e+01 2.588356060574309581e+01 2.508210040864584656e+01 2.431381676662003244e+01 2.359364521264814130e+01 2.286691857768051861e+01 2.215664923819445775e+01 2.146356627741954526e+01 2.078809573111032449e+01 2.013030703917765152e+01 1.948955439471582451e+01 1.886695256339923077e+01 1.826252051010584054e+01 1.767571755766837072e+01 1.710754339461572116e+01 1.655767823675940065e+01 1.602628031161647115e+01 1.551404950070003252e+01 1.502201159979161815e+01 1.454934663125682093e+01 1.409761729571527056e+01 1.366817401157713974e+01 1.326102697434227196e+01 1.287744469051563811e+01 1.251920235479538945e+01 1.219040807534650384e+01 1.189125514793822802e+01 1.162622680073381787e+01 1.140343808244508317e+01 1.121977787515428027e+01 1.109216481684832623e+01 1.102734867828100107e+01 1.103896903676508856e+01 1.114598818535636937e+01 1.137007754909105017e+01 1.174147181441297327e+01 1.229636205455139120e+01 1.307631507460621556e+01 1.412611680923678747e+01 1.548068916585966193e+01
6.160646326254568805e+01 6.286083923382845740e+01 6.412231845260619423e+01 6.539013604189578643e+01 6.666400188438709051e+01 6.794318929275485175e+01 6.922768866698359602e+01 7.051779386572414410e+01 7.181183110648998991e+01 7.311000457477115333e+01 7.441130465453041154e+01 7.571520091972516298e+01 7.702195798317444542e+01 7.832900475128774076e+01 7.963573026493213547e+01 8.094149427378654593e+01 8.224342103419719763e+01 8.353879088159121125e+01 8.482280146915155683e+01 8.608757751554600191e+01 8.732225711526760392e+01 8.849776201123636099e+01 8.954831255059524153e+01 1.000000000000000000e+02 1.000000000000000000e+02 1.000000000000000000e+02 1.000000000000000000e+02 1.000000000000000000e+02 8.982279052297623423e+01 8.885678513883351570e+01 8.770404748533199779e+01 8.647389351460223850e+01 8.520320379628880403e+01 8.391065627871427068e+01 8.260571400857286051e+01 8.129083378570159368e+01 7.997172230230160039e+01 7.865196447211810948e+01 7.733279872838767233e+01 7.601438719942699151e+01 7.469694561584447001e+01 7.338418678504933723e+01 7.207473174416443840e+01 7.077096860875973050e+01 6.947218243582098296e+01 6.817861775389651768e+01 6.689168186331652066e+01 6.561302907321697830e+01 6.434010013715365517e+01 6.307588881959220828e+01 6.181960682791346784e+01 6.057233221819949875e+01 5.933392610588613536e+01 5.810519304922714667e+01 5.688577308440230240e+01 5.567583372573287903e+01 5.447720485018583503e+01 5.328985149294607027e+01 5.211295383093170841e+01 5.094803182198337765e+01 4.979389813871558346e+01 4.865270248220566884e+01 4.752387725370581251e+01 4.640751890722236794e+01 4.530410883625594209e+01 4.421356841353622258e+01 4.313653261491607793e+01 4.207374596613844631e+01 4.102380027647684813e+01 3.998924764363502504e+01 3.896698743146436072e+01 3.796171979751971293e+01 3.697043623608254848e+01 3.599384321166721179e+01 3.503233518755859421e+01 3.408599628970591056e+01 3.315613430580012277e+01 3.224107890528186005e+01 3.134221620907953110e+01 3.045944292669106090e+01 2.959201895677495742e+01 2.874147422824758635e+01 2.790755384216510038e+01 2.708942968630534409e+01 2.628802095146230045e+01 2.550332319815803572e+01 2.471247536246137244e+01 2.395433145391132612e+01 2.323423705646676751e+01 2.252552413341377502e+01 2.182521353673356757e+01 2.114206242728332441e+01 2.047637776182750358e+01 1.982804062936179790e+01 1.919687402906965445e+01 1.858336521764455540e+01 1.798783684703785113e+01 1.740980475090120194e+01 1.685036807887585297e+01 1.630907704741581910e+01 1.578608803435792574e+01 1.528248915849265188e+01 1.479726399794355451e+01 1.433331463570761599e+01 1.388892479951957526e+01 1.346605500322607440e+01 1.306594448550202259e+01 1.268930836136059526e+01 1.233842209820088520e+01 1.201425366379881332e+01 1.172070695321333389e+01 1.146062626630954817e+01 1.124268178024924225e+01 1.106239528577794928e+01 1.093705204570459877e+01 1.087414867830622711e+01 1.088653522872433754e+01 1.099265182710489341e+01 1.121484004980802851e+01 1.158201974026605896e+01 1.213145708033790449e+01 1.290502627777946287e+01 1.394740716233914313e+01 1.529638940295997607e+01
6.282470187076525292e+01 6.407489912594662940e+01 6.533228727470259400e+01 6.659496621341838818e+01 6.786349136793205616e+01 6.913712530546081325e+01 7.041681539092510889e+01 7.169971898111087683e+01 7.298788733632622439e+01 7.427886213571088092e+01 7.557278449612310567e+01 7.686852748183568451e+01 7.816548725301844058e+01 7.946333732554130336e+01 8.076054984252232316e+01 8.205305762801971525e+01 8.334005861034421514e+01 8.461747192286571817e+01 8.587742154923599003e+01 8.711080762119891574e+01 8.829300743075987157e+01 8.937326904517198045e+01 9.016312390549163069e+01 1.000000000000000000e+02 1.000000000000000000e+02 1.000000000000000000e+02 1.000000000000000000e+02 9.001356364059127202e+01 8.914113972649609252e+01 8.802480091978294752e+01 8.681624616210450540e+01 8.556125695456101710e+01 8.428090823887318095e+01 8.298434983015474131e+01 8.167911052716048914e+01 8.036935773278412398e+01 7.905654357584465686e+01 7.774352865281636582e+01 7.643175020588954283e+01 7.512005925710941767e+01 7.381401213307529474e+01 7.251018953057996441e+01 7.121038885549883446e+01 6.991636067645902131e+01 6.862798484118096098e+01 6.734519066443269253e+01 6.606933183206089666e+01 6.480070368905074929e+01 6.353958737604855855e+01 6.228504389575357436e+01 6.104119911987666569e+01 5.980503851112690938e+01 5.857714286033981210e+01 5.735984248263874719e+01 5.615137090211318593e+01 5.495445830872793636e+01 5.376742272365533637e+01 5.259079736668419258e+01 5.142599534085876201e+01 5.027180181446777851e+01 4.913047093899800188e+01 4.800072621654841498e+01 4.688330030227434264e+01 4.577869532113092532e+01 4.468651033497259561e+01 4.360763201253834609e+01 4.254336716200113244e+01 4.149115303960173406e+01 4.045328308904135639e+01 3.942895581998854482e+01 3.842038758557736600e+01 3.742530797235596651e+01 3.644504449746803942e+01 3.548023229467266759e+01 3.453074440165973158e+01 3.359567770940103060e+01 3.267649260760471464e+01 3.177280890436713179e+01 3.088482091236301841e+01 3.001298118018777927e+01 2.915728888657704942e+01 2.831661566832566024e+01 2.749334992068341776e+01 2.668648612242070328e+01 2.589598594917972463e+01 2.512205409433400050e+01 2.434603371458151599e+01 2.359493230861663449e+01 2.286752719199859385e+01 2.218503490252728838e+01 2.149467166254495254e+01 2.082114888728108326e+01 2.016501827680231429e+01 1.952593092844649902e+01 1.890452566109032162e+01 1.830008314488207333e+01 1.771377568933587554e+01 1.714458178039453173e+01 1.659374887653439856e+01 1.606101868934323207e+01 1.554653281172900847e+01 1.505069214809492451e+01 1.457441067384591626e+01 1.411735835650106452e+01 1.368101122271103698e+01 1.326516524110816775e+01 1.287206640226953347e+01 1.250189191035128111e+01 1.215713353408909292e+01 1.183885048813435503e+01 1.155104995118408873e+01 1.129594884287734580e+01 1.108218220902429429e+01 1.090582219187959900e+01 1.078334012023066713e+01 1.072259646420141621e+01 1.073589445958520372e+01 1.084105327060811419e+01 1.106116869938724712e+01 1.142507404618150524e+01 1.196897956928684081e+01 1.273633595379163275e+01 1.377233005501202712e+01 1.511591771458874511e+01
6.405158221119418727e+01 6.529783554354693820e+01 6.655089309213055060e+01 6.780836514547232241e+01 6.907164271395596700e+01 7.034042591736661620e+01 7.161334922246214774e+01 7.289075867238446449e+01 7.417059423890997039e+01 7.545479499551075264e+01 7.674057199651689132e+01 7.802734916277607624e+01 7.931602428078186051e+01 8.060206155304985032e+01 8.188687120032270172e+01 8.316495499741935760e+01 8.443461180956732903e+01 8.569027857978468887e+01 8.692132684597055459e+01 8.810713460333084868e+01 8.920679508613072528e+01 9.008298470700776761e+01 1.000000000000000000e+02 1.000000000000000000e+02 1.000000000000000000e+02 1.000000000000000000e+02 9.013933317200618944e+01 8.939657647672196106e+01 8.832035075123749834e+01 8.713376709719656787e+01 8.589602924012238816e+01 8.462750810823257552e+01 8.334227174921899461e+01 8.204611676161701439e+01 8.074520227851704135e+01 7.944058213712304450e+01 7.813434799730556790e+01 7.682796233142258302e+01 7.552460855478076951e+01 7.422337712026414636e+01 7.292551741146841948e+01 7.163205073961430003e+01 7.034168622347065991e+01 6.905723134626737192e+01 6.777893977467657294e+01 6.650905776999005070e+01 6.524251362542446486e+01 6.398473206103842870e+01 6.273532957330409943e+01 6.149328725520819461e+01 6.025936034844618661e+01 5.903419463660723920e+01 5.781867930460987992e+01 5.661196922031462009e+01 5.541626418899722495e+01 5.423018285053662169e+01 5.305457707992466965e+01 5.188996215576331394e+01 5.073695834937410609e+01 4.959442388368707810e+01 4.846468601244420427e+01 4.734678316594346370e+01 4.624083950285194788e+01 4.514836337643056652e+01 4.406796916143824916e+01 4.300079111345242922e+01 4.194768477332805645e+01 4.090783203364027543e+01 3.988117194738779148e+01 3.886977974806099212e+01 3.787213148310162580e+01 3.688909292864342149e+01 3.592009884529124975e+01 3.496698776236327433e+01 3.402820518271665406e+01 3.310459923132581395e+01 3.219618199628702371e+01 3.130444016014300956e+01 3.042762132969466649e+01 2.956708876824264465e+01 2.872175186048639972e+01 2.789297609115443066e+01 2.708055894431955579e+01 2.628376266872296441e+01 2.550384710873377969e+01 2.474026436980891930e+01 2.398890305825640468e+01 2.323639288002191705e+01 2.251494159063854994e+01 2.184423870163881887e+01 2.116370020363142856e+01 2.050034057028761225e+01 1.985380810397830942e+01 1.922421594914754905e+01 1.861194615929964158e+01 1.801643391291277752e+01 1.743999559530835342e+01 1.688004231386078757e+01 1.633776234891977097e+01 1.581316424563259382e+01 1.530779412554057473e+01 1.481999484640319409e+01 1.435123036251287942e+01 1.390202640534617906e+01 1.347322807752350293e+01 1.306502277324405092e+01 1.267847039083575034e+01 1.231480714270957222e+01 1.197669851783251715e+01 1.166450475132274534e+01 1.138199132280991499e+01 1.113202019591277292e+01 1.092279950096771657e+01 1.075014841896850726e+01 1.063116828094377020e+01 1.057199016935619440e+01 1.058648786660048025e+01 1.069165277034473860e+01 1.090994024021341247e+01 1.127062098686968383e+01 1.180936338268480057e+01 1.257068337726694551e+01 1.360014649041984036e+01 1.493839596177975970e+01
6.528862771658425856e+01 6.653042507798333816e+01 6.777811252904967887e+01 6.903139795566688974e+01 7.028904494091597144e+01 7.155117458398257213e+01 7.281775857619447834e+01 7.408728024063779571e+01 7.536157769360946190e+01 7.663690105006432418e+01 7.791424856455714121e+01 7.919254497279688110e+01 8.046912825140779546e+01 8.174424107345042501e+01 8.301395423567862508e+01 8.427571123180356949e+01 8.552566746123898156e+01 8.675224732026033791e+01 8.793933449043117889e+01 8.905137739635804905e+01 8.998381051231258709e+01 1.000000000000000000e+02 1.000000000000000000e+02 1.000000000000000000e+02 1.000000000000000000e+02 1.000000000000000000e+02 8.962273762824095513e+01 8.859220305602127610e+01 8.742887732275819701e+01 8.620696588188745579e+01 8.495252431241925706e+01 8.367753281218004702e+01 8.239129084856641327e+01 8.109893704286083960e+01 7.980176506074896281e+01 7.850349140156605188e+01 7.720570409345819485e+01 7.590815701228729040e+01 7.461275741337783529e+01 7.332120064390072400e+01 7.203298791922455280e+01 7.074849517003333688e+01 6.946942043500661157e+01 6.819619227159007835e+01 6.692847334391709069e+01 6.566791952647355401e+01 6.441316819575399677e+01 6.316704216340669120e+01 6.192732930590627660e+01 6.069668817488624768e+01 5.947496741841139567e+01 5.826110624301625762e+01 5.705714798895140660e+01 5.586304067141829677e+01 5.467824626121557685e+01 5.350384898728590599e+01 5.234040419555316959e+01 5.118739026038782924e+01 5.004552411704382564e+01 4.891556222405427690e+01 4.779722460499313996e+01 4.669106950741267781e+01 4.559760155844276852e+01 4.451679885941162951e+01 4.344856285144165042e+01 4.239287791155320662e+01 4.135146540314739383e+01 4.032352488472997720e+01 3.930918085886622038e+01 3.830880297815928515e+01 3.732276468435323835e+01 3.635101322823304315e+01 3.539481874468275180e+01 3.445149661088213833e+01 3.352527899330387839e+01 3.261305685688282807e+01 3.171713117212909694e+01 3.083589402636366472e+01 2.996982773228236141e+01 2.912017293838855636e+01 2.828663188124274086e+01 2.746856069882065299e+01 2.666673510704178440e+01 2.588114645709309514e+01 2.511177595001791119e+01 2.435856404423774180e+01 2.362254973160406024e+01 2.287681936668508698e+01 2.216671254145488135e+01 2.150279816794520116e+01 2.083344046743972200e+01 2.017988960115142305e+01 1.954310420911567903e+01 1.892347738727018225e+01 1.832052028172299529e+01 1.773527803472174469e+01 1.716647294180490135e+01 1.661558258522381948e+01 1.608192894852226118e+01 1.556632584567135780e+01 1.506824202393901579e+01 1.458951874169198604e+01 1.412876604919935986e+01 1.368761372272756560e+01 1.326595375526368237e+01 1.286480804994810612e+01 1.248552397192904628e+01 1.212921253842070790e+01 1.179684811073324902e+01 1.149103764948794471e+01 1.121392502519424994e+01 1.096939848613427415e+01 1.076435525618250111e+01 1.059584342908244103e+01 1.047948399013630727e+01 1.042295378654058879e+01 1.043848026529299311e+01 1.054364268087102374e+01 1.076044971298044572e+01 1.111805149230422529e+01 1.165267645727092827e+01 1.240764647889929151e+01 1.343093814736810998e+01 1.476419789193902332e+01
6.653423693431008701e+01 6.777147781340163135e+01 6.901410612119201460e+01 7.026174683528417120e+01 7.151324120481214663e+01 7.276931606966989818e+01 7.402982506499739657e+01 7.529229945017502246e+01 7.655704585740650714e+01 7.782496504137718318e+01 7.909310961820133912e+01 8.035978493445846027e+01 8.162596499831094832e+01 8.288674112218571111e+01 8.414209943367939104e+01 8.538314171436218203e+01 8.660555177644189939e+01 8.779126550066527557e+01 8.891130716934762290e+01 8.988044034048319020e+01 1.000000000000000000e+02 1.000000000000000000e+02 1.000000000000000000e+02 1.000000000000000000e+02 1.000000000000000000e+02 8.981906415738424698e+01 8.883850779457466729e+01 8.770141458627384168e+01 8.649547646882042784e+01 8.525376575196874285e+01 8.399032869028970083e+01 8.271460613624944358e+01 8.143123587675607666e+01 8.014247430410679840e+01 7.885199598162257928e+01 7.756060233325345621e+01 7.627045177276086463e+01 7.498222922911782007e+01 7.369554057624651477e+01 7.241326040403032493e+01 7.113470599805744143e+01 6.986134465049752862e+01 6.859316442440918138e+01 6.732907029399856924e+01 6.607346760049550483e+01 6.482354922758416649e+01 6.358111637203190014e+01 6.234579627349106090e+01 6.111715495845582069e+01 5.989820886622205620e+01 5.868826878163702077e+01 5.748630671300859518e+01 5.629325709467489958e+01 5.511081068601054511e+01 5.393802531695257585e+01 5.277557220420061412e+01 5.162354319419561932e+01 5.048268522337191655e+01 4.935333469020790886e+01 4.823538978449416703e+01 4.712892594025365156e+01 4.603519195674891051e+01 4.495308505562157819e+01 4.388346104213449905e+01 4.282783468804352367e+01 4.178341023826532563e+01 4.075402188476782328e+01 3.973699956707905301e+01 3.873600962042706897e+01 3.774715848914478045e+01 3.677351006507859665e+01 3.581304203484074833e+01 3.486765277406716024e+01 3.393721808719484301e+01 3.302226377420574011e+01 3.212148546249977699e+01 3.123612444869673510e+01 3.036708403120630351e+01 2.951225716171925839e+01 2.867375078449835257e+01 2.785094338459751384e+01 2.704455627935560358e+01 2.625354867619605770e+01 2.547893616650686965e+01 2.471909944446501939e+01 2.397770223972982606e+01 2.325206857540815975e+01 2.251834282720548330e+01 2.181779944547508165e+01 2.114762276463633128e+01 2.050377622134858058e+01 1.985971543657324290e+01 1.923246806423629707e+01 1.862279938310559402e+01 1.802940702374633730e+01 1.745293399324950911e+01 1.689372479374209490e+01 1.635150504596669663e+01 1.582701396309829178e+01 1.531974103669432274e+01 1.483066204966637613e+01 1.435978687289911626e+01 1.390740253319560082e+01 1.347331614787382570e+01 1.305943004158987009e+01 1.266594876025752825e+01 1.229359022666063339e+01 1.194383527397706501e+01 1.161799413487578647e+01 1.131791907228628702e+01 1.104670758262416008e+01 1.080690472160737947e+01 1.060679949405825084e+01 1.044229651822391425e+01 1.032942180492741890e+01 1.027504379356268771e+01 1.029218718604026961e+01 1.039745986866311611e+01 1.061332220810257176e+01 1.096785706424886442e+01 1.149854601682843658e+01 1.224788462488578489e+01 1.326470520401127295e+01 1.459286971789538434e+01
6.778879208223249009e+01 6.902026846471424903e+01 7.025707187847109481e+01 7.149851355793205698e+01 7.274575518639029781e+01 7.399496982843541559e+01 7.524736769105156498e+01 7.650255965928933222e+01 7.775958653738339876e+01 7.901800111837822271e+01 8.027543464913718196e+01 8.153165162111592679e+01 8.278361860599075328e+01 8.402961713412327072e+01 8.526408882063081762e+01 8.647836019562731735e+01 8.766282763714035298e+01 8.878747564445593810e+01 8.978187989898445664e+01 1.000000000000000000e+02 1.000000000000000000e+02 1.000000000000000000e+02 1.000000000000000000e+02 1.000000000000000000e+02 8.998584637301195244e+01 8.906080051532396169e+01 8.794923157545338199e+01 8.676184091515423802e+01 8.553280659461415780e+01 8.428063390454477144e+01 8.301496035899101855e+01 8.174039775783131745e+01 8.045952308960666244e+01 7.917850009540484280e+01 7.789384236900251324e+01 7.661102217232347300e+01 7.532995599522726593e+01 7.405020809029639395e+01 7.277406620197750442e+01 7.150127702007993946e+01 7.023335222296073255e+01 6.897061093082116656e+01 6.771303233310052860e+01 6.646085329810225062e+01 6.521591822228063506e+01 6.397689855812072324e+01 6.274521826382994050e+01 6.152195309922212374e+01 6.030492411742891790e+01 5.909716336951910876e+01 5.789883629896596062e+01 5.670834119053670719e+01 5.552810764795332688e+01 5.435712448120278850e+01 5.319621629868025536e+01 5.204538979260679099e+01 5.090643407105965679e+01 4.977669427381938760e+01 4.865909519632845814e+01 4.755349756858945653e+01 4.645913137106427371e+01 4.537678937349370756e+01 4.430713198279254783e+01 4.325007995882452860e+01 4.220619021879695509e+01 4.117415607536424460e+01 4.015661212905007460e+01 3.915287478295093138e+01 3.816221927967814764e+01 3.718576948491975287e+01 3.622297909234646340e+01 3.527491944903397325e+01 3.434128466340718688e+01 3.342285134742937203e+01 3.251890209851764268e+01 3.162976199565699176e+01 3.075603051993514114e+01 2.989774739356375477e+01 2.905506886394626420e+01 2.822822240923691339e+01 2.741632778134969328e+01 2.662060607718744620e+01 2.584040446466336860e+01 2.507627860598472580e+01 2.432813859444249260e+01 2.359703457188078346e+01 2.288171897568566138e+01 2.217114351686378981e+01 2.147015696464746881e+01 2.079488666937828611e+01 2.017444087192408375e+01 1.954019799456764162e+01 1.892322048001978629e+01 1.832244092525531087e+01 1.773837806975421216e+01 1.717128803104960255e+01 1.662112734352406562e+01 1.608833082266681913e+01 1.557252758361365963e+01 1.507427039041718864e+01 1.459312204209305364e+01 1.413054931105783751e+01 1.368573528124890082e+01 1.326048577727331157e+01 1.285353300215122907e+01 1.246757777009729296e+01 1.210223875492894052e+01 1.175924640981567038e+01 1.143987389121901010e+01 1.114599263839479804e+01 1.088027012823898865e+01 1.064575545884171071e+01 1.044728618863003433e+01 1.029007781616906314e+01 1.018045286580525577e+01 1.012886923875941925e+01 1.014763767571682607e+01 1.025291881983988418e+01 1.046790016713447002e+01 1.082032683699922870e+01 1.134660643990990181e+01 1.209062619373663061e+01 1.310192126536319179e+01 1.442506972970055656e+01
6.904994747536237298e+01 7.027741110553974124e+01 7.150937214470221193e+01 7.274472982986340241e+01 7.398426606462328436e+01 7.522651577637478226e+01 7.647220180129266964e+01 7.771876085159385639e+01 7.896623729467638952e+01 8.021469648391209262e+01 8.146054287223940094e+01 8.270364093080917200e+01 8.394091650983753539e+01 8.516750043161508188e+01 8.637625046464545164e+01 8.755651830936056967e+01 8.868140742681791266e+01 8.969233670857316554e+01 1.000000000000000000e+02 1.000000000000000000e+02 1.000000000000000000e+02 1.000000000000000000e+02 1.000000000000000000e+02 9.012209220603611470e+01 8.925934789767539712e+01 8.817565609387153813e+01 8.700505655321786946e+01 8.578925540344906153e+01 8.454808409769221100e+01 8.329276426285760238e+01 8.202766888967173031e+01 8.075637176135401774e+01 7.948270444965761783e+01 7.820684997538604932e+01 7.693023743230426703e+01 7.565565343367801177e+01 7.438385169683860454e+01 7.311383851629504704e+01 7.184744205105737080e+01 7.058603356454624134e+01 6.932855407986492935e+01 6.807569900498735649e+01 6.682894501281258215e+01 6.558797582975574869e+01 6.435477314833410389e+01 6.312672844650044368e+01 6.190685770201238824e+01 6.069452140176458954e+01 5.949052764199038990e+01 5.829464150611026696e+01 5.710697825157662066e+01 5.592925953032889907e+01 5.476035436850855831e+01 5.360086284890606123e+01 5.245268161961854503e+01 5.131419534474080990e+01 5.018579412062828737e+01 4.906941097076639124e+01 4.796482507392546779e+01 4.687047705512333806e+01 4.578805081860465265e+01 4.471820607830569827e+01 4.366037078590599663e+01 4.261524740170127501e+01 4.158369801497746465e+01 4.056416976681672537e+01 3.955843628486489649e+01 3.856641358346840320e+01 3.758742350895914797e+01 3.662303510909816850e+01 3.567255405146067204e+01 3.473667265940643034e+01 3.381505273012817270e+01 3.290799680803340266e+01 3.201546344995996662e+01 3.113816720234776625e+01 3.027593761116650484e+01 2.942913639519284530e+01 2.859787625462849547e+01 2.778160797006801275e+01 2.698164002065626121e+01 2.619679523175037872e+01 2.542744446337755804e+01 2.467438646036158545e+01 2.393707609823724169e+01 2.321642860643812156e+01 2.251137250647182597e+01 2.182307956318240016e+01 2.112256630591910067e+01 2.045846704892739609e+01 1.984538255721849254e+01 1.922143716753160803e+01 1.861380790596117762e+01 1.802302785856691969e+01 1.744876416181303469e+01 1.689075186387083249e+01 1.634993996884416134e+01 1.582532652185673072e+01 1.531884043728583045e+01 1.482853208290140223e+01 1.435650180594638670e+01 1.390194888634229642e+01 1.346522710018213154e+01 1.304705754112788263e+01 1.264837946838628469e+01 1.226967755822394679e+01 1.191136379653277011e+01 1.157514055683616050e+01 1.126224667766165766e+01 1.097466977071772654e+01 1.071487503035150013e+01 1.048590665491152585e+01 1.029183917956385486e+01 1.013891878288726289e+01 1.003267970109034124e+01 9.983849504900987881e+00 1.000420859530788320e+01 1.011054320983775234e+01 1.032466099365620948e+01 1.067443664782257073e+01 1.119738997669884562e+01 1.193621960334706422e+01 1.294210733411688174e+01 1.426025161607307190e+01
7.032032736262348749e+01 7.154181339778263293e+01 7.276779433597830860e+01 7.399668938608067492e+01 7.522891191833437574e+01 7.646405660459988951e+01 7.770044249918596790e+01 7.893924070518548319e+01 8.017691030216326453e+01 8.141404214379370785e+01 8.264751853892373390e+01 8.387593468199426638e+01 8.509348406356356520e+01 8.629566180989398561e+01 8.746963029767586306e+01 8.859404008409070741e+01 8.961633925793856292e+01 9.034620806576955943e+01 1.000000000000000000e+02 1.000000000000000000e+02 1.000000000000000000e+02 1.000000000000000000e+02 9.022912133296351556e+01 8.943598626343273850e+01 8.837891734597440063e+01 8.722524359842900310e+01 8.602339236077823159e+01 8.479439808584079685e+01 8.354884464945897093e+01 8.229219148409433160e+01 8.103104461090207167e+01 7.976478630768097844e+01 7.849680094517862017e+01 7.722954233125250312e+01 7.596170802344856554e+01 7.469645941661906363e+01 7.343325607304527125e+01 7.217411716035408631e+01 7.091731839317571939e+01 6.966621389812775078e+01 6.841946917852908427e+01 6.717805859909302058e+01 6.594216184839166317e+01 6.471282893224103816e+01 6.349070716772809675e+01 6.227423208186948500e+01 6.106602653075930220e+01 5.986522194930283547e+01 5.867171917564490968e+01 5.748872756160290010e+01 5.631363408030804862e+01 5.514681624675684901e+01 5.399086765669800769e+01 5.284444126472040892e+01 5.170740581082651488e+01 5.058099406334143566e+01 4.946600998246687197e+01 4.836090934491783599e+01 4.726800214198449623e+01 4.618636920645854360e+01 4.511641261118989377e+01 4.405841305528558394e+01 4.301312325126834679e+01 4.198087521102671360e+01 4.095983116354413767e+01 3.995382343394135205e+01 3.896009663280675284e+01 3.798004065317975630e+01 3.701304687706878838e+01 3.606088110685040959e+01 3.512247543963605523e+01 3.419755773442053481e+01 3.328805897145689130e+01 3.239260820042508726e+01 3.151276958589483002e+01 3.064682709668088378e+01 2.979629689279245142e+01 2.896078052197810138e+01 2.814101292598590831e+01 2.733611392625057235e+01 2.654681484103554823e+01 2.577306734265050281e+01 2.501497136312426051e+01 2.427305571183572397e+01 2.354633186790247024e+01 2.283626437807412302e+01 2.214235248807586842e+01 2.146358242382504500e+01 2.077516718884253777e+01 2.012156984501283219e+01 1.951370079637564459e+01 1.890293940212252011e+01 1.830514970961564103e+01 1.772420205827210893e+01 1.715892672473233915e+01 1.660991396651174767e+01 1.607858880617371966e+01 1.556336546444889635e+01 1.506522433790093984e+01 1.458435281387223625e+01 1.412006677999855242e+01 1.367370019805800396e+01 1.324552914104580914e+01 1.283435156874142002e+01 1.244408899587226003e+01 1.207285186346441819e+01 1.172148062389068990e+01 1.139221446947733440e+01 1.108575880827128479e+01 1.080374521245192021e+01 1.054987143520699178e+01 1.032624438358478258e+01 1.013707786421368340e+01 9.991658510716938224e+00 9.886005020013943323e+00 9.839798565240975847e+00 9.862230091149214672e+00 9.969426727688833978e+00 1.018285945357113675e+01 1.053128698913140582e+01 1.105010325153974549e+01 1.178494152533258088e+01 1.278494279130556421e+01 1.409868292986567972e+01
7.159677800236012502e+01 7.281259791539602588e+01 7.403203908863926586e+01 7.525423764438039598e+01 7.647906513267814432e+01 7.770638533953339788e+01 7.893441191422422776e+01 8.016335085121504278e+01 8.139046626885659919e+01 8.261395701320903129e+01 8.383326099940524045e+01 8.504258576418899906e+01 8.623616996754617503e+01 8.740444635542968399e+01 8.852710163317851766e+01 8.955466572807337400e+01 9.033180857157734067e+01 1.000000000000000000e+02 1.000000000000000000e+02 1.000000000000000000e+02 1.000000000000000000e+02 9.030409472663826875e+01 8.958934607327839217e+01 8.855991169369022487e+01 8.742382473212332172e+01 8.623504964949452756e+01 8.501767496202820951e+01 8.378144487170145283e+01 8.253545791218820682e+01 8.128179503114839122e+01 8.002573414086187142e+01 7.876581814065045251e+01 7.750480181911684952e+01 7.624574784122089000e+01 7.498771531688944947e+01 7.373173714870084439e+01 7.247851683634742415e+01 7.122971782030313648e+01 6.998400521358882997e+01 6.874256637763429012e+01 6.750714574074127938e+01 6.627682935647798956e+01 6.505191443830541687e+01 6.383539559291857302e+01 6.262364156331283738e+01 6.141951738954652740e+01 6.022189745146135920e+01 5.903455063298581251e+01 5.785337513671269249e+01 5.668174041465561430e+01 5.551843930472750799e+01 5.436433466534256098e+01 5.321915905947085434e+01 5.208517167657797842e+01 5.096153508219212114e+01 4.984649446678383100e+01 4.874390479929762421e+01 4.765207263959816686e+01 4.657060259970946703e+01 4.550072645397852256e+01 4.444345733350474603e+01 4.339877300190341458e+01 4.236545996047003371e+01 4.134499347974082184e+01 4.033723479605129114e+01 3.934241520763812616e+01 3.836113944734371728e+01 3.739284470385022274e+01 3.643889722281362964e+01 3.549840091773104689e+01 3.457163341721681604e+01 3.365929280211449282e+01 3.276193874633851522e+01 3.187802290059340748e+01 3.100959700830637900e+01 3.015546064507993407e+01 2.931680930341130775e+01 2.849310912182086852e+01 2.768396925478286974e+01 2.688992189315709780e+01 2.611279903666019564e+01 2.534985244368635904e+01 2.460360116789108531e+01 2.387229088317133119e+01 2.315705003857274491e+01 2.245690158827672178e+01 2.177375952248083024e+01 2.110538294659010106e+01 2.043064728192949175e+01 1.978528499897588233e+01 1.917176423142721120e+01 1.858493565469321140e+01 1.799718847500244578e+01 1.742561196293539538e+01 1.686927904349054685e+01 1.633097135501774133e+01 1.580815151160216381e+01 1.530209740559632614e+01 1.481294921918552276e+01 1.433988865541329005e+01 1.388473047336633570e+01 1.344669628948691553e+01 1.302627641254098201e+01 1.262408691768318647e+01 1.224003620587748031e+01 1.187624916787060059e+01 1.153238472896768130e+01 1.120966100185897218e+01 1.090925164430327499e+01 1.063452733978587084e+01 1.038603167856558862e+01 1.016788625232650745e+01 9.983586955999680157e+00 9.842462253066198485e+00 9.740739614827942816e+00 9.697424955592060414e+00 9.721592852364635107e+00 9.829742640777228146e+00 1.004311116891391009e+01 1.038975330857035928e+01 1.090561083236379858e+01 1.163567288797734456e+01 1.263067852050788709e+01 1.393989109825041162e+01
7.287912017790729635e+01 7.408972482006997495e+01 7.530170681566008284e+01 7.651683911397638838e+01 7.773392899265542155e+01 7.895309011453967685e+01 8.017117639507156923e+01 8.138866075879754192e+01 8.260316054237337369e+01 8.381264538367980776e+01 8.501384027783841191e+01 8.619887834537021831e+01 8.736102470508308215e+01 8.847876063912372047e+01 8.950890025659079186e+01 9.031521277360808142e+01 1.000000000000000000e+02 1.000000000000000000e+02 1.000000000000000000e+02 1.000000000000000000e+02 1.000000000000000000e+02 8.972263524799495826e+01 8.871942058787895746e+01 8.759940237400908813e+01 8.642489356485704377e+01 8.521847356442069099e+01 8.399261319813655291e+01 8.275680238465898242e+01 8.151208110772492432e+01 8.026344658866071313e+01 7.901326335876430562e+01 7.776070490746076302e+01 7.650850677849729209e+01 7.525781246341583142e+01 7.400891372407664903e+01 7.276302066136652513e+01 7.152064826809612441e+01 7.028165258653540093e+01 6.904683438913595239e+01 6.781676303261559724e+01 6.659252509098345740e+01 6.537372742434244799e+01 6.416038823034035943e+01 6.295442445133711828e+01 6.175474195145398681e+01 6.056255475948395883e+01 5.937767464026219244e+01 5.820093291927472734e+01 5.703231744626317834e+01 5.587217218775124650e+01 5.472061982541755754e+01 5.357956716721359669e+01 5.244770367694873414e+01 5.132499313760901316e+01 5.021346193938877178e+01 4.911190089168192685e+01 4.802059419367898840e+01 4.694117700136524007e+01 4.587239042251379573e+01 4.481556815325414789e+01 4.377055431974801536e+01 4.273823872893055409e+01 4.171722567986538621e+01 4.070870793807839050e+01 3.971373212917168871e+01 3.873165088017941571e+01 3.776226458233043815e+01 3.680640368697977038e+01 3.586437894280970795e+01 3.493572817486516868e+01 3.402119560951617672e+01 3.312103268475582496e+01 3.223506457458362462e+01 3.136376807532631616e+01 3.050665216227713827e+01 2.966418570700247770e+01 2.883707402096869998e+01 2.802516270738032489e+01 2.722726192449255223e+01 2.644584913534117021e+01 2.567916534710216325e+01 2.492761596089325593e+01 2.419208462465175558e+01 2.347197001196066424e+01 2.276710380119190091e+01 2.207821563448834112e+01 2.140534227692689839e+01 2.074789137588328813e+01 2.009503094903574194e+01 1.944942135448217613e+01 1.883299624587256815e+01 1.826791807307951387e+01 1.768987355173701204e+01 1.712778790528932760e+01 1.658191841040791559e+01 1.605200116165943314e+01 1.553806648505797838e+01 1.504161983044384243e+01 1.456109897895885297e+01 1.409683170760819237e+01 1.364999003088118812e+01 1.322027270120663722e+01 1.280763159038175125e+01 1.241347472631715299e+01 1.203767257867957063e+01 1.168070564152032809e+01 1.134386562406867149e+01 1.102814401010272505e+01 1.073472854166813661e+01 1.046557805451253742e+01 1.022317285161937761e+01 1.001060784987403096e+01 9.831243106480725302e+00 9.693718745495527145e+00 9.596645798435531560e+00 9.555954688223710747e+00 9.582913778192258647e+00 9.692029573068960957e+00 9.904764819802325704e+00 1.025001461988623852e+01 1.076326518302120938e+01 1.148917092379386773e+01 1.247962946032610176e+01 1.378449336628827560e+01
7.416769682290521359e+01 7.537112035814384114e+01 7.657666577308064859e+01 7.778494551245303512e+01 7.899291180644267740e+01 8.020237603708989127e+01 8.141021783545285473e+01 8.261544986827752268e+01 8.381527078687869903e+01 8.500719920028053878e+01 8.618400643692503138e+01 8.733813675105366769e+01 8.844972131288243133e+01 8.947972946173209152e+01 9.030475643556525256e+01 1.000000000000000000e+02 1.000000000000000000e+02 1.000000000000000000e+02 1.000000000000000000e+02 1.000000000000000000e+02 8.983629896443599705e+01 8.885861617955046654e+01 8.775347459803882089e+01 8.659185804201834458e+01 8.539661869155557383e+01 8.418182518650544921e+01 8.295533509793904159e+01 8.171952796528721308e+01 8.048049496066336417e+01 7.923741264285517616e+01 7.799342712680343936e+01 7.674998280316766852e+01 7.550650307599757127e+01 7.426511488083242796e+01 7.302675605904653366e+01 7.179110628527499216e+01 7.055872143416212339e+01 6.933035471169604591e+01 6.810588464320154856e+01 6.688769880561997638e+01 6.567473972382077818e+01 6.446680254305199753e+01 6.326620514874694834e+01 6.207160676532110699e+01 6.088311908363029090e+01 5.970284271139539101e+01 5.853040054622140786e+01 5.736614067436958209e+01 5.620944150999180522e+01 5.506147982942080432e+01 5.392286214879415951e+01 5.279365978890020727e+01 5.167421620774126723e+01 5.056463262978461159e+01 4.946481331344335786e+01 4.837623791192391565e+01 4.729754317846447265e+01 4.623052784139635207e+01 4.517428169090660361e+01 4.413018667011180440e+01 4.309692611977965271e+01 4.207634165507687385e+01 4.106843283356045049e+01 4.007280107612915998e+01 3.908971237353476624e+01 3.811981896145712767e+01 3.716274896913761694e+01 3.621911576719044490e+01 3.528966954686281099e+01 3.437364074289745020e+01 3.347066858658658361e+01 3.258281201423407225e+01 3.170850561837735881e+01 3.084944590562868072e+01 3.000435419298280593e+01 2.917412339016165390e+01 2.835885203125848619e+01 2.755738670276591762e+01 2.677169258721776401e+01 2.600109642428935075e+01 2.524527351501269123e+01 2.450551529219726632e+01 2.378106620502565960e+01 2.307194071636334698e+01 2.237824427304647656e+01 2.170021836161116724e+01 2.103750593646453027e+01 2.039083498000203676e+01 1.975898389328691707e+01 1.911513901524849501e+01 1.850689669945809612e+01 1.795203829030011988e+01 1.738375139192557128e+01 1.683107354454249815e+01 1.629475076996921246e+01 1.577418797517841043e+01 1.526956202360192449e+01 1.478148879022753803e+01 1.430969763412788254e+01 1.385470463447784439e+01 1.341614916252868994e+01 1.299440776986161517e+01 1.259047155392346617e+01 1.220355310393857984e+01 1.183530131735871471e+01 1.148572086943662285e+01 1.115630190095973084e+01 1.084732853711020084e+01 1.056070991335343834e+01 1.029766609737329297e+01 1.006083714084470238e+01 9.853851950936952875e+00 9.679876420212185195e+00 9.546682550788043287e+00 9.453220272945594971e+00 9.416396567034968967e+00 9.444820689906164191e+00 9.555521635842801231e+00 9.768680893101999274e+00 1.011253765353570344e+01 1.062327957615050167e+01 1.134543735711375234e+01 1.233118374273911577e+01 1.363270960070933668e+01
7.546165411084871266e+01 7.665770055556322404e+01 7.785637094595072938e+01 7.905551883390195655e+01 8.025445122634778272e+01 8.145247678441110395e+01 8.264884324207470456e+01 8.383897465940520988e+01 8.502141801501737461e+01 8.619022029791439365e+01 8.733563263989158543e+01 8.844085722700609153e+01 8.946786350605711391e+01 9.030219544202162751e+01 1.000000000000000000e+02 1.000000000000000000e+02 1.000000000000000000e+02 1.000000000000000000e+02 1.000000000000000000e+02 8.993101545754473136e+01 8.897678369676206955e+01 8.788808282766969171e+01 8.673695887542393734e+01 8.555376957145749373e+01 8.434835626271156173e+01 8.313092189732056170e+01 8.190496138020894534e+01 8.067390494549346158e+01 7.944019557248245178e+01 7.820508488110594669e+01 7.696972560108042671e+01 7.573408835796941219e+01 7.449978007089310950e+01 7.326866303897263322e+01 7.204007727407717709e+01 7.081462013895026075e+01 6.959312506294071454e+01 6.837576964886027042e+01 6.716383740870936947e+01 6.595640349933572111e+01 6.475433567006957958e+01 6.355869160132623108e+01 6.236793296178768742e+01 6.118637563540589497e+01 6.001087133930528239e+01 5.884203347747281043e+01 5.768232773964552251e+01 5.652965675033185988e+01 5.538583555280132487e+01 5.425033198988562333e+01 5.312409952690720161e+01 5.200688502491510690e+01 5.089990476452583579e+01 4.980250550536212728e+01 4.871597457201974635e+01 4.763892776196900769e+01 4.657320238792242861e+01 4.551856247117004273e+01 4.447478453606902349e+01 4.344282902529674573e+01 4.242290867923108522e+01 4.141528694375256237e+01 4.041961940937377307e+01 3.943621203324775593e+01 3.846567445462368795e+01 3.750824103925434372e+01 3.656366983712710805e+01 3.563272362426344131e+01 3.471459113954066567e+01 3.381132484165502206e+01 3.292062866132386034e+01 3.204477932863970580e+01 3.118269655031958720e+01 3.033571417493836719e+01 2.950223678761206969e+01 2.868386733312293657e+01 2.788042454891441935e+01 2.709130262901924269e+01 2.631695342521854641e+01 2.555700720594250441e+01 2.481377051961828428e+01 2.408532596240227264e+01 2.337090742642448049e+01 2.267297369950910380e+01 2.199023515908381654e+01 2.132271716844730136e+01 2.067114465015450619e+01 2.003453169530503430e+01 1.941417844040384111e+01 1.878077200058388030e+01 1.818296066171555125e+01 1.763640123569407692e+01 1.707792348365959612e+01 1.653537406802264442e+01 1.600815653021329155e+01 1.549708868911625714e+01 1.500175412522970575e+01 1.452285047542862806e+01 1.405959667714230577e+01 1.361310415202787638e+01 1.318280295609595143e+01 1.276970570538465921e+01 1.237345249047267970e+01 1.199482259098630976e+01 1.163397629092514052e+01 1.129205011916616286e+01 1.096899476043828869e+01 1.066712107023479739e+01 1.038742104581654679e+01 1.013079310827295032e+01 9.899863233408968455e+00 9.698265205442025305e+00 9.529000560239818896e+00 9.400983941605534966e+00 9.311261505418100271e+00 9.277465344667801261e+00 9.308531582082846256e+00 9.420451111308681291e+00 9.634156952947947161e+00 9.976757049800188071e+00 1.048543554548245815e+01 1.120424610725719816e+01 1.218530611668278141e+01 1.348207998908813643e+01
7.675965685381773085e+01 7.794826530403649656e+01 7.913760490591526775e+01 8.032797796208502916e+01 8.151726170753489953e+01 8.270335278418870928e+01 8.388454404083873328e+01 8.505735071503902134e+01 8.621601522711991095e+01 8.735331897834902293e+01 8.845129796959182045e+01 8.947309893050083929e+01 9.030937454981906853e+01 1.000000000000000000e+02 1.000000000000000000e+02 1.000000000000000000e+02 1.000000000000000000e+02 1.000000000000000000e+02 9.000954129814692806e+01 8.907521913302939254e+01 8.800022287037927526e+01 8.686181552350392110e+01 8.568816280758359483e+01 8.449260576846656079e+01 8.328522308181291578e+01 8.206887618494739911e+01 8.084738080477372080e+01 7.962134987560179411e+01 7.839403920613533217e+01 7.716634492405022172e+01 7.593952714091716416e+01 7.471396141700883220e+01 7.348991550101676751e+01 7.226779092525524106e+01 7.105008579926706602e+01 6.983539627763495616e+01 6.862498652497383489e+01 6.741893687406100355e+01 6.621814263206840678e+01 6.502160999052154011e+01 6.383120930906412127e+01 6.264716063067157137e+01 6.147015153920780506e+01 6.029932567843525248e+01 5.913588929034892061e+01 5.798030918917782373e+01 5.683199613563678554e+01 5.569217702522737312e+01 5.456030900633097502e+01 5.343717146791507844e+01 5.232358565417356289e+01 5.121921959784025802e+01 5.012466228564142057e+01 4.904030514905800686e+01 4.796606178716484692e+01 4.690174496781401103e+01 4.584886016412455234e+01 4.480665309235698146e+01 4.377575624349838534e+01 4.275627607542786990e+01 4.174962149776079912e+01 4.075374120708959680e+01 3.977099158920890432e+01 3.880016624610517084e+01 3.784221062820096648e+01 3.689748248793193142e+01 3.596537583779043956e+01 3.504628135123613930e+01 3.414128414543316126e+01 3.324967922370364448e+01 3.237068647882921368e+01 3.150776536228690006e+01 3.065825576723174706e+01 2.982235870310371340e+01 2.900110824876520610e+01 2.819443503054855782e+01 2.740223179113953123e+01 2.662499401140400224e+01 2.586236955909617663e+01 2.511468630774190558e+01 2.438203111194751216e+01 2.366428131371505117e+01 2.296247932529544755e+01 2.227497718806519345e+01 2.160286018701074084e+01 2.094655624370212976e+01 2.030411656426578304e+01 1.967955413260087383e+01 1.906932825372757989e+01 1.844767036517889380e+01 1.786009551819059027e+01 1.731069740254389444e+01 1.677314617780270112e+01 1.624012813123848531e+01 1.572249911394895072e+01 1.522096184138891317e+01 1.473482191049895107e+01 1.426442092212516499e+01 1.381022398069229240e+01 1.337259773403244267e+01 1.295026022109149189e+01 1.254573845468786075e+01 1.215755874129660441e+01 1.178661372361887771e+01 1.143346459174057195e+01 1.109881998931100355e+01 1.078337420515148537e+01 1.048834264129322413e+01 1.021472299737627942e+01 9.964102234889161025e+00 9.739859582101606961e+00 9.543210380247291624e+00 9.379308152416331978e+00 9.255759177090027379e+00 9.170550418383760061e+00 9.139659271889078340e+00 9.173382038575672581e+00 9.287092338178204898e+00 9.501113663083859961e+00 9.843009721372375509e+00 1.034947979478703139e+01 1.106499399760920710e+01 1.204241245760069390e+01 1.333531054085589318e+01
7.806117772963870038e+01 7.924141813041579496e+01 8.042285941604924915e+01 8.160180338585276161e+01 8.277857742697347021e+01 8.395011656562780900e+01 8.511386937686930310e+01 8.626398484711734227e+01 8.739218197688168743e+01 8.848115199960956545e+01 8.949463125439544342e+01 9.032916928789252609e+01 1.000000000000000000e+02 1.000000000000000000e+02 1.000000000000000000e+02 1.000000000000000000e+02 1.000000000000000000e+02 9.007195597193491210e+01 8.915473930854483342e+01 8.809276979883071590e+01 8.696442167741076901e+01 8.580134163006188430e+01 8.461589675735299920e+01 8.341754487870171886e+01 8.220953482636548415e+01 8.099780756252872038e+01 7.978028902083687512e+01 7.856228050478082992e+01 7.734264262011035385e+01 7.612332272940314226e+01 7.490574625093802297e+01 7.368981844442086526e+01 7.247589251793078802e+01 7.126435396545289791e+01 7.005688072238740460e+01 6.885284986248969119e+01 6.765354995227332324e+01 6.645987733675593745e+01 6.527011788499993372e+01 6.408589368586238777e+01 6.290738885545464143e+01 6.173566318095886629e+01 6.057017177025012700e+01 5.941072572376473460e+01 5.826017629664224273e+01 5.711719367707777906e+01 5.598067153851368971e+01 5.485358460018370153e+01 5.373395707928746390e+01 5.262361680471880732e+01 5.152223656400754237e+01 5.043121530344100023e+01 4.934883397153183893e+01 4.827725681310865014e+01 4.721550115924444668e+01 4.616449080942947347e+01 4.512386591267091518e+01 4.409422976840929920e+01 4.307720537102724734e+01 4.207020707038452656e+01 4.107552325194742338e+01 4.009281838197441772e+01 3.912222697962043583e+01 3.816376265603636853e+01 3.721875925222853709e+01 3.628626173301621094e+01 3.536676175849503778e+01 3.446057086505124545e+01 3.356775805787592049e+01 3.268841595532306599e+01 3.182295861153494698e+01 3.097125628667527408e+01 3.013339919193516181e+01 2.930987959001118881e+01 2.850045237508707174e+01 2.770594125953896736e+01 2.692502426870913013e+01 2.616001337663488258e+01 2.540912583359822463e+01 2.467326990623265459e+01 2.395161988370708883e+01 2.324511478850840263e+01 2.255436518452634687e+01 2.187774031472618930e+01 2.121674362154968208e+01 2.057051477337136092e+01 1.994001847862001497e+01 1.932556719103469689e+01 1.872510848604551725e+01 1.812378495694432345e+01 1.753771702275239619e+01 1.698637458403744560e+01 1.646935639370905591e+01 1.594575995176171723e+01 1.543778809116624906e+01 1.494559718709116325e+01 1.446894128292278658e+01 1.400741227301168834e+01 1.356212240718835993e+01 1.313286963604614144e+01 1.271949146848390200e+01 1.232247052032350254e+01 1.194237285806228854e+01 1.157889769414349779e+01 1.123394094294366496e+01 1.090641715410974832e+01 1.059823324614514917e+01 1.030986185409739164e+01 1.004300918277560939e+01 9.799032598728752319e+00 9.580253381937575696e+00 9.389716494379729994e+00 9.230646410709763217e+00 9.111271437993195832e+00 9.030282310384606603e+00 9.003286488008043875e+00 9.039859681973972272e+00 9.155178479797731583e+00 9.369817247236477797e+00 9.711459603947957930e+00 1.021585252223812290e+01 1.092850786759583848e+01 1.190199537069193170e+01 1.319140155844008611e+01
7.936408321444694991e+01 8.053573041825021050e+01 8.170668449909518927e+01 8.287340439863197616e+01 8.403667736681836686e+01 8.519073166658121465e+01 8.633158017749765634e+01 8.744964522277348351e+01 8.852964522407835091e+01 8.953479188782380049e+01 9.035999082476837430e+01 1.000000000000000000e+02 1.000000000000000000e+02 1.000000000000000000e+02 1.000000000000000000e+02 1.000000000000000000e+02 9.011935326886407438e+01 8.921560383867040400e+01 8.816418760092329876e+01 8.704626516995593022e+01 8.589273233332033897e+01 8.471784439719225190e+01 8.352859937511563260e+01 8.232975506759539996e+01 8.112528195644999585e+01 7.991720982515732885e+01 7.870806871216305467e+01 7.749673032130499450e+01 7.628607607049930550e+01 7.507608954348378916e+01 7.386869029024862243e+01 7.266188845755554837e+01 7.145853495632802321e+01 7.025819068622418229e+01 6.906183737363933517e+01 6.786853585585635074e+01 6.668159967027216339e+01 6.549762551282356071e+01 6.432018488952473945e+01 6.314761513325449016e+01 6.198175285325169170e+01 6.082187868279505238e+01 5.966822842639690805e+01 5.852267885829762406e+01 5.738310794762371359e+01 5.625161186872655605e+01 5.512848298448867013e+01 5.401335853824112121e+01 5.290701940459023689e+01 5.180936590334774650e+01 5.072137429268082087e+01 4.964223060401219101e+01 4.857366520950936462e+01 4.751394204153395151e+01 4.646438777312003054e+01 4.542716263550046563e+01 4.439950754581538916e+01 4.338181915106768116e+01 4.237671772641812140e+01 4.138357058008346456e+01 4.040187520050122316e+01 3.943141101184013309e+01 3.847373828415528152e+01 3.752891184816611059e+01 3.659557033505932111e+01 3.567623831620050368e+01 3.476943378925396644e+01 3.387532365995161854e+01 3.299501599278639219e+01 3.212796845752824737e+01 3.127493503714622136e+01 3.043503037834076608e+01 2.960982121798815214e+01 2.879799904418229772e+01 2.800057702093135958e+01 2.721824136368967828e+01 2.644966403181645376e+01 2.569550926906861577e+01 2.495678266806705636e+01 2.423193649448632669e+01 2.352184938059347274e+01 2.282712014960139868e+01 2.214673085027445509e+01 2.148190536580638721e+01 2.083082517750743889e+01 2.019645821562981070e+01 1.957658411907903329e+01 1.897229542279044168e+01 1.838264384989286526e+01 1.780073759646771947e+01 1.721651965077947111e+01 1.666412420121384841e+01 1.616703183527273779e+01 1.565194446139984663e+01 1.515439126039872519e+01 1.467114388708191619e+01 1.420335971534966113e+01 1.375117803421491658e+01 1.331459622963948597e+01 1.289406844332734536e+01 1.248886723815676447e+01 1.210055959982979701e+01 1.172842793637290981e+01 1.137305059788261730e+01 1.103535620720573718e+01 1.071534390218443811e+01 1.041385063383519771e+01 1.013269115180629498e+01 9.872599754443800890e+00 9.634718526090757962e+00 9.421883035202894163e+00 9.236885123368487882e+00 9.083321998832216693e+00 8.968579801003285112e+00 8.891790349355099821e+00 8.868098157404070037e+00 8.907173230085929205e+00 9.024417120230953770e+00 9.240135959987060943e+00 9.581517516676596458e+00 1.008430807587603617e+01 1.079436133341474857e+01 1.176444510157681478e+01 1.305040082975512661e+01
8.066859094752703641e+01 8.182989288221479285e+01 8.298869793981076270e+01 8.414203033464380610e+01 8.528674343388472323e+01 8.641755863381830238e+01 8.752685020152293305e+01 8.859608829064744384e+01 8.958956513881540218e+01 9.040156521006656476e+01 1.000000000000000000e+02 1.000000000000000000e+02 1.000000000000000000e+02 1.000000000000000000e+02 1.000000000000000000e+02 9.015346236641700273e+01 8.925793786451279743e+01 8.821603458588107571e+01 8.710792814728985434e+01 8.596329010164153317e+01 8.479727950368179279e+01 8.361657790348114361e+01 8.242819260623618050e+01 8.123245539514790892e+01 8.003340043716730179e+01 7.883193008905982424e+01 7.762945310165831359e+01 7.642701358934232303e+01 7.522569381308561276e+01 7.402543092087992704e+01 7.282699067758498757e+01 7.163125211332108222e+01 7.043843968003068312e+01 6.924892421772143791e+01 6.806329932324346998e+01 6.688339531097278723e+01 6.570599883030831734e+01 6.453478498337334202e+01 6.336861022982647285e+01 6.220833270853933783e+01 6.105399403400919311e+01 5.990652534294258658e+01 5.876575256700866845e+01 5.763179797172082175e+01 5.650539636107292552e+01 5.538657101388078985e+01 5.427566260559552802e+01 5.317396207190559210e+01 5.207966346668007418e+01 5.099480150795297106e+01 4.991941764465737918e+01 4.885338121577175485e+01 4.779675202235193865e+01 4.675049710997232211e+01 4.571486215001859676e+01 4.468964716092831679e+01 4.367416919117083296e+01 4.267051854038314929e+01 4.167799148867786840e+01 4.069783063668776890e+01 3.972851633081451439e+01 3.877096132527627503e+01 3.782660058231227396e+01 3.689336005441962385e+01 3.597374441762703867e+01 3.506654190866635190e+01 3.417171994560608539e+01 3.329116518558381443e+01 3.242306642338511580e+01 3.156853157505332774e+01 3.072731681716973640e+01 2.989982545247758949e+01 2.908719360793963205e+01 2.828760396216317829e+01 2.750238948309931075e+01 2.673119028673356468e+01 2.597387625865624727e+01 2.523239259758776143e+01 2.450500448967738265e+01 2.379162612817866673e+01 2.309308266153492539e+01 2.240967305572618784e+01 2.174071703179048143e+01 2.108700209478837451e+01 2.044804287647547980e+01 1.982350099597616122e+01 1.921434749850086021e+01 1.862008125822468685e+01 1.804117562082057091e+01 1.747710988977518909e+01 1.689686396016327663e+01 1.635358292778176192e+01 1.586517057046019730e+01 1.536050779384604503e+01 1.487151965944026877e+01 1.439770151073743776e+01 1.393921109109603762e+01 1.349602082788098301e+01 1.306772888413602018e+01 1.265585900136948538e+01 1.225980713056585891e+01 1.187913160423710224e+01 1.151528019334472397e+01 1.116772902949684187e+01 1.083750672824178629e+01 1.052494294495090976e+01 1.023088403110462608e+01 9.956230180187663592e+00 9.702643539106393433e+00 9.471381484689178620e+00 9.264425682000565487e+00 9.084810172791634386e+00 8.936361316038720304e+00 8.823746458458680664e+00 8.753947027272312553e+00 8.734285884289560542e+00 8.776092641605149680e+00 8.895382023479825762e+00 9.111946894741340230e+00 9.453113531149060833e+00 9.954837360706713767e+00 1.066199701385474086e+01 1.162898682201909395e+01 1.291226273342128650e+01
8.197166258106689440e+01 8.312166700424891985e+01 8.426547911518255773e+01 8.540169736580689630e+01 8.652263461710568038e+01 8.762113612941065810e+01 8.868003436674449347e+01 8.966111730953194581e+01 9.045295367198325209e+01 1.000000000000000000e+02 1.000000000000000000e+02 1.000000000000000000e+02 1.000000000000000000e+02 1.000000000000000000e+02 9.017347692365287060e+01 8.928282088670559347e+01 8.824847389169258349e+01 8.714823733807486406e+01 8.601302737970304690e+01 8.485610561622054604e+01 8.368459611426932554e+01 8.250457756399336517e+01 8.131819728714995676e+01 8.012750048921716939e+01 7.893455932525270669e+01 7.774125922218000539e+01 7.654738765414631985e+01 7.535425997094846196e+01 7.416192815718127918e+01 7.297176985915783121e+01 7.178364585167831535e+01 7.059827113914418817e+01 6.941644185554214630e+01 6.823824696418292035e+01 6.706450037009456366e+01 6.589463155055747734e+01 6.472910986171743275e+01 6.357004017199734136e+01 6.241562743969026883e+01 6.126750033975164911e+01 6.012594401054578697e+01 5.899059893632767881e+01 5.786143560189324830e+01 5.674053077916805421e+01 5.562689181007417716e+01 5.452073942332739875e+01 5.342291015103051421e+01 5.233294389950520298e+01 5.125214918891018101e+01 5.018025490371946518e+01 4.911769447036572700e+01 4.806453679811860979e+01 4.702068344905010377e+01 4.598719488444610448e+01 4.496367478102450832e+01 4.395184290875013033e+01 4.294999045813282379e+01 4.195920830712387328e+01 4.097965301628077839e+01 4.001227802745229667e+01 3.905520126006059201e+01 3.811124656859836790e+01 3.717874947221198312e+01 3.625909289051152484e+01 3.535164960317691651e+01 3.445754030712034677e+01 3.357559776349098257e+01 3.270695036410645429e+01 3.185208605509891555e+01 3.101000307080700225e+01 3.018119445517042365e+01 2.936652991063993667e+01 2.856462503610972448e+01 2.777811977331906590e+01 2.700475765020388152e+01 2.624578451108020616e+01 2.550104674909690061e+01 2.477025991068709843e+01 2.405499518911564749e+01 2.335286737817908786e+01 2.266567163958443842e+01 2.199403028040470787e+01 2.133622489607154193e+01 2.069322570131921779e+01 2.006468580034404070e+01 1.945115077504070555e+01 1.885296425021187972e+01 1.826889097771435644e+01 1.770047430291564794e+01 1.714624499569276139e+01 1.657760720890686201e+01 1.604483748613171201e+01 1.556433099860237235e+01 1.506991056919981808e+01 1.459014120060868613e+01 1.412576006519984340e+01 1.367607325551628605e+01 1.324200587476360624e+01 1.282260959736599659e+01 1.241940380972007496e+01 1.203111728921094681e+01 1.165909325796528151e+01 1.130315609950426392e+01 1.096348930275902234e+01 1.064053430358300467e+01 1.033544170184779176e+01 1.004842359959446974e+01 9.780483389815319839e+00 9.533742856168746727e+00 9.308825538065534033e+00 9.107883831938600849e+00 8.933920628412527876e+00 8.790952226896775912e+00 8.682739629865498188e+00 8.617344853072872013e+00 8.601241689799799417e+00 8.646137838584788682e+00 8.767539405581359802e+00 8.985331240536964970e+00 9.326634972393478051e+00 9.827118120353095065e+00 1.053231711338341547e+01 1.149672446259968339e+01 1.277695820386654013e+01
8.327211167287043736e+01 8.440705493449263486e+01 8.553336300282458637e+01 8.664472181907625270e+01 8.773361098708227246e+01 8.877972094699042316e+01 8.974616431286868590e+01 9.051304520613850002e+01 1.000000000000000000e+02 1.000000000000000000e+02 1.000000000000000000e+02 1.000000000000000000e+02 1.000000000000000000e+02 9.017949791598734066e+01 8.929011798114080989e+01 8.826207067412921958e+01 8.717018020333856043e+01 8.604264600648933481e+01 8.489389172103687997e+01 8.373143628349535561e+01 8.255993353369723309e+01 8.138291462609086580e+01 8.020113279728613520e+01 7.901709665822794193e+01 7.783123706170806599e+01 7.664545771534953644e+01 7.546049570527107164e+01 7.427720322890306193e+01 7.309477249302204882e+01 7.191450950087724436e+01 7.073733217510522309e+01 6.956301923042475721e+01 6.839195846493197450e+01 6.722505465499062893e+01 6.606300140289266665e+01 6.490462774791822653e+01 6.375184307066412970e+01 6.260463062011558577e+01 6.146189484633788425e+01 6.032633899681682976e+01 5.919699199105126297e+01 5.807350383167133856e+01 5.695720089405183018e+01 5.584921514499279027e+01 5.474762600428121573e+01 5.365435884599624217e+01 5.256904142032624350e+01 5.149242398297297996e+01 5.042427940136675346e+01 4.936532208953308043e+01 4.831544302368225630e+01 4.727512741669632845e+01 4.624436455335647622e+01 4.522364450515404855e+01 4.421431206575942952e+01 4.321497698842465951e+01 4.222616980861878488e+01 4.124855444823683115e+01 4.028142795261191367e+01 3.932658343356499131e+01 3.838329186624955724e+01 3.745255209394102991e+01 3.653293780026203308e+01 3.562550499575176843e+01 3.473127316683169852e+01 3.384987068114120490e+01 3.298050112400747480e+01 3.212446340988175564e+01 3.128180878423940570e+01 3.045192812539172422e+01 2.963571097203823257e+01 2.883362306265557606e+01 2.804453417369593282e+01 2.726929341676592600e+01 2.650765984037255407e+01 2.576138341922678165e+01 2.502877213193193029e+01 2.431002512759388168e+01 2.360556075468771553e+01 2.291532505348298088e+01 2.224000519090332162e+01 2.157898470703380056e+01 2.093209217276356071e+01 2.030047806807705513e+01 1.968327446406903292e+01 1.908013393087064458e+01 1.849216812999006265e+01 1.791929174205151298e+01 1.736070921734721395e+01 1.681651077124507410e+01 1.625986630770502828e+01 1.573706608079266189e+01 1.525783022531031996e+01 1.478050124502756546e+01 1.430996556150642185e+01 1.385479512905918398e+01 1.341445341693001581e+01 1.298924778992147644e+01 1.257813777011951295e+01 1.218381425479260116e+01 1.180388940524120756e+01 1.143990325099719740e+01 1.109202492133967155e+01 1.075991083332954545e+01 1.044472693958290499e+01 1.014689901899487090e+01 9.867124382245206604e+00 9.606251953931144172e+00 9.365945920500362121e+00 9.146430430414664414e+00 8.952227527105849347e+00 8.784201213907483208e+00 8.645897721394579349e+00 8.543183690621491522e+00 8.481756427413444044e+00 8.469600188443715538e+00 8.517518376385313061e+00 8.641117795704500892e+00 8.860004996495064233e+00 9.201969222577300656e+00 9.701712335318756431e+00 1.040512227770440390e+01 1.136658015920334286e+01 1.264445314478926896e+01
8.456589152659034880e+01 8.568250889517723579e+01 8.678431723775436524e+01 8.786168776638352540e+01 8.889613811748442629e+01 8.984538878881755863e+01 9.057875811708301228e+01 1.000000000000000000e+02 1.000000000000000000e+02 1.000000000000000000e+02 1.000000000000000000e+02 1.000000000000000000e+02 9.017196342554778710e+01 8.928070345418380782e+01 8.825649603329222259e+01 8.717143059617406209e+01 8.605142133091085554e+01 8.491139284343596216e+01 8.375739884526683454e+01 8.259404303546023129e+01 8.142525560320778766e+01 8.025290160898921954e+01 7.907811072700476984e+01 7.790055497710000054e+01 7.672346635158567096e+01 7.554757040194428441e+01 7.437141689653046228e+01 7.319780786004038475e+01 7.202534133323901244e+01 7.085544523766796488e+01 6.968909311254921590e+01 6.852565218384376067e+01 6.736663801094735504e+01 6.621126275752274637e+01 6.505980638297579333e+01 6.391335154068966773e+01 6.277307953604400836e+01 6.163716664091196407e+01 6.050786185765559821e+01 5.938428800600388513e+01 5.826721837179346153e+01 5.715646843386608111e+01 5.605255381659247860e+01 5.495705991608299712e+01 5.386849066935783981e+01 5.278810261822710714e+01 5.171556950152725562e+01 5.065202381657199027e+01 4.959684702704115011e+01 4.855060956178720488e+01 4.751359182233891687e+01 4.648665091768990720e+01 4.546941561172491930e+01 4.446152745431536601e+01 4.346511013989184136e+01 4.247809132177221869e+01 4.150321951271731535e+01 4.053799175660876131e+01 3.958435242373583662e+01 3.864307026767321673e+01 3.771272513015271244e+01 3.679360171003875024e+01 3.588735610903186313e+01 3.499370744912580733e+01 3.411173897700919611e+01 3.324300928545898159e+01 3.238658049690018714e+01 3.154283690143129348e+01 3.071269234219560218e+01 2.989566109634915847e+01 2.909224701705269567e+01 2.830175902620726447e+01 2.752550982525232470e+01 2.676248496174891045e+01 2.601375141435200433e+01 2.527856427688378460e+01 2.455785335331914609e+01 2.385096375493293053e+01 2.315779818220927666e+01 2.247945601677364635e+01 2.181545829824534977e+01 2.116551986433905341e+01 2.053008048364750593e+01 1.990957318317509817e+01 1.930350272066485573e+01 1.871115963404925608e+01 1.813391688040471195e+01 1.757129983110603533e+01 1.702317960449901690e+01 1.648994055986953100e+01 1.595048180406716298e+01 1.543032735071464501e+01 1.495062021566693211e+01 1.449128962920070940e+01 1.403097782690473316e+01 1.358492531322522723e+01 1.315400610079806576e+01 1.273648051751468202e+01 1.233542676927397252e+01 1.194888323849131417e+01 1.157797312132778877e+01 1.122202797381349804e+01 1.088204377206430884e+01 1.055800104385263793e+01 1.025001269933791903e+01 9.959521493331624953e+00 9.686779322827376859e+00 9.432956071940434839e+00 9.198885157970316584e+00 8.986376429319475889e+00 8.797645104672968230e+00 8.635072890549455593e+00 8.502317908850576700e+00 8.404287507161578574e+00 8.350133038143392028e+00 8.338782478561878264e+00 8.390203703589961037e+00 8.515929525989152538e+00 8.737023903503015276e+00 9.079203666641289416e+00 9.577948378578870603e+00 1.027968858920820239e+01 1.123911026478936392e+01 1.251470381168224932e+01
8.584695768735952015e+01 8.693974035476961149e+01 8.800590928880873776e+01 8.902637306918992977e+01 8.995580706578662955e+01 9.064524497966655758e+01 1.000000000000000000e+02 1.000000000000000000e+02 1.000000000000000000e+02 1.000000000000000000e+02 1.000000000000000000e+02 9.014989304536919690e+01 8.925368506969419968e+01 8.823269762723980136e+01 8.715350945060809806e+01 8.604129297810658272e+01 8.490792994835716456e+01 8.376371684876231427e+01 8.260847809855042101e+01 8.144873827130854238e+01 8.028380492061589280e+01 7.911773942735970877e+01 7.794922778891155701e+01 7.678085783829490651e+01 7.561289736003075745e+01 7.444496625712429250e+01 7.327923617462656125e+01 7.211549363723990780e+01 7.095395609283703209e+01 6.979469461965739185e+01 6.863969170717048485e+01 6.748728011212044464e+01 6.633916719400471607e+01 6.519576525692056634e+01 6.405661334224508607e+01 6.292233981256016762e+01 6.179343941404876972e+01 6.067044448980316673e+01 5.955327352126538187e+01 5.844208694060848330e+01 5.733711666591870681e+01 5.623874467961699963e+01 5.514859003251039127e+01 5.406536278045231114e+01 5.298903811662457741e+01 5.192191620613155578e+01 5.086148266745306046e+01 4.981173964433695289e+01 4.877011842949306697e+01 4.773642772226498465e+01 4.671294936961714939e+01 4.569852482348538558e+01 4.469400900009691213e+01 4.370014989366820402e+01 4.271657659810527008e+01 4.174324431025556947e+01 4.078043394506596542e+01 3.982891196765211106e+01 3.888861299589625276e+01 3.795912872472959521e+01 3.704230144852258633e+01 3.613682786992276874e+01 3.524361479635792449e+01 3.436251834267503114e+01 3.349334304719099009e+01 3.263738643153997288e+01 3.179334712684247677e+01 3.096340369751388977e+01 3.014527129969432195e+01 2.934109135972945381e+01 2.854948448229605162e+01 2.777174472015991924e+01 2.700744378517083533e+01 2.625706431992276180e+01 2.552018132066121581e+01 2.479725842500952737e+01 2.408756972852311762e+01 2.339263293158118273e+01 2.271149576532469538e+01 2.204471159559507853e+01 2.139205513978212991e+01 2.075395429311254247e+01 2.012963329625544517e+01 1.951969033607321435e+01 1.892401486351247186e+01 1.834299688882818913e+01 1.777661052896117866e+01 1.722411730749243830e+01 1.668655877501661422e+01 1.616330601866693328e+01 1.564150948118409090e+01 1.512533240528414247e+01 1.464538223199236455e+01 1.420477529749194545e+01 1.375329203417367019e+01 1.331679247247101827e+01 1.289421269086430399e+01 1.248679789998999823e+01 1.209409540453998488e+01 1.171582559328522244e+01 1.135317505801632976e+01 1.100508580841611561e+01 1.067253081590909858e+01 1.035661166067922778e+01 1.005639833914416847e+01 9.773106766671102008e+00 9.507405520277966815e+00 9.260130135651190031e+00 9.032789147039920863e+00 8.826665640407426849e+00 8.643863246052774230e+00 8.487059833581412249e+00 8.359272404246176791e+00 8.266617887768990869e+00 8.216912502064433355e+00 8.209495279175527571e+00 8.263610828167111677e+00 8.392476258213699580e+00 8.614745845391770018e+00 8.957478035650057180e+00 9.456612405257036613e+00 1.015654050077163717e+01 1.111376809951337741e+01 1.238767661271029752e+01
8.710887344225234585e+01 8.816404640109347213e+01 8.916978165861615935e+01 9.007741956242585957e+01 9.070597915220204754e+01 1.000000000000000000e+02 1.000000000000000000e+02 1.000000000000000000e+02 1.000000000000000000e+02 1.000000000000000000e+02 9.011282215304882470e+01 8.920930293634090447e+01 8.819094530291766887e+01 8.711653860535409422e+01 8.601127195280579940e+01 8.488689869963532431e+01 8.374934850875241921e+01 8.260261954177498467e+01 8.145095932737382327e+01 8.029544746336127048e+01 7.913740427655051235e+01 7.797765790317798462e+01 7.681748192534054454e+01 7.565713784182850077e+01 7.449878389414487856e+01 7.334092122182960338e+01 7.218576851213313716e+01 7.103143552440339192e+01 6.988067683892427340e+01 6.873329510899807815e+01 6.758912346575833396e+01 6.644798523954395364e+01 6.531218411290429060e+01 6.418002483645049949e+01 6.305255103719080978e+01 6.193007133017118804e+01 6.081360273197309141e+01 5.970330099112142364e+01 5.859753324875158853e+01 5.749896374281313882e+01 5.640737327640557197e+01 5.532182370880796185e+01 5.424434299268615689e+01 5.317358689441388009e+01 5.211074476117736509e+01 5.105674027335014387e+01 5.000943667523969083e+01 4.897194254032540783e+01 4.794342310747789071e+01 4.692326374018009005e+01 4.591257864186479054e+01 4.491139708870809244e+01 4.392050893514629450e+01 4.293996291034645196e+01 4.196877104485159293e+01 4.100898195777576660e+01 4.005959276761409171e+01 3.912083524504473075e+01 3.819374203901639930e+01 3.727779587686459450e+01 3.637366961544314137e+01 3.548130692294202504e+01 3.460065050142999610e+01 3.373208706231638132e+01 3.287607927005755926e+01 3.203335806223169868e+01 3.120226107849949315e+01 3.038457976639313785e+01 2.957909832551170837e+01 2.878719535465964441e+01 2.800870779662760768e+01 2.724284424655980530e+01 2.649148820551389250e+01 2.575285482479897681e+01 2.502806243529559538e+01 2.431727589181411631e+01 2.361914184406813533e+01 2.293657673406535125e+01 2.226682029010108721e+01 2.161201152375832280e+01 2.097020636382535130e+01 2.034344648755899243e+01 1.973062834024361578e+01 1.913145550379107362e+01 1.854726764469196709e+01 1.797630270890816462e+01 1.742056583708773232e+01 1.687883992671698152e+01 1.635185754848491513e+01 1.583874767041754161e+01 1.533475464948958944e+01 1.482177577522746326e+01 1.434231729517567722e+01 1.391892380158388320e+01 1.347708565762901856e+01 1.304933238244755422e+01 1.263616017302218175e+01 1.223743055928051504e+01 1.185345391439389573e+01 1.148370054094494108e+01 1.112928593574600278e+01 1.078939346450343884e+01 1.046503729386103387e+01 1.015662173276336055e+01 9.863567576958509164e+00 9.587580459564836843e+00 9.328806492709063036e+00 9.089067535925998698e+00 8.868189130094439321e+00 8.668245817035625578e+00 8.491400304448436742e+00 8.340176286392186000e+00 8.218075301707393976e+00 8.129667608754932218e+00 8.084416918739211866e+00 8.081270744507785153e+00 8.138957636577126564e+00 8.270310435120675763e+00 8.494073494860533202e+00 8.838025107232727606e+00 9.336544263658764109e+00 1.003576677692075236e+01 1.099141360804957124e+01 1.226335464612385806e+01
8.833507447823696168e+01 8.932507106323060952e+01 9.020694795822463163e+01 1.000000000000000000e+02 1.000000000000000000e+02 1.000000000000000000e+02 1.000000000000000000e+02 1.000000000000000000e+02 1.000000000000000000e+02 9.006167165013717124e+01 8.914853335373427967e+01 8.813084666200589368e+01 8.706228533149140958e+01 8.596281832883181551e+01 8.484505216718085308e+01 8.371579451123305660e+01 8.257744460277504572e+01 8.143398575612650347e+01 8.028618428582740307e+01 7.913702503967385837e+01 7.798551911982096385e+01 7.683403928350311674e+01 7.568278734202442593e+01 7.453189872850907705e+01 7.338300038227633593e+01 7.223495258865624180e+01 7.108937866310661491e+01 6.994626254234766805e+01 6.880606588284594238e+01 6.766974176219142123e+01 6.653696941418817801e+01 6.540843596513953173e+01 6.428301740906449879e+01 6.316343057363468461e+01 6.204795502566729226e+01 6.093804528900284367e+01 5.983358303819801449e+01 5.873557041998223127e+01 5.764210255959980600e+01 5.655671110850253314e+01 5.547722172363008042e+01 5.440486316187544702e+01 5.334033450193664549e+01 5.228228725205508454e+01 5.123241207339363967e+01 5.019153839023133656e+01 4.915802351218303556e+01 4.813339669601340631e+01 4.711763313183661950e+01 4.611059968046284041e+01 4.511336403722463473e+01 4.412574504680178933e+01 4.314776797763361316e+01 4.218006944341558295e+01 4.122226352686153916e+01 4.027559209106228622e+01 3.933949122572845170e+01 3.841433977189758764e+01 3.749995328837741937e+01 3.659730009938488848e+01 3.570662443006836639e+01 3.482733121157897926e+01 3.395952916178936931e+01 3.310448445384407279e+01 3.226134165608727500e+01 3.143063074542444824e+01 3.061241023688757679e+01 2.980725888153297376e+01 2.901500041207966163e+01 2.823578208699321124e+01 2.746925427169004763e+01 2.671623030841426782e+01 2.597659465581554272e+01 2.525038224701355816e+01 2.453742752592905774e+01 2.383857988698980890e+01 2.315326039072274256e+01 2.248174705342057678e+01 2.182434150978386356e+01 2.118025618713947722e+01 2.055040593403367666e+01 1.993474848496118312e+01 1.933319300369927873e+01 1.874484093908911220e+01 1.817162148056517168e+01 1.761179606149030263e+01 1.706649150019811145e+01 1.653481580028972786e+01 1.601823241654214414e+01 1.551525421753482448e+01 1.502730168040909930e+01 1.451943620945050917e+01 1.404916620567142616e+01 1.363487968466389155e+01 1.320179446130418377e+01 1.278337200153523057e+01 1.237884154991808572e+01 1.198946573278350058e+01 1.161427817212457114e+01 1.125311412232263919e+01 1.090660729195887058e+01 1.057497649854347621e+01 1.025838282264990298e+01 9.957345003360728697e+00 9.672410170085765202e+00 9.403584247017915843e+00 9.151892491235436466e+00 8.918477056189432872e+00 8.704172598096992175e+00 8.510424474541956386e+00 8.339770075456144127e+00 8.194079769692674375e+00 8.077570308824544298e+00 7.994050797401708763e+00 7.953506540928689361e+00 7.953763007164749155e+00 8.015114020453129484e+00 8.148697280123705866e+00 8.374995547655395001e+00 8.719379516279024855e+00 9.218767802885496465e+00 9.916899742446361188e+00 1.087085680541236599e+01 1.214168133382865733e+01
8.949131172520978339e+01 9.034138908238364252e+01 1.000000000000000000e+02 1.000000000000000000e+02 1.000000000000000000e+02 1.000000000000000000e+02 1.000000000000000000e+02 9.065956053829447114e+01 8.999304199037577234e+01 8.907081481088103203e+01 8.805409543189959720e+01 8.698887941842686189e+01 8.589612422778075995e+01 8.478550473936753917e+01 8.366293060582556507e+01 8.253293683284945814e+01 8.139734576421676593e+01 8.025837421361318036e+01 7.911643491766852776e+01 7.797398269149181260e+01 7.683116736837287419e+01 7.568710641459466615e+01 7.454520701312384290e+01 7.340441759755036344e+01 7.226452554305473086e+01 7.112700743593865127e+01 6.999228631732843553e+01 6.886063655073293432e+01 6.773237028039352481e+01 6.660675866171087023e+01 6.548508247629612811e+01 6.436702360346862406e+01 6.325488497961684686e+01 6.214697108907870415e+01 6.104359481311196589e+01 5.994607122777290442e+01 5.885379746563879166e+01 5.776833856545390233e+01 5.668838159959610579e+01 5.561498083105544765e+01 5.454830850701020495e+01 5.348882678975071769e+01 5.243654681741320900e+01 5.139229233948431386e+01 5.035599312634712987e+01 4.932713173333675627e+01 4.830715689074693842e+01 4.729540230126094968e+01 4.629326729640462901e+01 4.529884529696470707e+01 4.431548673436122243e+01 4.334123254383105461e+01 4.237640547359337262e+01 4.142171265084870413e+01 4.047762989439561920e+01 3.954426823211692721e+01 3.862118443880446961e+01 3.770897676634954365e+01 3.680840307634686326e+01 3.591836935083122739e+01 3.504085287886194067e+01 3.417460261666525412e+01 3.331996529823453557e+01 3.247739682277603634e+01 3.164770593521291175e+01 3.083023296814252490e+01 3.002466460223263311e+01 2.923117758165659907e+01 2.845233456012824647e+01 2.768535702786875063e+01 2.693192448678433237e+01 2.619136855468223857e+01 2.546380753315102652e+01 2.474983091182254569e+01 2.404892492321508612e+01 2.336242007837576651e+01 2.268876528205344556e+01 2.202926722950576632e+01 2.138319331316537131e+01 2.075081502087599006e+01 2.013203760616254456e+01 1.952802047949525743e+01 1.893735702610272043e+01 1.836052277363357987e+01 1.779728320879163661e+01 1.724870065804211450e+01 1.671382835451340299e+01 1.619321227957677323e+01 1.568652012885374347e+01 1.519324931443591886e+01 1.471490978560417950e+01 1.421871804555986429e+01 1.375818864251555596e+01 1.335216321389021132e+01 1.292915487974694067e+01 1.251968419384022013e+01 1.212415086418043941e+01 1.174315437497158676e+01 1.137631896401433096e+01 1.102341251556506663e+01 1.068515213454824853e+01 1.036160793434530802e+01 1.005311769101036035e+01 9.759776282601285047e+00 9.482014662770211544e+00 9.220415445251994413e+00 8.975814783054126167e+00 8.749213388186005247e+00 8.541011001157238880e+00 8.353776459966411494e+00 8.189031049342910151e+00 8.049374931490039131e+00 7.937871706274746586e+00 7.859502280910879435e+00 7.823168770911825831e+00 7.827971648932196658e+00 7.892797784263883010e+00 8.029015046891064600e+00 8.257606526691363413e+00 8.603194773540268514e+00 9.102267666146090619e+00 9.800165441575380498e+00 1.075266039552541564e+01 1.202264668997590213e+01
9.047737364976642027e+01 1.000000000000000000e+02 1.000000000000000000e+02 1.000000000000000000e+02 1.000000000000000000e+02 1.000000000000000000e+02 9.062782207721646444e+01 8.990972794735607465e+01 8.897762258441510141e+01 8.795983936932398706e+01 8.689863949698258239e+01 8.581060755423220598e+01 8.470682954330457903e+01 8.359230248133057728e+01 8.246973636387215834e+01 8.134214641063793749e+01 8.021090066560637410e+01 7.907804956204161329e+01 7.794311048844066647e+01 7.680851658745257282e+01 7.567352053961546687e+01 7.453931845209551454e+01 7.340616759287826198e+01 7.227484102800541166e+01 7.114621288826820944e+01 7.001853248235872229e+01 6.889476871437713612e+01 6.777419389594712129e+01 6.665609439175422324e+01 6.554230314567635673e+01 6.443284657963069151e+01 6.332732740634041591e+01 6.222688633693203997e+01 6.112992051348157219e+01 6.004012082575101772e+01 5.895476952482789557e+01 5.787456653103462401e+01 5.680139846048290764e+01 5.573447334111415330e+01 5.467354315732386993e+01 5.361996367493188131e+01 5.257430678154161541e+01 5.153472432421470728e+01 5.050298445399179315e+01 4.947935048035400030e+01 4.846395454518464163e+01 4.745727865431346970e+01 4.645917897603851543e+01 4.546964961123237714e+01 4.448986773441217935e+01 4.351849131363522361e+01 4.255767075999226279e+01 4.160647817750033539e+01 4.066528505051994813e+01 3.973395969291616581e+01 3.881396338539937574e+01 3.790449069765918466e+01 3.700539942138247085e+01 3.611777881147057201e+01 3.524184803350591721e+01 3.437663120534922001e+01 3.352373071140634408e+01 3.268225575213023149e+01 3.185318178183851501e+01 3.103595337958555689e+01 3.023086869425020140e+01 2.943812615897689611e+01 2.865841442967644781e+01 2.789156815571888259e+01 2.713769389798168419e+01 2.639528702833756668e+01 2.566810370394181362e+01 2.495293450438363791e+01 2.425120363351894781e+01 2.356300980782638632e+01 2.288790116745610348e+01 2.222623192498053157e+01 2.157802045816940151e+01 2.094366864944894502e+01 2.032287799648132420e+01 1.971617701293430969e+01 1.912281683484954442e+01 1.854220629840684964e+01 1.797750201608875287e+01 1.742550610292757796e+01 1.688753637179115685e+01 1.636313623453485988e+01 1.585274062518220362e+01 1.535619582220617474e+01 1.487337262570488328e+01 1.440474926337490480e+01 1.391928313101036352e+01 1.346818700274047309e+01 1.306995993999631267e+01 1.265603982273098005e+01 1.225611926881542502e+01 1.187018300312817587e+01 1.149792884003838545e+01 1.113944256293916091e+01 1.079499771698247912e+01 1.046520556562463611e+01 1.014941792846135726e+01 9.849002308987209631e+00 9.563149270000847579e+00 9.292658996459978837e+00 9.038461191019775853e+00 8.800766105360647629e+00 8.580332145995516413e+00 8.379407424846297303e+00 8.198439146751523410e+00 8.039707491407909856e+00 7.905584369715512594e+00 7.799481643308114442e+00 7.726184230333776881e+00 7.694177642625666280e+00 7.703051801230198947e+00 7.771319258257570084e+00 7.911125729640033910e+00 8.141413496479854572e+00 8.488728787875722048e+00 8.987901633766714582e+00 9.685573995228157429e+00 1.063748679270001318e+01 1.190622254171424999e+01
1.000000000000000000e+02 1.000000000000000000e+02 1.000000000000000000e+02 1.000000000000000000e+02 1.000000000000000000e+02 9.057252224199228863e+01 8.980950545442181010e+01 8.886759167048877828e+01 8.784968184582366746e+01 8.679223905231046388e+01 8.570932541372245339e+01 8.461176597430495860e+01 8.350373549061316680e+01 8.238863647873914431e+01 8.126900312937212334e+01 8.014571787118798341e+01 7.902015420818609925e+01 7.789369782951955301e+01 7.676700757871969927e+01 7.564064358627730655e+01 7.451403374243700739e+01 7.338976726572610687e+01 7.226663395559060632e+01 7.114527193281587358e+01 7.002718988042087744e+01 6.891057130238701234e+01 6.779732484039327289e+01 6.668773492820139381e+01 6.558123717535337960e+01 6.447878633510200075e+01 6.338101992360090264e+01 6.228748030013713333e+01 6.119900906624960157e+01 6.011461852004432416e+01 5.903629599016673524e+01 5.796403272485581937e+01 5.689668609957937662e+01 5.583624217528735301e+01 5.478214463806534695e+01 5.373424004930870979e+01 5.269348700449570089e+01 5.165968906021849705e+01 5.063358340991697304e+01 4.961567519870692422e+01 4.860472882214189383e+01 4.760246063107849324e+01 4.660914916410754216e+01 4.562456791685767143e+01 4.464842630264641343e+01 4.368134044218271583e+01 4.272403725503593819e+01 4.177644587169370993e+01 4.083847519832468720e+01 3.991043686602397855e+01 3.899311270153715014e+01 3.808553105901264502e+01 3.718951973971650204e+01 3.630318601709944204e+01 3.542946528044529231e+01 3.456652010311711365e+01 3.371480499950657617e+01 3.287487769101575452e+01 3.204649746614177985e+01 3.123016624054106671e+01 3.042600732056097712e+01 2.963410376590804773e+01 2.885447721563420131e+01 2.808751147351887667e+01 2.733317816766545150e+01 2.659155188157258465e+01 2.586273846238078633e+01 2.514738011956292496e+01 2.444458341269529811e+01 2.375463928722030360e+01 2.307857880242855231e+01 2.241542445940229911e+01 2.176554829168411231e+01 2.112855584154144140e+01 2.050605324578743804e+01 1.989778267620442165e+01 1.930181226130884653e+01 1.871993718753856939e+01 1.815107570796691405e+01 1.759688568082310312e+01 1.705571526721848485e+01 1.652823098760944731e+01 1.601398784152445742e+01 1.551438739575395864e+01 1.502771968906775335e+01 1.455550615685899984e+01 1.409630570438945618e+01 1.362428972921824233e+01 1.318053224777682075e+01 1.278098509801260896e+01 1.238643800583751897e+01 1.199565882820112783e+01 1.161758572980268234e+01 1.125396295644557298e+01 1.090448204695676537e+01 1.056853057705536791e+01 1.024656903058129842e+01 9.939306733747022449e+00 9.646279048031470182e+00 9.367921639282883461e+00 9.104872109817430115e+00 8.857765592091782381e+00 8.626933135238834538e+00 8.413761682203125147e+00 8.218674731347942242e+00 8.043922433851557585e+00 7.891465641775640805e+00 7.762680015017775048e+00 7.661987169376793361e+00 7.593273597985494838e+00 7.566338790856308449e+00 7.579252032438954956e+00 7.651355528183801269e+00 7.793793345590982469e+00 8.026042155431788672e+00 8.375205961397213628e+00 8.875545368582871575e+00 9.572783212491275506e+00 1.052408756344128626e+01 1.179237486646647071e+01
1.000000000000000000e+02 1.000000000000000000e+02 1.000000000000000000e+02 1.000000000000000000e+02 9.049482907538852317e+01 8.969384246064079491e+01 8.874344991601300592e+01 8.772430365296766297e+01 8.666856359543864130e+01 8.559124852384108806e+01 8.449949400283649936e+01 8.339830089457140616e+01 8.228992450234125045e+01 8.117774248711999974e+01 8.006204815445379097e+01 7.894520438513468719e+01 7.782609443003366323e+01 7.670750332672201921e+01 7.558874982686538146e+01 7.447064851660955753e+01 7.335409218525886388e+01 7.223946639512077184e+01 7.112664322843286868e+01 7.001538885315778771e+01 6.890682039398474501e+01 6.780229252543644236e+01 6.669967615714256226e+01 6.560147395625270406e+01 6.450643097800995918e+01 6.341631424915349413e+01 6.233007852988012587e+01 6.124854483141347572e+01 6.017149029229159396e+01 5.910032538911029576e+01 5.803388902353182743e+01 5.697416600287752431e+01 5.592015366763355644e+01 5.487156320326216274e+01 5.383051939083759407e+01 5.279539683977210274e+01 5.176741426329867579e+01 5.074722955435115779e+01 4.973420257573080505e+01 4.872879331477233222e+01 4.773244717752054100e+01 4.674272895038853193e+01 4.576278649032792600e+01 4.479119193321745485e+01 4.382827791543187601e+01 4.287471281406767076e+01 4.193110536368254060e+01 4.099651707223696206e+01 4.007213720975013871e+01 3.915752760022982670e+01 3.825331859099839704e+01 3.735973866708661717e+01 3.647689228522922633e+01 3.560372975804401108e+01 3.474307871061482444e+01 3.389336386375738641e+01 3.305428571773219204e+01 3.222778538628534761e+01 3.141296421184145515e+01 3.060974614956665363e+01 2.981853996091982140e+01 2.903932587782198738e+01 2.827299247556955919e+01 2.751825195192989426e+01 2.677691118324097985e+01 2.604764746223263572e+01 2.533170153832893234e+01 2.462844728742372524e+01 2.393770108911147432e+01 2.326064605165345611e+01 2.259633517382434320e+01 2.194526133957410607e+01 2.130717874636973619e+01 2.068240313401541641e+01 2.007146738095030258e+01 1.947422745254712240e+01 1.888986928624391126e+01 1.831871255727637404e+01 1.776171419442693633e+01 1.721741564416814185e+01 1.668760123181900568e+01 1.617036547561065873e+01 1.566721672441414626e+01 1.517743254493196758e+01 1.470118134237275953e+01 1.423888843152862904e+01 1.378960143742300559e+01 1.333466822571956989e+01 1.289351376909831970e+01 1.249696765943487620e+01 1.211784218100605592e+01 1.173568495227572583e+01 1.136722901124760376e+01 1.101212118329110190e+01 1.067061088279233161e+01 1.034338771532189405e+01 1.002960419988323437e+01 9.729907204522280750e+00 9.444299057826944122e+00 9.173892655595750512e+00 8.917868102771009831e+00 8.678326421645287780e+00 8.454306186913729704e+00 8.247598357185005113e+00 8.059328546155208883e+00 7.890926347168935706e+00 7.743834596335863907e+00 7.621063966216057750e+00 7.525998461953109953e+00 7.462393799345379719e+00 7.439570611888301599e+00 7.456880730159831216e+00 7.532502585750389557e+00 7.678302723583597000e+00 7.913128171479300477e+00 8.263379136250105006e+00 8.764680069226059800e+00 9.462378727146214530e+00 1.041272729207675063e+01 1.168156114601005591e+01
1.000000000000000000e+02 1.000000000000000000e+02 1.000000000000000000e+02 9.039615136477382862e+01 8.956268458600715121e+01 8.860306663611584099e+01 8.758324437549369179e+01 8.653025828830610067e+01 8.545717802397642515e+01 8.437141639978101182e+01 8.327636082189849276e+01 8.217511229300100695e+01 8.106979385985017927e+01 7.996220757930642264e+01 7.885193055937087081e+01 7.774136134981645796e+01 7.663006172997182830e+01 7.551989535960338173e+01 7.441002217273286590e+01 7.330118585756694927e+01 7.219354638879585195e+01 7.108891640485295227e+01 6.998619143583188418e+01 6.888537539522486952e+01 6.778830108365671947e+01 6.669381882624195157e+01 6.560297604890732259e+01 6.451612450232862273e+01 6.343308825685964791e+01 6.235455232505005085e+01 6.127940050238132841e+01 6.021089442484277754e+01 5.914623149317812789e+01 5.808675474840021735e+01 5.703348075341788359e+01 5.598596953009922572e+01 5.494423447508884806e+01 5.390893788518764751e+01 5.288065293755441587e+01 5.185850843710927194e+01 5.084436068619459803e+01 4.983671875617169178e+01 4.883694240439879763e+01 4.784479317725455161e+01 4.686115998087995393e+01 4.588586002092480953e+01 4.491836551836172475e+01 4.396010880391746412e+01 4.301089905942239255e+01 4.207110398464817536e+01 4.114005366215985759e+01 4.021938424012162727e+01 3.930784673290080633e+01 3.840653690519282293e+01 3.751575872206305462e+01 3.663557807145063805e+01 3.576615001876184152e+01 3.490672247476409495e+01 3.405954153170767285e+01 3.322302119005367160e+01 3.239739567841778722e+01 3.158416927321435708e+01 3.078164068444779744e+01 2.999208999484896765e+01 2.921346523558771935e+01 2.844761136709681537e+01 2.769377109440105400e+01 2.695202051497388496e+01 2.622284723554685471e+01 2.550664549681377480e+01 2.480264036123446303e+01 2.411173760633051799e+01 2.343354154294138425e+01 2.276823058682984069e+01 2.211628519522624714e+01 2.147701350938444520e+01 2.085141371848603242e+01 2.023797198891044147e+01 1.963874013465842694e+01 1.905256927708899184e+01 1.847938479882458296e+01 1.791986449555611571e+01 1.737365644159357814e+01 1.684073202849156559e+01 1.632106524480584397e+01 1.581509089044443783e+01 1.532220268053064949e+01 1.484275534261619889e+01 1.437701085248188626e+01 1.392451064608789579e+01 1.348464064502352677e+01 1.304514105364210685e+01 1.260974696949144302e+01 1.221424925891668778e+01 1.185049643680943277e+01 1.147756776836011916e+01 1.111793564726164618e+01 1.077142597590118278e+01 1.043839284385209609e+01 1.011915734677588574e+01 9.813569357796215087e+00 9.521628481628352958e+00 9.244391827640397352e+00 8.981226059154135299e+00 8.732834882139883348e+00 8.499833281874892066e+00 8.283073209437985085e+00 8.082904779947941876e+00 7.900792376220588942e+00 7.738523791300777610e+00 7.597336796333841846e+00 7.480365931835630811e+00 7.390423349873853631e+00 7.331974504244920254e+00 7.313745622783562439e+00 7.335337227753346845e+00 7.414657628423181990e+00 7.563581106847349744e+00 7.801119336349349176e+00 8.153693960101060512e+00 8.655648696354523608e+00 9.353842368148034936e+00 1.030451502891455107e+01 1.157296904639081347e+01
1.000000000000000000e+02 1.000000000000000000e+02 9.027711961592335399e+01 8.941631861316747631e+01 8.844915462912848625e+01 8.742788390200557558e+01 8.637782108831324024e+01 8.530920170972993333e+01 8.422757171446015434e+01 8.313878622810342733e+01 8.204482445249009004e+01 8.094635771176031369e+01 7.984548648614249089e+01 7.874236122801242743e+01 7.763987795644375467e+01 7.653682682260327397e+01 7.543332318074781995e+01 7.433147869394399265e+01 7.323007406620925508e+01 7.213067060954942633e+01 7.103406329401128971e+01 6.993902248888754514e+01 6.884668039853751509e+01 6.775647074962027716e+01 6.667023588456495986e+01 6.558693815189428733e+01 6.450801056744180073e+01 6.343252046687286594e+01 6.236112595481992571e+01 6.129390298431319906e+01 6.023189640111085907e+01 5.917481910277836477e+01 5.812258634849820282e+01 5.707586134152042945e+01 5.603447492127144614e+01 5.500012100721893660e+01 5.397055184352394974e+01 5.294821001397378524e+01 5.193270842913700847e+01 5.092420156574227974e+01 4.992206982064439558e+01 4.892854524906604752e+01 4.794122473090733649e+01 4.696293599415171371e+01 4.599247580878114405e+01 4.502992161079877320e+01 4.407637388594840644e+01 4.313181408464147637e+01 4.219568904063305581e+01 4.126898826958868938e+01 4.035162793603088716e+01 3.944394235875468269e+01 3.854672436921613610e+01 3.765916898850909433e+01 3.678149340979768311e+01 3.591438287020834252e+01 3.505744955983678324e+01 3.421221489799614801e+01 3.337796319189341432e+01 3.255450213989852415e+01 3.174256413039777769e+01 3.094159193861250046e+01 3.015311513096765594e+01 2.937637942521905643e+01 2.861072972019671568e+01 2.785772342507953780e+01 2.711669135489028903e+01 2.638754541525538855e+01 2.567124306574939396e+01 2.496719490176294443e+01 2.427634255401988028e+01 2.359726251883887826e+01 2.293168979904018911e+01 2.227849894912308315e+01 2.163813902122225841e+01 2.101154946845926830e+01 2.039732414917957470e+01 1.979592585352110135e+01 1.920820970846288844e+01 1.863331094545134192e+01 1.807190789445346368e+01 1.752295107512141925e+01 1.698798382393554718e+01 1.646624031788163123e+01 1.595721455085277185e+01 1.546148064425839586e+01 1.497911911638117921e+01 1.450955056115977904e+01 1.405440561356663309e+01 1.361128121200683161e+01 1.318149545997717809e+01 1.275785753489151375e+01 1.232674524896766322e+01 1.193383530917391155e+01 1.158524667784448425e+01 1.122136053068417638e+01 1.087031177542404592e+01 1.053263828672623603e+01 1.020800831233723471e+01 9.896643697329366773e+00 9.599357397253339030e+00 9.315395549661309005e+00 9.045424601264695497e+00 8.789725137542713895e+00 8.548590548072731110e+00 8.322719456790473203e+00 8.112640760758216274e+00 7.919131667594703217e+00 7.743887882501720554e+00 7.587453631386509301e+00 7.452548195632735073e+00 7.341081003894700530e+00 7.256256255290116641e+00 7.202930557942178069e+00 7.189341986493225534e+00 7.215141628881028169e+00 7.298395851465988571e+00 7.450335373110839043e+00 7.690382499235292713e+00 8.045161127546018420e+00 8.548353934774466367e+00 9.247063797989518719e+00 1.019839808654472435e+01 1.146695253067727727e+01
9.078657530046389468e+01 9.014110213639342817e+01 8.925595915597736507e+01 8.828083410415995047e+01 8.725843616844987594e+01 8.621134930989036604e+01 8.514668659677779772e+01 8.407047134596044202e+01 8.298723775464817720e+01 8.189953655041645675e+01 8.080714148077227321e+01 7.971354688612792927e+01 7.861843367034390440e+01 7.752265668474038307e+01 7.642648182510075117e+01 7.533062869602524358e+01 7.423596644616200990e+01 7.314263800174126118e+01 7.205084068650096185e+01 7.096192791059561955e+01 6.987473654579758886e+01 6.878961418203239475e+01 6.770801639869804944e+01 6.662920340733653290e+01 6.555389300950677978e+01 6.448175503134814335e+01 6.341384958790658999e+01 6.234997240859622991e+01 6.129014718799212602e+01 6.023513346828159598e+01 5.918472266553133920e+01 5.813998183402877373e+01 5.710078634737050152e+01 5.606616476192303367e+01 5.503767101053787059e+01 5.401548302044161431e+01 5.299944672401563395e+01 5.199013811731081347e+01 5.098745040608494605e+01 4.999105575951215741e+01 4.900295427044601837e+01 4.802123170387846329e+01 4.704884342629752325e+01 4.608309071989441463e+01 4.512564050965857376e+01 4.417662380737764494e+01 4.323660787561686902e+01 4.230461415997975649e+01 4.138278626233960011e+01 4.046991477196010578e+01 3.956566042843677877e+01 3.867105985871642559e+01 3.778753974963375839e+01 3.691282252969014621e+01 3.604926886586180501e+01 3.519526271669079875e+01 3.435258977527541902e+01 3.352011366023924666e+01 3.269938227517470608e+01 3.188934451524833946e+01 3.109037297562472446e+01 3.030310722628241038e+01 2.952700192913354371e+01 2.876337447092694077e+01 2.801119519626143983e+01 2.727044685209023456e+01 2.654211661349826912e+01 2.582614558179066222e+01 2.512237600810858140e+01 2.443105490377326561e+01 2.375213583207488455e+01 2.308644187184596319e+01 2.243218431239476374e+01 2.179148999547214771e+01 2.116331262535978652e+01 2.054839193449856793e+01 1.994585450666154358e+01 1.935684106538581162e+01 1.878055394101030373e+01 1.821656650059368943e+01 1.766624619208183589e+01 1.712885692602107568e+01 1.660482210085373467e+01 1.609349629588497876e+01 1.559549631579317719e+01 1.511032108489723846e+01 1.463845025927116339e+01 1.417959092318017511e+01 1.373377188944349214e+01 1.330040717416179952e+01 1.288147772723455731e+01 1.247170623340010387e+01 1.204573139035194274e+01 1.165603370602018529e+01 1.132180850643530512e+01 1.096656242599842734e+01 1.062429212090652086e+01 1.029498201051599615e+01 9.978955997843740988e+00 9.676096660228827417e+00 9.386501971248616627e+00 9.110471628280770062e+00 8.847984393018348825e+00 8.599738722829620485e+00 8.365768290841568700e+00 8.146775829751973674e+00 7.943456594000264381e+00 7.756936620446230890e+00 7.587890731559621571e+00 7.437391360306733645e+00 7.308223737409658582e+00 7.202634880918723503e+00 7.123058112923885687e+00 7.074810961915090068e+00 7.065708636678580845e+00 7.095981669673523839e+00 7.182733058672974735e+00 7.338407709578542715e+00 7.581426951867953790e+00 7.937372786250385559e+00 8.442480944506646878e+00 9.141863178040942728e+00 1.009374773100021372e+01 1.136325940801043899e+01
8.998781789337319026e+01 8.908212300981901421e+01 8.810046579734745364e+01 8.707860582501376712e+01 8.603251071298284103e+01 8.497060515614234077e+01 8.389955273494898336e+01 8.282216596867500868e+01 8.174002843503797067e+01 8.065379371814888998e+01 7.956657792255074924e+01 7.847802509132868920e+01 7.738900684200595492e+01 7.630002788268690495e+01 7.521202132021113584e+01 7.412518413021915364e+01 7.304000257257334283e+01 7.195553723430063542e+01 7.087345411554800023e+01 6.979347094475765800e+01 6.871675283350401742e+01 6.764203977522251421e+01 6.657109897900441808e+01 6.550291118535714929e+01 6.443812979797959883e+01 6.337878792749040002e+01 6.232165961167876844e+01 6.126926957690378117e+01 6.022187216344202199e+01 5.917858809537746367e+01 5.814081946997900019e+01 5.710792868585627957e+01 5.608056711697821584e+01 5.505871775092801101e+01 5.404334524231215653e+01 5.303367058788792576e+01 5.202999941938470840e+01 5.103358080929598373e+01 5.004382367094260076e+01 4.906130796929796389e+01 4.808610999916736262e+01 4.711792964492988034e+01 4.615778597295352625e+01 4.520560479819170041e+01 4.426216628558676547e+01 4.332684358876651487e+01 4.239929845590004476e+01 4.148165302945871957e+01 4.057258498602634234e+01 3.967286614752466534e+01 3.878302735822815350e+01 3.790192704881102514e+01 3.703113438327033435e+01 3.617040773072562843e+01 3.531985354700852042e+01 3.447995956762623848e+01 3.365033135533012398e+01 3.283147666743833071e+01 3.202399753388592529e+01 3.122643783855998478e+01 3.044107249917525948e+01 2.966680408559587789e+01 2.890484798139297951e+01 2.815301111559329428e+01 2.741410337160123944e+01 2.668634365936104302e+01 2.597063833140712674e+01 2.526761423717251986e+01 2.457612132483394518e+01 2.389726325179978161e+01 2.323147308568053049e+01 2.257739538390251965e+01 2.193583611791824950e+01 2.130699936314480780e+01 2.069103893925834470e+01 2.008769798521628047e+01 1.949701439994369068e+01 1.891934788953129143e+01 1.835447709181602249e+01 1.780257244432125319e+01 1.726335962186506023e+01 1.673721877831679805e+01 1.622393298631052971e+01 1.572383549523717150e+01 1.523621395358421005e+01 1.476144317086935942e+01 1.429991218056057001e+01 1.385116213179829003e+01 1.341516219637987106e+01 1.299154379532831882e+01 1.258249823935345724e+01 1.218637632525407710e+01 1.176637755098093407e+01 1.138449335737690049e+01 1.106024057890369150e+01 1.071401221996144315e+01 1.038002057404420242e+01 1.005951297903298070e+01 9.751431041590464588e+00 9.456609045502828437e+00 9.175096933897808782e+00 8.906901307522785416e+00 8.651784864864865199e+00 8.411038681330662570e+00 8.184219394005298298e+00 7.972707179213212036e+00 7.775968823153367460e+00 7.595681877342164157e+00 7.433008995395651297e+00 7.288973619871286225e+00 7.165511310840377845e+00 7.065293576765052208e+00 6.991359599956403770e+00 6.947691617964457222e+00 6.943453025373658605e+00 6.977998176160160604e+00 7.068916197505570764e+00 7.227546030098919161e+00 7.473468216264633313e+00 7.832162918220964443e+00 8.338976038838142202e+00 9.039062753741832879e+00 9.992052023178455755e+00 1.126267760049683986e+01
8.889611894690864347e+01 8.790872044664976670e+01 8.688550377348917664e+01 8.584144409191945613e+01 8.478370427043475388e+01 8.371642693008702452e+01 8.264368435442590055e+01 8.156707271923428948e+01 8.048693238933958582e+01 7.940593851233694522e+01 7.832393047777284778e+01 7.724216828313825545e+01 7.616038321740268202e+01 7.507890820842298751e+01 7.399880876674640717e+01 7.292069738519674615e+01 7.184389193255414341e+01 7.076936739646684771e+01 6.969713317362887040e+01 6.862723628261841213e+01 6.756063614239175763e+01 6.649659154417828688e+01 6.543654553193027823e+01 6.437938861801980295e+01 6.332590366070107990e+01 6.227660787631413086e+01 6.123181165755342192e+01 6.019211948909857313e+01 5.915539850887319062e+01 5.812439836884006894e+01 5.709875891334772291e+01 5.607879765995424748e+01 5.506366006941372149e+01 5.405416554946793894e+01 5.305156448065287123e+01 5.205452473444014316e+01 5.106446462509799744e+01 5.008094591466851853e+01 4.910405003116926537e+01 4.813457414830366332e+01 4.717209589583337959e+01 4.621728328829810550e+01 4.527106814777280874e+01 4.433153872296757925e+01 4.340167555702635127e+01 4.247894767058897258e+01 4.156580312852049275e+01 4.066184421161302964e+01 3.976571753630994976e+01 3.887915555314548044e+01 3.800297729095012755e+01 3.713550462727454970e+01 3.627825220297058451e+01 3.543102660839502960e+01 3.459439307307741274e+01 3.376737436908140211e+01 3.295098286990061354e+01 3.214545228405862076e+01 3.135095411003013766e+01 3.056725789450229769e+01 2.979513920715669428e+01 2.903375477617474587e+01 2.828432932876514627e+01 2.754637058335154265e+01 2.681985792599164142e+01 2.610502119315177794e+01 2.540248218783411716e+01 2.471160529334963485e+01 2.403339688128676244e+01 2.336735265201331657e+01 2.271298050860830386e+01 2.207150713634071693e+01 2.144237099715834560e+01 2.082553523345039892e+01 2.022138141234235320e+01 1.963022124852700045e+01 1.905132296257529134e+01 1.848500732708328087e+01 1.793155476884195210e+01 1.739105729654275478e+01 1.686254394549420255e+01 1.634808217732042124e+01 1.584546652774935183e+01 1.535581340193096267e+01 1.487921284235273944e+01 1.441473609730017458e+01 1.396316893841119722e+01 1.352470910754317579e+01 1.309932318927559081e+01 1.268633792080420264e+01 1.228627854034799505e+01 1.189831326317641924e+01 1.148958765290991657e+01 1.111716494186819659e+01 1.080056450364480547e+01 1.046295329595160517e+01 1.013801954433493080e+01 9.825699476535465493e+00 9.526084564690407319e+00 9.239370818578274580e+00 8.965562694010465350e+00 8.704906592118454967e+00 8.457512401733502827e+00 8.223885406789088748e+00 8.004355036725741002e+00 7.799267228997064372e+00 7.609533365977549479e+00 7.436039348600154142e+00 7.279308795825201628e+00 7.141388765988709864e+00 7.023602966414211224e+00 6.929060294417944021e+00 6.860462349987573205e+00 6.822138165594382464e+00 6.822364657532964394e+00 6.861186022526533534e+00 6.956098987287296254e+00 7.118130630179519969e+00 7.366949280434154090e+00 7.728151568139852046e+00 8.235811342755294362e+00 8.938128437425262973e+00 9.892306129728400066e+00 1.116409395862410037e+01
8.770636527487737055e+01 8.668276090759104591e+01 8.563940262757408561e+01 8.458516397892009309e+01 8.352215647100125295e+01 8.245413824633416766e+01 8.138277994114638147e+01 8.030808201456257223e+01 7.923321617063467670e+01 7.815702616223397570e+01 7.708128654187130735e+01 7.600609366223771701e+01 7.493218636856401815e+01 7.385855692767916025e+01 7.278736029249874662e+01 7.171777582869461298e+01 7.064997917337407785e+01 6.958531878174140672e+01 6.852293648286375571e+01 6.746313226002422425e+01 6.640661445716230560e+01 6.535361793063873392e+01 6.430358561303592069e+01 6.325826702423520231e+01 6.221609589755878744e+01 6.117888486820122296e+01 6.014530892509944948e+01 5.911653245778408916e+01 5.809236529515344927e+01 5.707353927145986461e+01 5.605984110272525101e+01 5.505157904203643682e+01 5.404935893336517694e+01 5.305306211538773908e+01 5.206281337487803285e+01 5.107841356552535927e+01 5.010132977178045621e+01 4.913039828045340585e+01 4.816690910578981288e+01 4.721024418291583657e+01 4.626149745655909840e+01 4.531995959970356580e+01 4.438627972614098383e+01 4.346141815179280599e+01 4.254418817554542898e+01 4.163479582053673766e+01 4.073532343335810424e+01 3.984376620797930002e+01 3.896205641256046448e+01 3.808928434933383755e+01 3.722561545546826522e+01 3.637217374656723479e+01 3.552813837160228871e+01 3.469448200639266844e+01 3.387112544060577335e+01 3.305792551822006686e+01 3.225483085288226448e+01 3.146292644918198178e+01 3.068141595663140819e+01 2.991102823159754820e+01 2.915191146430855440e+01 2.840389294437546397e+01 2.766737087919220883e+01 2.694257259794261472e+01 2.622888841467054988e+01 2.552658782755852229e+01 2.483642024320167252e+01 2.415959622894597914e+01 2.349357937368692362e+01 2.283965658570511437e+01 2.219790740245329985e+01 2.156877930497577012e+01 2.095173281723713288e+01 2.034717074273486759e+01 1.975497120690397068e+01 1.917495559306430408e+01 1.860801202302134882e+01 1.805340514558126941e+01 1.751149656012266220e+01 1.698181918481055419e+01 1.646530126730753096e+01 1.596116330485598489e+01 1.546965492363356987e+01 1.499086598002945436e+01 1.452438687044357302e+01 1.407036024343867275e+01 1.362983168262933376e+01 1.320117622303041927e+01 1.278534550623072796e+01 1.238217191775613557e+01 1.199150963722113161e+01 1.161324502638488809e+01 1.121446174063287415e+01 1.085101320330644725e+01 1.054279991970347119e+01 1.021378510970776254e+01 9.897389222544894949e+00 9.593488399031480540e+00 9.302190257845921906e+00 9.023226254653515355e+00 8.757454871865977708e+00 8.504292812939940660e+00 8.264870427919801088e+00 8.038261010803848805e+00 7.825927121169906187e+00 7.627558594801664427e+00 7.444454827695324184e+00 7.277443859882848365e+00 7.127265079980372064e+00 6.995164047533153351e+00 6.882950269583043124e+00 6.794120643829149486e+00 6.730887078777314514e+00 6.697325596399162251e+00 6.702227689496820240e+00 6.745658036314983619e+00 6.844203679790316741e+00 7.010112947877855660e+00 7.261920056593096362e+00 7.625666657791541070e+00 8.135611769048168185e+00 8.839854357855758238e+00 9.794696810638903628e+00 1.106842118727633384e+01
8.647046324134528561e+01 8.542868042427365083e+01 8.437673022405911638e+01 8.331770832404733085e+01 8.225391117539197694e+01 8.118663498498067099e+01 8.011789145702222470e+01 7.904839366219863450e+01 7.797837032622179265e+01 7.690844856959506615e+01 7.583972354916522818e+01 7.477183959191344798e+01 7.370480464845283564e+01 7.264019626011229036e+01 7.157745571008427987e+01 7.051754212704085489e+01 6.945907579918453223e+01 6.840335327926548814e+01 6.735038226040927611e+01 6.630174025522137526e+01 6.525587247723743189e+01 6.421277781479318492e+01 6.317466788873286987e+01 6.214002728862981684e+01 6.110915357610693377e+01 6.008315492606222108e+01 5.906168331249860159e+01 5.804459788477394255e+01 5.703219479439189854e+01 5.602570746600459017e+01 5.502443328502843656e+01 5.402882309356171930e+01 5.303902644667398647e+01 5.205482801837531071e+01 5.107771985462914444e+01 5.010591140306701874e+01 4.914117825782437166e+01 4.818376631108418451e+01 4.723250968055241117e+01 4.628982348479352282e+01 4.535439592635085404e+01 4.442593327282730087e+01 4.350597298086864839e+01 4.259347267267754944e+01 4.169006696543338109e+01 4.079477725987897685e+01 3.990823205395679452e+01 3.903062963179080214e+01 3.816198218576823820e+01 3.730319963375799830e+01 3.645289123354578464e+01 3.561274339014563139e+01 3.478208321741812625e+01 3.396241947949013706e+01 3.315179253016289351e+01 3.235138483529064501e+01 3.156203618267024069e+01 3.078348164868928194e+01 3.001433439068823361e+01 2.925845578374535094e+01 2.851226288335639936e+01 2.777790336299205265e+01 2.705415593311569822e+01 2.634209485123653138e+01 2.564149047861692310e+01 2.495229038446631264e+01 2.427522353502333630e+01 2.360997758114206135e+01 2.295693669297575923e+01 2.231531463489543299e+01 2.168650642090833713e+01 2.106937416900266413e+01 2.046413886993357778e+01 1.987125323694463219e+01 1.929122398577441899e+01 1.872320544440696466e+01 1.816793495682808057e+01 1.762505560986008391e+01 1.709409493302198513e+01 1.657599448058316582e+01 1.607042587052832516e+01 1.557726697874112176e+01 1.509621714997090258e+01 1.462784880245347985e+01 1.417240104950502300e+01 1.372909615223307789e+01 1.329810892015642665e+01 1.288016626335747361e+01 1.247406710985890044e+01 1.208029392402188940e+01 1.169898047864040791e+01 1.133069986307960697e+01 1.094181483575564684e+01 1.058745802078845344e+01 1.028716041879406085e+01 9.967010020267119685e+00 9.658709007405096969e+00 9.363018248206522287e+00 9.080026819634067436e+00 8.809360245857099869e+00 8.550949812716723386e+00 8.305851390165464920e+00 8.073205672703664959e+00 7.854154181617889918e+00 7.648880657904355118e+00 7.457504593489150402e+00 7.280464748657866636e+00 7.120079532132339573e+00 6.976009334115174099e+00 6.850081560377240919e+00 6.743767727559291103e+00 6.660346179930387578e+00 6.602448915847547894e+00 6.573882270483045076e+00 6.580591541297254210e+00 6.631055528377959973e+00 6.733779831780584146e+00 6.903017095926999858e+00 7.158218518029824118e+00 7.524712507951070606e+00 8.037164970245136431e+00 8.742576709145598812e+00 9.699470445833856758e+00 1.097520436324970206e+01
8.520964185749690500e+01 8.415941752633617057e+01 8.310422035655003015e+01 8.204455637531009415e+01 8.098174174130498670e+01 7.991731490063406795e+01 7.885291827999300551e+01 7.778848763785713061e+01 7.672439280969575748e+01 7.566176893921559099e+01 7.459910452838798278e+01 7.353897259220394744e+01 7.248064141401165728e+01 7.142474792796484451e+01 7.037009471697950858e+01 6.931904095503340102e+01 6.827053485100481112e+01 6.722472367424828121e+01 6.618259199814343674e+01 6.514322416858834686e+01 6.410784929950050071e+01 6.307571907124026467e+01 6.204859593535595508e+01 6.102462750119428136e+01 6.000558115775829293e+01 5.899102713576152013e+01 5.798104961342307462e+01 5.697569794173698199e+01 5.597592354399614578e+01 5.498145166019450159e+01 5.399264398505215468e+01 5.300894283503838267e+01 5.203191108366478090e+01 5.106058758821412624e+01 5.009546209850135057e+01 4.913699835561431684e+01 4.818562513167681516e+01 4.724090908396664190e+01 4.630337034366870341e+01 4.537319999520500602e+01 4.445060483504648374e+01 4.353565493512513740e+01 4.262927233928171233e+01 4.173025366523573609e+01 4.084026883177196510e+01 3.995799800851023065e+01 3.908490916910768220e+01 3.822092691739078418e+01 3.736547765145054001e+01 3.651998753391314523e+01 3.568367018984071848e+01 3.485676334391759923e+01 3.403923869876778951e+01 3.323282163088797603e+01 3.243599884466746630e+01 3.164951640524213872e+01 3.087320718276437148e+01 3.010786945617913801e+01 2.935277077692661862e+01 2.860961605306940925e+01 2.787631956646541198e+01 2.715492608761305249e+01 2.644377961697991353e+01 2.574467691715813800e+01 2.505740016134644321e+01 2.438103679428773773e+01 2.371688657580218873e+01 2.306440880752973399e+01 2.242312932554861860e+01 2.179416833183629620e+01 2.117776919127367563e+01 2.057240334061367548e+01 1.997994417993782434e+01 1.939889807849095504e+01 1.883096015686292901e+01 1.827490631540341681e+01 1.773106457031448002e+01 1.719908246418964026e+01 1.668016985657356699e+01 1.617300324511362675e+01 1.567811863112098436e+01 1.519617621964561849e+01 1.472605159776358974e+01 1.426821736303945976e+01 1.382312350485836916e+01 1.338991978507650948e+01 1.296974920183570035e+01 1.256123871529421976e+01 1.216493642821561139e+01 1.178093571781374571e+01 1.140931464616277147e+01 1.104970062159446087e+01 1.067153241072491454e+01 1.032538893240811895e+01 1.002942263079006402e+01 9.721571149769115294e+00 9.422402109636029977e+00 9.134970368146255737e+00 8.859764560680783774e+00 8.596911722951771750e+00 8.346400766339268529e+00 8.108330442898969537e+00 7.883204214949901534e+00 7.671392654192111138e+00 7.472914512165973022e+00 7.288481282631931180e+00 7.118633748238734071e+00 6.964140399009909999e+00 6.826294758375883731e+00 6.706309053618597638e+00 6.605840687348885076e+00 6.527678084384314516e+00 6.474829142909433344e+00 6.451465489566599487e+00 6.462710155278350577e+00 6.517812033280145911e+00 6.624304092756516660e+00 6.797548637475248512e+00 7.055717860158439159e+00 7.425166337213262580e+00 7.940169969878341227e+00 8.647521303533423520e+00 9.606302132485012635e+00 1.088406334375824258e+01
8.393640690581240449e+01 8.288336474362350259e+01 8.182642194091451415e+01 8.076839451694512206e+01 7.970829880654989097e+01 7.864834822994023966e+01 7.758810775207921040e+01 7.652986461636174909e+01 7.547272960310993994e+01 7.441581530263802335e+01 7.336152846578288234e+01 7.230873695117708166e+01 7.125972924827776467e+01 7.021155590475028418e+01 6.916692419790288682e+01 6.812474955328661963e+01 6.708563621377827246e+01 6.604968687013811746e+01 6.501786634121225461e+01 6.398845844319042442e+01 6.296363526472815408e+01 6.194367921680895250e+01 6.092645893746093577e+01 5.991445650504569898e+01 5.890658166207231972e+01 5.790317901937458345e+01 5.690498693774235051e+01 5.591111717227615685e+01 5.492384139012725797e+01 5.394152313474602778e+01 5.296449991191267515e+01 5.199320924529959598e+01 5.102910292253185531e+01 5.006999627405879494e+01 4.911817267644691754e+01 4.817271266653382611e+01 4.723399327646616541e+01 4.630256606637309602e+01 4.537743017525082934e+01 4.446049478225489793e+01 4.355154327084641608e+01 4.264975115472662281e+01 4.175621676763675794e+01 4.087104578910461328e+01 3.999360043130314324e+01 3.912517661773217270e+01 3.826554319972680673e+01 3.741444661255211201e+01 3.657317378318620626e+01 3.574089782115110836e+01 3.491792810042293382e+01 3.410504502169264640e+01 3.330128458316809059e+01 3.250762326222529452e+01 3.172423322200441476e+01 3.095088850693905513e+01 3.018854510498569965e+01 2.943623077750691053e+01 2.869481052525745213e+01 2.796397396496477228e+01 2.724415165281056517e+01 2.653568199669866701e+01 2.583810358674487517e+01 2.515214538465692229e+01 2.447663338937494615e+01 2.381387501618533875e+01 2.316203676102998088e+01 2.252197899981970153e+01 2.189350619573959733e+01 2.127708089175995809e+01 2.067203801031470789e+01 2.007927302001164449e+01 1.949903457831777587e+01 1.893026618109616521e+01 1.837353668209076218e+01 1.782926464300250657e+01 1.729698663325838126e+01 1.677623795109894900e+01 1.626867566854117797e+01 1.577252742324092338e+01 1.528856963919738021e+01 1.481782607057626677e+01 1.435812412642551905e+01 1.391137940812642348e+01 1.347646130517973262e+01 1.305395883061480866e+01 1.264321801758913111e+01 1.224484953760031125e+01 1.185822165822612106e+01 1.148408622431684734e+01 1.112163720943044609e+01 1.077156071740643739e+01 1.040694173932108413e+01 1.006563714252979302e+01 9.772475454089279978e+00 9.478738861101765778e+00 9.187459366599547650e+00 8.908536035427083277e+00 8.641205812936137320e+00 8.386389563447504969e+00 8.143444124907627923e+00 7.913173733035538504e+00 7.695242627991882856e+00 7.490296945377716398e+00 7.298852892202045695e+00 7.121288147354409404e+00 6.957736722770091475e+00 6.809459388109829092e+00 6.677779774605197005e+00 6.563393619667746037e+00 6.469065278037422928e+00 6.396319272008065937e+00 6.348340121644524103e+00 6.330297169460530782e+00 6.345973783270331126e+00 6.405667899812739208e+00 6.516545187513978377e+00 6.693156688745183658e+00 6.954791895202793839e+00 7.326937801294597818e+00 7.843845606295851702e+00 8.554206819498977765e+00 9.515374824529487796e+00 1.079571705859004815e+01
8.265608505318397192e+01 8.160216143197922634e+01 8.054639655147121857e+01 7.949117013024113021e+01 7.843566051375485415e+01 7.738046778499395373e+01 7.632625587271392931e+01 7.527376723498122146e+01 7.422284204327193891e+01 7.317402152934327830e+01 7.212733084160680619e+01 7.108311790518899898e+01 7.004145810078445322e+01 6.900261558104571691e+01 6.796673502599306005e+01 6.693400020125159244e+01 6.590465583739384670e+01 6.487933151649997399e+01 6.385660362824565794e+01 6.283876208150815756e+01 6.182410696424162921e+01 6.081443086318745372e+01 5.980882773043904166e+01 5.880754950041298201e+01 5.781118085090011505e+01 5.681978227810512294e+01 5.583267927079090498e+01 5.485164062766158821e+01 5.387559956082266410e+01 5.290470802041178189e+01 5.194145878604439304e+01 5.098219323286280513e+01 5.003025681472641395e+01 4.908442323153515474e+01 4.814466643405867785e+01 4.721242884043380883e+01 4.628659114413486009e+01 4.536781864289830679e+01 4.445673551820170388e+01 4.355258852228257638e+01 4.265673458793880712e+01 4.176803697361651757e+01 4.088782845950941436e+01 4.001543820310365618e+01 3.915186686718905662e+01 3.829702133775980855e+01 3.745112057785117088e+01 3.661326639501070446e+01 3.578523657099204058e+01 3.496622054994410433e+01 3.415718899310040513e+01 3.335650827969674737e+01 3.256687945208257418e+01 3.178672435399569807e+01 3.101706790396210423e+01 3.025740704665781422e+01 2.950717929965141906e+01 2.876867826884058488e+01 2.803984081482812130e+01 2.732273760873363955e+01 2.661634784223387840e+01 2.592035190458865657e+01 2.523586984208423445e+01 2.456241207455438413e+01 2.389976719890397661e+01 2.324992769126205161e+01 2.261080373271203570e+01 2.198324145223984516e+01 2.136722342739435376e+01 2.076288807417970972e+01 2.017069729584513027e+01 1.959017007818745171e+01 1.902125167634335412e+01 1.846450484853147245e+01 1.791985568760884462e+01 1.738655436161906565e+01 1.686584830625526976e+01 1.635725231502645016e+01 1.586063242909503401e+01 1.537550094803460432e+01 1.490292110479191123e+01 1.444262977342609666e+01 1.399378780757191088e+01 1.355714834599331908e+01 1.313287453647142833e+01 1.272040386904386189e+01 1.231949496264962463e+01 1.193122655287400846e+01 1.155451273795590161e+01 1.118942986816049512e+01 1.083666526441907685e+01 1.049578651490356052e+01 1.014375101695350523e+01 9.808403448476921582e+00 9.519650759007515006e+00 9.237717057577398805e+00 8.954729108033621543e+00 8.684125700456323926e+00 8.424907952442417525e+00 8.177616639244245533e+00 7.942465832238509549e+00 7.719436328082551313e+00 7.508757169819313404e+00 7.311043668730398792e+00 7.126032183263952824e+00 6.955113953999559229e+00 6.798104283306716233e+00 6.656259936275422007e+00 6.530526670755499197e+00 6.422259194140512051e+00 6.333309015498588934e+00 6.266145917561837919e+00 6.223556110363803739e+00 6.210163006537950281e+00 6.231225737957101884e+00 6.294902587010431816e+00 6.409435076982550328e+00 6.590019430877658735e+00 6.854904267055561107e+00 7.229967260253111760e+00 7.749918274285494846e+00 8.463038290682000309e+00 9.426581235593879171e+00 1.071006050629100770e+01
8.137221809394155514e+01 8.032008921806240664e+01 7.926780284427989898e+01 7.821575028266238405e+01 7.716401607270589125e+01 7.611501261906383320e+01 7.506739621003750074e+01 7.402067267800866546e+01 7.297737611808454972e+01 7.193574889072725398e+01 7.089665414837644164e+01 6.986111518027830414e+01 6.882786860174505250e+01 6.779815292142039596e+01 6.677180906570612251e+01 6.574826041844426072e+01 6.472800470342630774e+01 6.371277893092586453e+01 6.270000572181737652e+01 6.169263346349812593e+01 6.068906067467748500e+01 5.969000552632589773e+01 5.869491218455247150e+01 5.770515438334654590e+01 5.672050413785571976e+01 5.574075251418373256e+01 5.476570327429060114e+01 5.379645607466427037e+01 5.283239093080127446e+01 5.187418583960330665e+01 5.092180926253628570e+01 4.997606794832895361e+01 4.903656163070958485e+01 4.810304294469487729e+01 4.717633153109795074e+01 4.625690218278065657e+01 4.534372453253899948e+01 4.443810059106921528e+01 4.354011338694498789e+01 4.264870519452299646e+01 4.176592023697362066e+01 4.089140372107327437e+01 4.002359896405492634e+01 3.916532749305930139e+01 3.831529047028153911e+01 3.747334326157769624e+01 3.664076786628493210e+01 3.581697663376036900e+01 3.500211914227164556e+01 3.419578674267236096e+01 3.340009091172822764e+01 3.261386675928474688e+01 3.183728327916008993e+01 3.107051525408662940e+01 3.031392397003943628e+01 2.956740707254291678e+01 2.883102884405910515e+01 2.810499581338870101e+01 2.739029398313877905e+01 2.668580854160224192e+01 2.599201377917200873e+01 2.530913006035066104e+01 2.463750364497855472e+01 2.397717469223565701e+01 2.332776439911678068e+01 2.268998922995613299e+01 2.206302863832886274e+01 2.144877236950050303e+01 2.084449207666450121e+01 2.025299156468583917e+01 1.967276127286167053e+01 1.910419330477308719e+01 1.854758344178148022e+01 1.800147910436535881e+01 1.746955676973261973e+01 1.694833734871522424e+01 1.643859521873275398e+01 1.594104451804453326e+01 1.545576905201164664e+01 1.498181768316080209e+01 1.452044786989952208e+01 1.407030726604901005e+01 1.363206679650744668e+01 1.320616623553796387e+01 1.279152991619224622e+01 1.238957215947572621e+01 1.199891396663965715e+01 1.162013836132565991e+01 1.125312149159438668e+01 1.089716630595387592e+01 1.055391367065529096e+01 1.022222233469548591e+01 9.882230363623412117e+00 9.552889159328293189e+00 9.268793683289999308e+00 8.998998782377864103e+00 8.724444398281704594e+00 8.461435343568657785e+00 8.210241840922504863e+00 7.970807407392410227e+00 7.743288568438422281e+00 7.527529171861290891e+00 7.324039221187605975e+00 7.133320643390527849e+00 6.955240084306424819e+00 6.790249076375753923e+00 6.640152367398332700e+00 6.504586586949567817e+00 6.384885649428184706e+00 6.282289253147565589e+00 6.198798773574242915e+00 6.137180002653474631e+00 6.099900115408263268e+00 6.091391175515914469e+00 6.116792250718560808e+00 6.184905875267365793e+00 6.303824788721879457e+00 6.488287470603437690e+00 6.756535039757816108e+00 7.135192026419079347e+00 7.658138775905243278e+00 8.373367364867799978e+00 9.339871174867687031e+00 1.062690504322189078e+01
8.008899987969972756e+01 7.903936965435424611e+01 7.799003538065623786e+01 7.694282055210302929e+01 7.589781890540056963e+01 7.485298154783737345e+01 7.381172945046957068e+01 7.277210978942815700e+01 7.173580096747396340e+01 7.070179125653054086e+01 6.967108161750242346e+01 6.864335295352714184e+01 6.761918854953421487e+01 6.659819174116056217e+01 6.558045740835297011e+01 6.456680145736613952e+01 6.355700673197639361e+01 6.255115312798115212e+01 6.154941308050212712e+01 6.055181276191801487e+01 5.955928895149051527e+01 5.857077177882889885e+01 5.758709820340910568e+01 5.660863347282125346e+01 5.563505165246623108e+01 5.466642312413896576e+01 5.370395239271476839e+01 5.274610559290269407e+01 5.179372203539549702e+01 5.084843424337543638e+01 4.990876334745230025e+01 4.897459316030182919e+01 4.804735980815699747e+01 4.712678814655625104e+01 4.621321921574260472e+01 4.530618756359620392e+01 4.440617337515814000e+01 4.351379185503957103e+01 4.262795129092688740e+01 4.175038552954150362e+01 4.088069187087535283e+01 4.001836642751445083e+01 3.916416366121610082e+01 3.831903863200533067e+01 3.748273310177253848e+01 3.665422527987447410e+01 3.583458550510916041e+01 3.502448313342165420e+01 3.422307641512020382e+01 3.343058860653137287e+01 3.264795949882390858e+01 3.187511316061027955e+01 3.111212388789034122e+01 3.035822895026621993e+01 2.961473071356395081e+01 2.888179941524213845e+01 2.815890733785729694e+01 2.744628797495238715e+01 2.674433956891580877e+01 2.605319004954364104e+01 2.537189986907018024e+01 2.470217231134889246e+01 2.404414266880585771e+01 2.339601763008430879e+01 2.275963014165219889e+01 2.213458916449657465e+01 2.151998521272675546e+01 2.091751032756114981e+01 2.032585087892124776e+01 1.974611629288517278e+01 1.917810926562110296e+01 1.862098328237951250e+01 1.807718910149773706e+01 1.754411633739672993e+01 1.702292732091953553e+01 1.651311830603389197e+01 1.601448900774509099e+01 1.552859264861989885e+01 1.505406355711656019e+01 1.459175058001769187e+01 1.414038808268418634e+01 1.370146436621217845e+01 1.327400018543751870e+01 1.285783367156458823e+01 1.245425059977739402e+01 1.206147117871230279e+01 1.168089631284898644e+01 1.131170623158768151e+01 1.095429627504294068e+01 1.060833094463757931e+01 1.027386081082628522e+01 9.951130828708109277e+00 9.623470748924823681e+00 9.299563102420528082e+00 9.021217821664651026e+00 8.762646865984969224e+00 8.496011575077023537e+00 8.240907702152567182e+00 7.997490811132013100e+00 7.765945377929661220e+00 7.545627887807926371e+00 7.337227031776116348e+00 7.140643105744226560e+00 6.956807117592511247e+00 6.785795953793338775e+00 6.627568294181762631e+00 6.483523586615702605e+00 6.353972996600210088e+00 6.240467818248307097e+00 6.143647053466628094e+00 6.065844536201348447e+00 6.009466620622793798e+00 5.977507824204552733e+00 5.973505644385479485e+00 6.004145856041731122e+00 6.076240471975113522e+00 6.199472009824525287e+00 6.387893159937963361e+00 6.659992255772539949e+00 7.040906518467082265e+00 7.567481565696255075e+00 8.285471075012274866e+00 9.255423306195320166e+00 1.054596804982594804e+01
7.880747777339277604e+01 7.776099949256857258e+01 7.671674716113601278e+01 7.567427171625119797e+01 7.463393329953721889e+01 7.359684619633443958e+01 7.256118989318382262e+01 7.152840475818690891e+01 7.049955699311863100e+01 6.947375318346780659e+01 6.845080411576843460e+01 6.743090802853191690e+01 6.641605091904574465e+01 6.540391376734734763e+01 6.439551156047953384e+01 6.339155323526530594e+01 6.239140982353761444e+01 6.139567444820364273e+01 6.040460680124901671e+01 5.941688725507121660e+01 5.843538150589365898e+01 5.745767755112061081e+01 5.648432134814460426e+01 5.551741458727181566e+01 5.455546470724789998e+01 5.359829794748645071e+01 5.264700185240391761e+01 5.170104794996490938e+01 5.076165392068481452e+01 4.982779779354692096e+01 4.890019434386469754e+01 4.797929440947600455e+01 4.706416147151220031e+01 4.615589426152638453e+01 4.525500756172122863e+01 4.436071766435308916e+01 4.347398970208321600e+01 4.259377333508187746e+01 4.172142535321737000e+01 4.085690559515838061e+01 4.000065933355497805e+01 3.915152063969429008e+01 3.831084232633874365e+01 3.747900809923562093e+01 3.665527217024099116e+01 3.584075256596253212e+01 3.503440933194384854e+01 3.423747848911155245e+01 3.344923890288708890e+01 3.267043354152087176e+01 3.190076084124921962e+01 3.114167417632483037e+01 3.039007918494299787e+01 2.965079403707179395e+01 2.892062269218033066e+01 2.820154136068695294e+01 2.749082129483344517e+01 2.679238165581231357e+01 2.610272005563467701e+01 2.542420459030775248e+01 2.475708522924631083e+01 2.410059964187644255e+01 2.345393419139053393e+01 2.281916641007792990e+01 2.219543746010810281e+01 2.158228648178461739e+01 2.098129373124903907e+01 2.039109952066173648e+01 1.981182880820512437e+01 1.924439559917617970e+01 1.868850917646626186e+01 1.814382683431031751e+01 1.761105989922164738e+01 1.708947388904250531e+01 1.657982074880657208e+01 1.608077968561446625e+01 1.559462627914987110e+01 1.511959888744829428e+01 1.465633885909207734e+01 1.420426150042851710e+01 1.376447786756164149e+01 1.333572521217774032e+01 1.291825574673133303e+01 1.251258633337097947e+01 1.211903039599402376e+01 1.173677491586154709e+01 1.136550057799641245e+01 1.100621231000928901e+01 1.065835457051576007e+01 1.032158153768189024e+01 9.996240267414457037e+00 9.682574582943281882e+00 9.366169681436032235e+00 9.049303811382891638e+00 8.775767849754334549e+00 8.528206016568418590e+00 8.269447414329377466e+00 8.022981675200391294e+00 7.787102929207867064e+00 7.562716736113184623e+00 7.350072217790248885e+00 7.148691323705036460e+00 6.959617106932613595e+00 6.782207745491952267e+00 6.617863349563657849e+00 6.466426505700962224e+00 6.328280836154897671e+00 6.205045892704896815e+00 6.097247630992875145e+00 6.006336134334433474e+00 5.934107517840403467e+00 5.883037162835059064e+00 5.855968225000940386e+00 5.857174318029823468e+00 5.891935917613000839e+00 5.969071242160184809e+00 6.096482923216717253e+00 6.288451680009776723e+00 6.564375272115297477e+00 6.948772274525271797e+00 7.478449247885132323e+00 8.200180236516519727e+00 9.173057816123042940e+00 1.046787142164941109e+01
7.752868107640745166e+01 7.648644760628033623e+01 7.544757587980228664e+01 7.441030987687740605e+01 7.337589827895234862e+01 7.234451231299472340e+01 7.131566563053497987e+01 7.029101335143091944e+01 6.926924720339397368e+01 6.825040168992390477e+01 6.723573740967887602e+01 6.622541095175274961e+01 6.521797739909192160e+01 6.421488190331767498e+01 6.321606018090857049e+01 6.222157666316336844e+01 6.123138567473665006e+01 6.024523319517298603e+01 5.926409595737909086e+01 5.828787010488073150e+01 5.731648529720738594e+01 5.634961935301241454e+01 5.538857283226341366e+01 5.443175315379171764e+01 5.348125486370216208e+01 5.253524248242595718e+01 5.159599606837452512e+01 5.066255171672425917e+01 4.973494589511793151e+01 4.881285563209286948e+01 4.789794531952487233e+01 4.698883504881867879e+01 4.608620243339521494e+01 4.519120238193337258e+01 4.430298731761654096e+01 4.342090077281952887e+01 4.254691246793270665e+01 4.167993097152121607e+01 4.082057153097564850e+01 3.996961465260739743e+01 3.912584210524349260e+01 3.829083284791391151e+01 3.746321531632037249e+01 3.664435875330133996e+01 3.583356545099244528e+01 3.503248467923681631e+01 3.423896753251229796e+01 3.345518715378867114e+01 3.268096180989645916e+01 3.191540868034729073e+01 3.115903107809156936e+01 3.041259072567892474e+01 2.967602800465690649e+01 2.894898181004509397e+01 2.823226218451874203e+01 2.752572193693136882e+01 2.682879615991177147e+01 2.614252943287606001e+01 2.546648109052453890e+01 2.480123829398806024e+01 2.414661640216524319e+01 2.350234797387202690e+01 2.286957781736608197e+01 2.224711187484457042e+01 2.163589671936951930e+01 2.103540638710221700e+01 2.044626216672779151e+01 1.986870101036829439e+01 1.930207333946444237e+01 1.874654589136098792e+01 1.820258976022479658e+01 1.767001601026555591e+01 1.714878783559842290e+01 1.663874239682051481e+01 1.614031424232950229e+01 1.565364990705935355e+01 1.517796228380190371e+01 1.471413681362826509e+01 1.426162727572753930e+01 1.382078769775252347e+01 1.339136677757424287e+01 1.297335522198617141e+01 1.256660116958837570e+01 1.217114130088637936e+01 1.178739587371221376e+01 1.141498844426137538e+01 1.105378584863854208e+01 1.070370053662381693e+01 1.036495057544576426e+01 1.003757905283743135e+01 9.721899510420129786e+00 9.416955352099144250e+00 9.111350654906114954e+00 8.801225445561511762e+00 8.533060437066254167e+00 8.296099367088805465e+00 8.045777045294844498e+00 7.806717186082712701e+00 7.578712875189308917e+00 7.361886391371397664e+00 7.156439157174010468e+00 6.962350993301502200e+00 6.779981087079789859e+00 6.609725740825678209e+00 6.451825452139859252e+00 6.306656993108195053e+00 6.174993248152071956e+00 6.057508202368433459e+00 5.955593501742095341e+00 5.870232988208046621e+00 5.803579327469565285e+00 5.757961890514029513e+00 5.735869114729419849e+00 5.741998668977688070e+00 5.781706803660080496e+00 5.862802347710561079e+00 5.994450292554198256e+00 6.190475530319760722e+00 6.469694777073553560e+00 6.858764812925222110e+00 7.391739154501319575e+00 8.116101291723099465e+00 9.092890349378436099e+00 1.039209335991930772e+01
7.625526924620066893e+01 7.521755992057943274e+01 7.418373214075877797e+01 7.315235048829987363e+01 7.212325259836278235e+01 7.109795676714372803e+01 7.007667217252824798e+01 6.905929671891118460e+01 6.804443390212352938e+01 6.703370799219081277e+01 6.602770643854846355e+01 6.502496353412536223e+01 6.402753097974762397e+01 6.303319186345712666e+01 6.204341798939682917e+01 6.105898903384705534e+01 6.007772896056607692e+01 5.910220903479812193e+01 5.813153408710189751e+01 5.716542426477544581e+01 5.620445325217242782e+01 5.524828921830206951e+01 5.429800264158115652e+01 5.335266548179053814e+01 5.241406933223917974e+01 5.147976678179182386e+01 5.055138518015198912e+01 4.962958455592314522e+01 4.871371930634922620e+01 4.780423345202225960e+01 4.690117884775112600e+01 4.600500931308529573e+01 4.511522023107254142e+01 4.423198190914325778e+01 4.335591696562256203e+01 4.248722915069489403e+01 4.162622079030234801e+01 4.077246043855221558e+01 3.992543391736563763e+01 3.908758763761254329e+01 3.825710293195964340e+01 3.743496542040389841e+01 3.662046106561446379e+01 3.581477245834661005e+01 3.501777144167861167e+01 3.422936390217750358e+01 3.344977977359586419e+01 3.267912907507285780e+01 3.191780411436314679e+01 3.116481809999419639e+01 3.042260933757510344e+01 2.968964500111028570e+01 2.896588109182119908e+01 2.825260404197046427e+01 2.754898716816182969e+01 2.685432855406827457e+01 2.617144767352814938e+01 2.549784411212348090e+01 2.483551765089931962e+01 2.418277472228026426e+01 2.354090767343103252e+01 2.290941375135952995e+01 2.228921230768134976e+01 2.167983621840947706e+01 2.108066071993812685e+01 2.049307611259511930e+01 1.991660234723610046e+01 1.935051886864264148e+01 1.879628187901090186e+01 1.825281936767139257e+01 1.772077006331256399e+01 1.719963719788097833e+01 1.669009270815444523e+01 1.619233938238589943e+01 1.570519322423623620e+01 1.522986879583347886e+01 1.476556138327763712e+01 1.431246148760719805e+01 1.387096641983335310e+01 1.344098928202473964e+01 1.302183701871604171e+01 1.261409162894853253e+01 1.221792930071110561e+01 1.183310843916933663e+01 1.145912211290131033e+01 1.109557280276422020e+01 1.074506033436439800e+01 1.040413926982515136e+01 1.007475817025841280e+01 9.756748219800471134e+00 9.449598678097236970e+00 9.153297768836377912e+00 8.858888472688086324e+00 8.555715856995959712e+00 8.293422557948037621e+00 8.066391308645870950e+00 7.824188334614856188e+00 7.592805302558803149e+00 7.372349446676040863e+00 7.163091095718376877e+00 6.964939274021086923e+00 6.777822259171040642e+00 6.602427042393066436e+00 6.438620461146282281e+00 6.287194215001312259e+00 6.148442687780342197e+00 6.022872617266051165e+00 5.911713170598065226e+00 5.815342572554527578e+00 5.735920219058199265e+00 5.674573557058404383e+00 5.633856067494735775e+00 5.617207289890835398e+00 5.628001024845408651e+00 5.672194529265972562e+00 5.757795938070486841e+00 5.893638351150809029e+00 6.093817194627682454e+00 6.377004356951642805e+00 6.769305249539081970e+00 7.305479230282241332e+00 8.034122072145155613e+00 9.014838474763886111e+00 1.031902512340321465e+01
7.498765399907738072e+01 7.395490300879301060e+01 7.292535329073398032e+01 7.189965801573177373e+01 7.087744037250365636e+01 6.985964687237068915e+01 6.884455458622784363e+01 6.783384204033635001e+01 6.682719616888341818e+01 6.582451168106973682e+01 6.482617142194544613e+01 6.383239561328103662e+01 6.284328454546466247e+01 6.185791764446529584e+01 6.087791140454903172e+01 5.990237956602639713e+01 5.893151306304549308e+01 5.796582628186204289e+01 5.700527102412165448e+01 5.604953316442432509e+01 5.509920086943582618e+01 5.415379868378724382e+01 5.321463215761843912e+01 5.228059941716936265e+01 5.135259692392198616e+01 5.043003974901110098e+01 4.951405664189245925e+01 4.860333946427257956e+01 4.769923520208260470e+01 4.680228815768570882e+01 4.591161843080386973e+01 4.502704077094033153e+01 4.414978826934705580e+01 4.327933670669644783e+01 4.241614814173831860e+01 4.156045097209106842e+01 4.071109206012128823e+01 3.987026935405174299e+01 3.903701180150098793e+01 3.821191469437469124e+01 3.739425871310526617e+01 3.658482555754738286e+01 3.578392409568375854e+01 3.499143457080970165e+01 3.420728588992759711e+01 3.343218505498919058e+01 3.266557311430893407e+01 3.190830896879239731e+01 3.116007777847348237e+01 3.042124454681718504e+01 2.969158117170307420e+01 2.897169531980220469e+01 2.826157065530628998e+01 2.756093050464328797e+01 2.687020285891413707e+01 2.618945203138984823e+01 2.551883998935486986e+01 2.485893252623048255e+01 2.420870414119861280e+01 2.356936616759338676e+01 2.294045032447793631e+01 2.232178837081222156e+01 2.171415539869328981e+01 2.111714404359092967e+01 2.053052453838962776e+01 1.995510274338869650e+01 1.939104741404392840e+01 1.883733940908155446e+01 1.829507509295013179e+01 1.776346625456781680e+01 1.724339381990303011e+01 1.673475328537378104e+01 1.623665467955043340e+01 1.574965221931767800e+01 1.527444494994240110e+01 1.481001062424818215e+01 1.435687320160586822e+01 1.391485408378095912e+01 1.348391034872765637e+01 1.306447884899376533e+01 1.265599563978102537e+01 1.225903815454183388e+01 1.187281938609078225e+01 1.149774265853620392e+01 1.113385294649529200e+01 1.078088425659180416e+01 1.043877994486349614e+01 1.010793191495267251e+01 9.787857368269904157e+00 9.478851316656744075e+00 9.180422561900591916e+00 8.893122876607295169e+00 8.608012906980732737e+00 8.312207245427305935e+00 8.055765009254189479e+00 7.839253676260948822e+00 7.604572279203902774e+00 7.380859403638428518e+00 7.168062147265441553e+00 6.966200379588438629e+00 6.775130291003039318e+00 6.594971960351481144e+00 6.426457969428867045e+00 6.269541090409158635e+00 6.124334984429791184e+00 5.992063450010509662e+00 5.872651051781263121e+00 5.766946911418447286e+00 5.676618169849467321e+00 5.602569017027414944e+00 5.546660915890655019e+00 5.511182085208488068e+00 5.499338944586195765e+00 5.515135549190963715e+00 5.564135237083311480e+00 5.656768427243163977e+00 5.794137402116339430e+00 5.998099107761245108e+00 6.285470826127792066e+00 6.681758533453241000e+00 7.222026993794949945e+00 7.953937316818682213e+00 8.939200665682033531e+00 1.024830149861321082e+01
7.372629658960090637e+01 7.269914025007697944e+01 7.167539491451073275e+01 7.065528701846352533e+01 6.963885993411726361e+01 6.862762016058094616e+01 6.761976597694985003e+01 6.661631191102659955e+01 6.561690192081009343e+01 6.462249131529414115e+01 6.363293873120930044e+01 6.264693909379668213e+01 6.166643726234472922e+01 6.069054134144016643e+01 5.971936933780539647e+01 5.875353776743897072e+01 5.779236954586453834e+01 5.683660817850535807e+01 5.588608240198931298e+01 5.494113758197938324e+01 5.400167322624405131e+01 5.306676337649841457e+01 5.213826267228937894e+01 5.121559562074416050e+01 5.029815013203888441e+01 4.938753434727273373e+01 4.848321706552831500e+01 4.758462430618436656e+01 4.669285554348784473e+01 4.580708775389314980e+01 4.492853609209220878e+01 4.405632968139248362e+01 4.319184462345297959e+01 4.233311818839366936e+01 4.148253145347226933e+01 4.063944772243481651e+01 3.980339808688779613e+01 3.897531244617245960e+01 3.815465462527398444e+01 3.734222393167780751e+01 3.653770303564392918e+01 3.574117287426103928e+01 3.495328148074086272e+01 3.417368512758871191e+01 3.340331400791879446e+01 3.264100170322154781e+01 3.188809534992380534e+01 3.114371721801900605e+01 3.040859062265274204e+01 2.968264825015236497e+01 2.896621301261970061e+01 2.825946544877442435e+01 2.756288742452913709e+01 2.687536361668016838e+01 2.619759064191132936e+01 2.552984208278731160e+01 2.487212907145752894e+01 2.422515150857659094e+01 2.358777142040980834e+01 2.296100892237995339e+01 2.234496733275489433e+01 2.173891123818804161e+01 2.114398023662337067e+01 2.055943931283223947e+01 1.998583634250851304e+01 1.942226782873518331e+01 1.887022139396220410e+01 1.832887079370762962e+01 1.779843894215210653e+01 1.727906609945055649e+01 1.677039372325209854e+01 1.627334217528393268e+01 1.578673821058825766e+01 1.531162797388670960e+01 1.484722581672404118e+01 1.439392437292529259e+01 1.395176966909783545e+01 1.352092292229935033e+01 1.310081904844534506e+01 1.269186101296781999e+01 1.229391902337039255e+01 1.190683810773268725e+01 1.153096318462120173e+01 1.116610822212940057e+01 1.081200946015849951e+01 1.046862782807452774e+01 1.013617500374060043e+01 9.814572338775050753e+00 9.503740670925008516e+00 9.203553808257868951e+00 8.914126915361396897e+00 8.635218108875609033e+00 8.360507314743969687e+00 8.071623389742155652e+00 7.821819363389770352e+00 7.614640095919245510e+00 7.387861280691332411e+00 7.171701284151876798e+00 6.966144906732174569e+00 6.771322573264382250e+00 6.587286678612747082e+00 6.414324293888196138e+00 6.252624759441005153e+00 6.102162649455000754e+00 5.963517964724108111e+00 5.837125808257937365e+00 5.723708637942060307e+00 5.624169779667442803e+00 5.539567352848051129e+00 5.470904189653024829e+00 5.420086748358698969e+00 5.390107673198563099e+00 5.383289922630851265e+00 5.403464579623474151e+00 5.457163471135617172e+00 5.554325276218474272e+00 5.695848657683521665e+00 5.904212365708694676e+00 6.195172032458917677e+00 6.595383025530276555e+00 7.139639772959450070e+00 7.876032797068155844e+00 8.865444418812430172e+00 1.018011045014244331e+01
7.247395197454005711e+01 7.145073852553241522e+01 7.043286824242933619e+01 6.941809742445717291e+01 6.840858079678403669e+01 6.740320723712251549e+01 6.640243481744990106e+01 6.540614769343959267e+01 6.441491447610600574e+01 6.342802481891403943e+01 6.244639154716218599e+01 6.146960875046053729e+01 6.049735449833521272e+01 5.953125387537608049e+01 5.856883401774430098e+01 5.761224200319704636e+01 5.666098019160648391e+01 5.571522782279251373e+01 5.477450698698531539e+01 5.383994022062319118e+01 5.291060627559065210e+01 5.198732546643225305e+01 5.106988781460805882e+01 5.015772914247320813e+01 4.925248400887058153e+01 4.835288533367425856e+01 4.745949176069012054e+01 4.657284804684211821e+01 4.569273655806278356e+01 4.481928528906787790e+01 4.395296772805897945e+01 4.309267705188815256e+01 4.224019885093319715e+01 4.139432430416314190e+01 4.055606590266750544e+01 3.972555787867301547e+01 3.890236236244434309e+01 3.808742162421372512e+01 3.727929767618866919e+01 3.647886207629591127e+01 3.568804929760533895e+01 3.490490993600122493e+01 3.412970609846237835e+01 3.336314376455985808e+01 3.260483442573463009e+01 3.185675808903508610e+01 3.111621556277828304e+01 3.038508415588524514e+01 2.966350131972176385e+01 2.895085477708955324e+01 2.824768973877123202e+01 2.755387982658271540e+01 2.686959013445136080e+01 2.619515274761916501e+01 2.553071849248505032e+01 2.487608935773016938e+01 2.423110631758548195e+01 2.359713904864788603e+01 2.297261398124493681e+01 2.235841988145769221e+01 2.175493250300993964e+01 2.116174301654398704e+01 2.057882476897394497e+01 2.000668321541583339e+01 1.944552135810487670e+01 1.889480533072971369e+01 1.835419376480472664e+01 1.782498000521533044e+01 1.730653222024301030e+01 1.679910621593170106e+01 1.630239076990204339e+01 1.581670205398575391e+01 1.534145425717394673e+01 1.487751782658279787e+01 1.442455096370953704e+01 1.398242591712592997e+01 1.355114704559692385e+01 1.313107763384450166e+01 1.272149234779310589e+01 1.232288027987923407e+01 1.193605090579150740e+01 1.155916154148807173e+01 1.119314388992558307e+01 1.083786292294159992e+01 1.049344307579266378e+01 1.015959560784500582e+01 9.836911426579709072e+00 9.524379057286669337e+00 9.222773692641961674e+00 8.931134914685468829e+00 8.650759944428809689e+00 8.380241016560418643e+00 8.115609356240049976e+00 7.833724328372815293e+00 7.590700160371788741e+00 7.392055125581098451e+00 7.173335813456505505e+00 6.964518516561868822e+00 6.766651370412057886e+00 6.578970291737650911e+00 6.401527664513539939e+00 6.235693898043514594e+00 6.080489375315789147e+00 5.936637663216270511e+00 5.804037863407785380e+00 5.683872669054945703e+00 5.576587269942434588e+00 5.482879253894235028e+00 5.403591618509118177e+00 5.340366106388383827e+00 5.295327447022513567e+00 5.269945897431171922e+00 5.268014128996156842e+00 5.293355770433716856e+00 5.351170076824985244e+00 5.453054923914812946e+00 5.598732199399658604e+00 5.811429583281146449e+00 6.106669169670286834e+00 6.510482318060539342e+00 7.058615562354342288e+00 7.799000438829517989e+00 8.794152116793830132e+00 1.011484128932609394e+01
7.122827349925911733e+01 7.021031395326315305e+01 6.919788163266802883e+01 6.818967060168749583e+01 6.718653881504670267e+01 6.618869023040126365e+01 6.519420046879864117e+01 6.420561226277550304e+01 6.322160845807343321e+01 6.224329390780110316e+01 6.126863840103688830e+01 6.030020528272268621e+01 5.933709480889476140e+01 5.837967920318533999e+01 5.742674662798891916e+01 5.647966227562510966e+01 5.553767724526586136e+01 5.460206632071316335e+01 5.367180840605616510e+01 5.274735697719796690e+01 5.182830507177570212e+01 5.091527939264531000e+01 5.000887869971539601e+01 4.910770733367591134e+01 4.821342681524064488e+01 4.732577014134762550e+01 4.644380563321202260e+01 4.556883624030905366e+01 4.470051225292252894e+01 4.383877306535433149e+01 4.298399611920391550e+01 4.213687050291610348e+01 4.129640101786432638e+01 4.046349095489937042e+01 3.963725368083630229e+01 3.881899238891109860e+01 3.800864265782541196e+01 3.720559616935914704e+01 3.641073565761865183e+01 3.562350631351254293e+01 3.484429055470445036e+01 3.407489939026411463e+01 3.331281195967981290e+01 3.255929510555203166e+01 3.181427062673565231e+01 3.107859243432545782e+01 3.035173817954026632e+01 2.963344450955147735e+01 2.892450187124191530e+01 2.822496041268552958e+01 2.753502442925127625e+01 2.685397073198915052e+01 2.618294145503685755e+01 2.552142911160295569e+01 2.486947161410498808e+01 2.422806797159810088e+01 2.359648788599523073e+01 2.297487653036023403e+01 2.236270272811613324e+01 2.176137754045730333e+01 2.117019286604080364e+01 2.058955740486014818e+01 2.001949127208965251e+01 1.945960890226282558e+01 1.891028116870561249e+01 1.837146780960008385e+01 1.784378245015747666e+01 1.732635880193037536e+01 1.681927490656901369e+01 1.632379291207398708e+01 1.583888216585044262e+01 1.536457621175919641e+01 1.490116624454791427e+01 1.444829154860188858e+01 1.400616040775540760e+01 1.357540335350534377e+01 1.315473898404188091e+01 1.274534343397183456e+01 1.234674236721359186e+01 1.195863654131067477e+01 1.158125127474274407e+01 1.121459989313979833e+01 1.085876987316735054e+01 1.051338865921910326e+01 1.017860003874666575e+01 9.854444309241362276e+00 9.540594457765628533e+00 9.237658613895627369e+00 8.944666793522959125e+00 8.662036660664318433e+00 8.389961943847158210e+00 8.128193959330721086e+00 7.872594813389055091e+00 7.598341134810659980e+00 7.361914908063937446e+00 7.172266298907170601e+00 6.961126171961351972e+00 6.759978225164575250e+00 6.569032547547715595e+00 6.388692202208390292e+00 6.218438147500005009e+00 6.058988070970228179e+00 5.910545475296025586e+00 5.772837152143372563e+00 5.646543570216389085e+00 5.532490309733228528e+00 5.430925017535559007e+00 5.343020200673642250e+00 5.269199684917991178e+00 5.211554955811347867e+00 5.171318404136771463e+00 5.151315822149149071e+00 5.154450170894076422e+00 5.184291009573405162e+00 5.246758122983264272e+00 5.352938127213368702e+00 5.503091704893481761e+00 5.719751178509824285e+00 6.018922895181344046e+00 6.427095093023771355e+00 6.979603554270308763e+00 7.724572342602153974e+00 8.724889882641539529e+00 1.005145265096613016e+01
6.999171632494783069e+01 6.897980670769182154e+01 6.797210545684910699e+01 6.697034422272894005e+01 6.597333730028400112e+01 6.498157295028354952e+01 6.399486910792894179e+01 6.301387546570571629e+01 6.203698992337106688e+01 6.106594192161950474e+01 6.010026923494018547e+01 5.914107645971460414e+01 5.818622985256953939e+01 5.723667900367628647e+01 5.629310744548781287e+01 5.535629073019554625e+01 5.442360258743376278e+01 5.349769175551382006e+01 5.257735612272493597e+01 5.166251701628537063e+01 5.075443437498470445e+01 4.985213828878222131e+01 4.895613477820954529e+01 4.806622278887599009e+01 4.718343551974961514e+01 4.630640992519607835e+01 4.543642812777868301e+01 4.457282857028507550e+01 4.371579801239211349e+01 4.286642232675062303e+01 4.202366917297013771e+01 4.118836555288057610e+01 4.036021226649243232e+01 3.953884489142846803e+01 3.872527029526074926e+01 3.792014603827566788e+01 3.712227452716977183e+01 3.633172676088287290e+01 3.554910407352060986e+01 3.477536020426392582e+01 3.400923494151554394e+01 3.325200051067268703e+01 3.250270008520111986e+01 3.176233805478745253e+01 3.103080215099611650e+01 3.030677120325607632e+01 2.959325638656276070e+01 2.888846042869427322e+01 2.819267564654810343e+01 2.750564948164846513e+01 2.682842505647223774e+01 2.616049861062050752e+01 2.550267420947064423e+01 2.485419499324742532e+01 2.421482958891302317e+01 2.358609497220248841e+01 2.296687566085945420e+01 2.235788405108811716e+01 2.175844498632553226e+01 2.116969422841034998e+01 2.059159768780972755e+01 2.002326824316319431e+01 1.946512696984553514e+01 1.891750746407543460e+01 1.838089013847346109e+01 1.785399605692038350e+01 1.733796033795872304e+01 1.683301835939906610e+01 1.633786182579564183e+01 1.585363622698799979e+01 1.538021292959854591e+01 1.491699438081670692e+01 1.446516403043447418e+01 1.402373064972296568e+01 1.359274458491889170e+01 1.317230999679215309e+01 1.276271433490497920e+01 1.236379101085093346e+01 1.197584818681272090e+01 1.159784104295610341e+01 1.123075075430987013e+01 1.087405747426805114e+01 1.052800872382980657e+01 1.019258858660638722e+01 9.867357807430643390e+00 9.552669999662343869e+00 9.248129743663891844e+00 8.953960379803671543e+00 8.670048085537040095e+00 8.396046878014729486e+00 8.132881001358638784e+00 7.879476383667272543e+00 7.632521026309735390e+00 7.365799591783172673e+00 7.136492420709772411e+00 6.955079764544280785e+00 6.751342807913706778e+00 6.557716694699610827e+00 6.374053287294712433e+00 6.200398193148126680e+00 6.037178024873945503e+00 5.884333764178395043e+00 5.742019932048291864e+00 5.611095050912917159e+00 5.490830213206809418e+00 5.382876637532529429e+00 5.287213747125763419e+00 5.204551987719730377e+00 5.136591231643850008e+00 5.084181989605374596e+00 5.049230866345255642e+00 5.033943818786679181e+00 5.041739889977470135e+00 5.076607953654177052e+00 5.143403201895646149e+00 5.254261627057355000e+00 5.408630542760728410e+00 5.629502561690724605e+00 5.933065022392858268e+00 6.345478611604549180e+00 6.902469804541377485e+00 7.652831908463097577e+00 8.657875807008274194e+00 9.991284317179561114e+00
6.876562200014861048e+01 6.775829585851724346e+01 6.675691441760920952e+01 6.576073645373938348e+01 6.477017582768966975e+01 6.378424641150735397e+01 6.280533334708788828e+01 6.183047214514832746e+01 6.086185868150446510e+01 5.989903993503289570e+01 5.894151942808565536e+01 5.798977621209423461e+01 5.704366445468336622e+01 5.610361624791878654e+01 5.516940002835022483e+01 5.424081558739641906e+01 5.331834276292739361e+01 5.240175145843267757e+01 5.149161843767146962e+01 5.058693078901802664e+01 4.968958966398724186e+01 4.879754129755870196e+01 4.791216729453229561e+01 4.703375594923498682e+01 4.616126066012645879e+01 4.529625976109197438e+01 4.443706119704390289e+01 4.358520406105582623e+01 4.274037778924002851e+01 4.190172044873740020e+01 4.107116445750521905e+01 4.024795895257763334e+01 3.943165171768701072e+01 3.862286687792472151e+01 3.782216618988136503e+01 3.702849782200387807e+01 3.624333013477670562e+01 3.546565631701179200e+01 3.469548907936589188e+01 3.393419772043748850e+01 3.318141256979664178e+01 3.243604301182868710e+01 3.169994303584947559e+01 3.097249816838417757e+01 3.025333814296814339e+01 2.954329067808438936e+01 2.884221021646188277e+01 2.815025462601645856e+01 2.746716567414462418e+01 2.679328241807058575e+01 2.612860111085181103e+01 2.547392185455051816e+01 2.482818544424974050e+01 2.419283316215984314e+01 2.356671490370943900e+01 2.295008949193724135e+01 2.234384178890888961e+01 2.174762007686278409e+01 2.116107342946786929e+01 2.058494101244742325e+01 2.001880839274731017e+01 1.946300524054599279e+01 1.891721905696096684e+01 1.838136972836939975e+01 1.785657338320651988e+01 1.734184317269586018e+01 1.683796475094092671e+01 1.634410994896707692e+01 1.586094895091300039e+01 1.538837774967903904e+01 1.492630206038593244e+01 1.447481515439598176e+01 1.403373924233757286e+01 1.360332381548745673e+01 1.318332497599755726e+01 1.277411051120616037e+01 1.237521471111766580e+01 1.198682317926395058e+01 1.160867870079531627e+01 1.124136766555778877e+01 1.088421487499253715e+01 1.053779700928911822e+01 1.020139197539435827e+01 9.875525301395416733e+00 9.559683462696765943e+00 9.254331623544487684e+00 8.958666243166234722e+00 8.673496062598973211e+00 8.398574233216660190e+00 8.133361700583440879e+00 7.878314868668323534e+00 7.633458458663167079e+00 7.395293585495188893e+00 7.135736092478028425e+00 6.913610786343116210e+00 6.740604736435395594e+00 6.544164200488655325e+00 6.357563379036701434e+00 6.181112814237421205e+00 6.014555893300133071e+00 5.858092372397538661e+00 5.711866211361050105e+00 5.576027919583892434e+00 5.451081064532226073e+00 5.337045215670121578e+00 5.234957037630216803e+00 5.144846148980953160e+00 5.068080965100363322e+00 5.005337344814786427e+00 4.958146150884612524e+00 4.928269111288507531e+00 4.918134881837987749e+00 4.930644208361312231e+00 4.970058457566361554e+00 5.041744531883507463e+00 5.156739036043466839e+00 5.315223666886959464e+00 5.540464432138747952e+00 5.848584614390983205e+00 6.265250462097537998e+00 6.826945329463396384e+00 7.582083275908024333e+00 8.593026390461277586e+00 9.933464059443764427e+00
6.754857565783230200e+01 6.654726175199742499e+01 6.555164887484198744e+01 6.456144070543462021e+01 6.357694169309595367e+01 6.259798847699550350e+01 6.162548272077078337e+01 6.065803812562411679e+01 5.969686082843799113e+01 5.874148127991632151e+01 5.779224028865906604e+01 5.684870294435586402e+01 5.591154215412894501e+01 5.497985667445881575e+01 5.405464105656201212e+01 5.313562044335993306e+01 5.222224118295428497e+01 5.131558392795268730e+01 5.041548523178400387e+01 4.952144263076021247e+01 4.863337296984182956e+01 4.775216892564044713e+01 4.687784162492489060e+01 4.600952773549295927e+01 4.514846271797947708e+01 4.429421951272431102e+01 4.344607414370084086e+01 4.260624779595324441e+01 4.177294186094530204e+01 4.094611669151380084e+01 4.012723022660609473e+01 3.931577410855777543e+01 3.851210255114545333e+01 3.771508325618880519e+01 3.692657189271324114e+01 3.614531431414855689e+01 3.537226660970132741e+01 3.460691379719079919e+01 3.384984394759295157e+01 3.310117216062281642e+01 3.236061901584638179e+01 3.162848044520502100e+01 3.090507101720774230e+01 3.018998969965184287e+01 2.948404302971907498e+01 2.878632393636670983e+01 2.809768282483042867e+01 2.741902988556825704e+01 2.674877208092428660e+01 2.608755265955170444e+01 2.543606423438334829e+01 2.479384666315723607e+01 2.416130249895415005e+01 2.353802832092448583e+01 2.292446361537093935e+01 2.232089359687508079e+01 2.172753600132435281e+01 2.114313209360550871e+01 2.056922114134210844e+01 2.000564538272077186e+01 1.945148297591022768e+01 1.890806950114826179e+01 1.837437681862038730e+01 1.785146125501514547e+01 1.733860361052107635e+01 1.683565380714258097e+01 1.634312209093810964e+01 1.586103809893643124e+01 1.538958783146254738e+01 1.492856804168546425e+01 1.447788673966441308e+01 1.403750795718100619e+01 1.360777143743483464e+01 1.318820831708185182e+01 1.277907981370550772e+01 1.238062489889357742e+01 1.199223670275946318e+01 1.161386495276873809e+01 1.124657061806558822e+01 1.088926661261508855e+01 1.054234551476821480e+01 1.020557200963890843e+01 9.878739228507061654e+00 9.562278325952366487e+00 9.255782707322579128e+00 8.959684706506166663e+00 8.673044764780435401e+00 8.397011678222799702e+00 8.130423317178925302e+00 7.873855334542789741e+00 7.627217044052692074e+00 7.390277784420973717e+00 7.160312992452033676e+00 6.908622729434910070e+00 6.694190679668421851e+00 6.528708663411853408e+00 6.339717293055457503e+00 6.160478300546534669e+00 5.990819811662595029e+00 5.830925345062376586e+00 5.681053537373815132e+00 5.541226273874055863e+00 5.411760092219108920e+00 5.292988152404920044e+00 5.185198496475829089e+00 5.088684111916885300e+00 5.004471334510929736e+00 4.933050559048124839e+00 4.875709364504809962e+00 4.833457745330582256e+00 4.808878009930362296e+00 4.803798872673148423e+00 4.820904310513918212e+00 4.865211925696066864e+00 4.941257489520667789e+00 5.060691268129180465e+00 5.223646047266461423e+00 5.452985493211692791e+00 5.765269567237396586e+00 6.186348784074525042e+00 6.752770413448150322e+00 7.513530292635417496e+00 8.530694359953717054e+00 9.878404919732453493e+00
6.634350045588735156e+01 6.534696730012636579e+01 6.435696776743438363e+01 6.337207342482111017e+01 6.239437740996605442e+01 6.142214802629142412e+01 6.045580080635642872e+01 5.949601447802734810e+01 5.854212381035281965e+01 5.759457976570872972e+01 5.665348151223182782e+01 5.571814552601566106e+01 5.478911901692992359e+01 5.386649011956728117e+01 5.294998608819463470e+01 5.204019650707647315e+01 5.113682927742297579e+01 5.023955628146813268e+01 4.934897079083905425e+01 4.846463830915372029e+01 4.758756868552068653e+01 4.671658369139780831e+01 4.585269569217662422e+01 4.499546711590144099e+01 4.414491563723680656e+01 4.330128514300808718e+01 4.246542770648628107e+01 4.163628826874021627e+01 4.081443010680141015e+01 3.999963319203092738e+01 3.919281611963775447e+01 3.839274919716060452e+01 3.760063966435802740e+01 3.681625239355226142e+01 3.603918547040795062e+01 3.527069413797148911e+01 3.450987970362483281e+01 3.375685921938467260e+01 3.301210668762115574e+01 3.227618638043416865e+01 3.154804756612864480e+01 3.082901726652113084e+01 3.011754994002140506e+01 2.941510364994447357e+01 2.872189830160196777e+01 2.803747532395458464e+01 2.736142100389148268e+01 2.669495303963342892e+01 2.603771367911154044e+01 2.538924450922224096e+01 2.475043001704314705e+01 2.412122364670552344e+01 2.350087653805640286e+01 2.289046378399457637e+01 2.228929417560224735e+01 2.169844692684765874e+01 2.111703486851295253e+01 2.054567960641068325e+01 1.998351763386450131e+01 1.943252130136815481e+01 1.889089728517844335e+01 1.835915259445420844e+01 1.783784559880407983e+01 1.732684501713223213e+01 1.682570311122379891e+01 1.633471345332446845e+01 1.585425391089222380e+01 1.538395994282766210e+01 1.492387481693904228e+01 1.447337782227549141e+01 1.403427117199658269e+01 1.360534614598218894e+01 1.318649009835459651e+01 1.277755732870494754e+01 1.237936561486180409e+01 1.199146328783726645e+01 1.161357279411259213e+01 1.124598812954147320e+01 1.088881342118698292e+01 1.054128547940499416e+01 1.020405291732486930e+01 9.877005373321601667e+00 9.559961597031607639e+00 9.252715415793256071e+00 8.955857188433791194e+00 8.668619659251785237e+00 8.391062820616678408e+00 8.123537676959424303e+00 7.865941987069236419e+00 7.617707705161002707e+00 7.379132590724846175e+00 7.150515765065367901e+00 6.928377723696755197e+00 6.684383042407471720e+00 6.477507200954613076e+00 6.319495331378810477e+00 6.137526416954319330e+00 5.965300650088400936e+00 5.802530317054099385e+00 5.649681092580127739e+00 5.506377308524879055e+00 5.372976881623115375e+00 5.249752833672516772e+00 5.136930384500859148e+00 5.034846896098555291e+00 4.944178620649697820e+00 4.865636405844975698e+00 4.799677031995552845e+00 4.747668916585245924e+00 4.710655029852817144e+00 4.690892137676028639e+00 4.690434827952739028e+00 4.712505390675458372e+00 4.761151757863246736e+00 4.841719956381329126e+00 4.965314846755730649e+00 5.133086716798862525e+00 5.367016647963474441e+00 5.683388986720327551e+00 6.109013116227068885e+00 6.680326912063561551e+00 7.446158880011299885e+00 8.470495725536174803e+00 9.826134801900654026e+00
6.514881915765722908e+01 6.415783541888413311e+01 6.317281434851604871e+01 6.219524486497201110e+01 6.122320985949958327e+01 6.025712385924349235e+01 5.929781328386669514e+01 5.834512828919336158e+01 5.739836664607651784e+01 5.645822109509235531e+01 5.552506900059517392e+01 5.459795525771162517e+01 5.367762911311664453e+01 5.276338676902629743e+01 5.185593627016204721e+01 5.095526071777108967e+01 5.006094746391786998e+01 4.917331324475825483e+01 4.829225375618371174e+01 4.741782523412331329e+01 4.655119243217362879e+01 4.569041280821151929e+01 4.483704944965671046e+01 4.399040268549126154e+01 4.315112033704316019e+01 4.231850199867731277e+01 4.149369739476492924e+01 4.067571690546175489e+01 3.986540410034983495e+01 3.906223215346544464e+01 3.826622921720995407e+01 3.747874039871233265e+01 3.669810803419251499e+01 3.592581352767452074e+01 3.516112987365076492e+01 3.440454871407177251e+01 3.365600357208219151e+01 3.291564123169876410e+01 3.218327190285757666e+01 3.145921622598030254e+01 3.074400821508813664e+01 3.003637268143160099e+01 2.933868537338178939e+01 2.864910154469251324e+01 2.796779126032302543e+01 2.729613684713686439e+01 2.663271191697407403e+01 2.597901668710316159e+01 2.533381706598774130e+01 2.469864673109163533e+01 2.407206357100313454e+01 2.345526217471996944e+01 2.284768367314456938e+01 2.225016523831111570e+01 2.166123858307594929e+01 2.108233244620807412e+01 2.051374532518048710e+01 1.995492504326096395e+01 1.940525637623320421e+01 1.886574679587598169e+01 1.833694141619431761e+01 1.781731513897944907e+01 1.730753491716738779e+01 1.680786291000775279e+01 1.631881896609590399e+01 1.583966461519458235e+01 1.537080905884398163e+01 1.491207293165763836e+01 1.446333885857069568e+01 1.402474137284304234e+01 1.359648201401894063e+01 1.317832713330848726e+01 1.277029527288425825e+01 1.237267411262598138e+01 1.198448571418371245e+01 1.160729075484112727e+01 1.123995449585272155e+01 1.088230874309291707e+01 1.053517642266590393e+01 1.019793277247695862e+01 9.870397307843125745e+00 9.552728839953150697e+00 9.245119084406528742e+00 8.947544972968579202e+00 8.659718807760619086e+00 8.381526614863620495e+00 8.112779939860526923e+00 7.853849651115741182e+00 7.604549486797895774e+00 7.364785108706451311e+00 7.134485404706270018e+00 6.913723824679807173e+00 6.699179872402138969e+00 6.463083131745028354e+00 6.264050328003767376e+00 6.112820958718589992e+00 5.938301323024508527e+00 5.773152297228312690e+00 5.617256223938216664e+00 5.470777800923687373e+00 5.333861251864425057e+00 5.206870557616626982e+00 5.089849433092330955e+00 4.982703204258931429e+00 4.886613656179417120e+00 4.801874729961042476e+00 4.728618683923569321e+00 4.668207622189701311e+00 4.621074368000622101e+00 4.589327380834095749e+00 4.574577131000589603e+00 4.578756517277793314e+00 4.605718263053382167e+00 4.658871636558769680e+00 4.743518324933382324e+00 4.871717516884244148e+00 5.043734779041042060e+00 5.281941002162415799e+00 5.603121544327072101e+00 6.033490369306715451e+00 6.609880928567369196e+00 7.381824772776157673e+00 8.412534850894481053e+00 9.776121991138186473e+00
6.396567314399064230e+01 6.298061688579112172e+01 6.200145971952107971e+01 6.102888489875613232e+01 6.006251466616656387e+01 5.910363743977746509e+01 5.815093586980283646e+01 5.720549325220405024e+01 5.626628206558952172e+01 5.533351900877225660e+01 5.440829209400859412e+01 5.348942820971434031e+01 5.257700150122255423e+01 5.167186526623511611e+01 5.077284584450546845e+01 4.988073111723957709e+01 4.899574424697471642e+01 4.811792544647060055e+01 4.724650122840876776e+01 4.638217387003162884e+01 4.552509162299192980e+01 4.467477858507803745e+01 4.383159366894935260e+01 4.299547815362983272e+01 4.216688834760235238e+01 4.134528395412152690e+01 4.053100313249549913e+01 3.972466209722250596e+01 3.892607984090099649e+01 3.813393355459815126e+01 3.734969733538902403e+01 3.657390721739610484e+01 3.580484859768677808e+01 3.504442984739386446e+01 3.429181971489941816e+01 3.354767688827489991e+01 3.281093239422588681e+01 3.208235443211273719e+01 3.136237482944811461e+01 3.065138682311250307e+01 2.994774086122696843e+01 2.925329516959066467e+01 2.856693113721605570e+01 2.789039308646892223e+01 2.722144479548007467e+01 2.656230419244455376e+01 2.591175032607376849e+01 2.527029460635163005e+01 2.463822647036156965e+01 2.401492477898384692e+01 2.340155943603792110e+01 2.279678688635183903e+01 2.220208196920334842e+01 2.161629982205377587e+01 2.104056435717246387e+01 2.047418217034410048e+01 1.991719978765931387e+01 1.937062733371763912e+01 1.883377536495065385e+01 1.830616761744952115e+01 1.778858600668713308e+01 1.728083617661401306e+01 1.678353373535331627e+01 1.629590056376657259e+01 1.581841685295022337e+01 1.535082064420046954e+01 1.489308059952252350e+01 1.444624197115130748e+01 1.400852066097206716e+01 1.358101027330705968e+01 1.316394698663705398e+01 1.275681564497199716e+01 1.235933007743023104e+01 1.197206297627149141e+01 1.159527732856470195e+01 1.122785596559342558e+01 1.087074227475285326e+01 1.052359552640275098e+01 1.018609117981423751e+01 9.858796909997757041e+00 9.541007931089495742e+00 9.233100312696862488e+00 8.934835533055085932e+00 8.646267867642299265e+00 8.367102227828537409e+00 8.097838203141449753e+00 7.838337935198524953e+00 7.587804996462709894e+00 7.346796874011552347e+00 7.115300940347180081e+00 6.893108212048170813e+00 6.680313584179220499e+00 6.473013728082155360e+00 6.244739119130593430e+00 6.053727906491057631e+00 5.909182872635032169e+00 5.741483095631750189e+00 5.583333753446295233e+00 5.434124952589591828e+00 5.294448621164072222e+00 5.163671162170546225e+00 5.042945426884648086e+00 4.931777118274460747e+00 4.831128794225891809e+00 4.740487904343948955e+00 4.661069192975475062e+00 4.593346280400345094e+00 4.537836768269754018e+00 4.496165106304350623e+00 4.469555053450946502e+00 4.459251575757672725e+00 4.468561246904001472e+00 4.499847036070613981e+00 4.557421206588352369e+00 4.647087261743932274e+00 4.779183090287652647e+00 4.955865565898031733e+00 5.198436046706178537e+00 5.523816832740990890e+00 5.959152361430996692e+00 6.540989978522027570e+00 7.318688705511089410e+00 8.356852497611811259e+00 9.729183889430592203e+00
6.279585242165535419e+01 6.181569225700805958e+01 6.084112557762824025e+01 5.987469360106987182e+01 5.891475563187300679e+01 5.796191172609928088e+01 5.701648974664821168e+01 5.607735989994133519e+01 5.514577951777373244e+01 5.422063796510945366e+01 5.330257146694240333e+01 5.239181018145699653e+01 5.148775832708448519e+01 5.059120610901310755e+01 4.970077347259577039e+01 4.881814742710347588e+01 4.794198895605391897e+01 4.707327825428949808e+01 4.621146151523969081e+01 4.535714638471920779e+01 4.450993980616316748e+01 4.366981527297757282e+01 4.283701334271153627e+01 4.201144292432906724e+01 4.119330355073370953e+01 4.038287744507110943e+01 3.957969522739788459e+01 3.878395708703536826e+01 3.799578547467470457e+01 3.721554125052276873e+01 3.644323202781288984e+01 3.567827410509742947e+01 3.492149576326756488e+01 3.417288142719184663e+01 3.343196083325508994e+01 3.269933453059036310e+01 3.197505782172214239e+01 3.125898655466115983e+01 3.055081706164769528e+01 2.985151809144685942e+01 2.916082960930870271e+01 2.847856613791076441e+01 2.780476022370665845e+01 2.714023159862792767e+01 2.648449286773569966e+01 2.583701045701112164e+01 2.519926282658722272e+01 2.456969280175472647e+01 2.394997694921104880e+01 2.333960444733014228e+01 2.273782064907214817e+01 2.214568800946653582e+01 2.156342230707305418e+01 2.099039558885951351e+01 2.042629544188727664e+01 1.987286453103793704e+01 1.932810477746726008e+01 1.879304437605542333e+01 1.826835261921757692e+01 1.775278433478647599e+01 1.724723114935101620e+01 1.675169029918963659e+01 1.626610405726600561e+01 1.579031718124316264e+01 1.532407197828788981e+01 1.486782967144670842e+01 1.442206838720099249e+01 1.398557756187786083e+01 1.355962080925347024e+01 1.314328058315704695e+01 1.273703665242246252e+01 1.234043298710276737e+01 1.195412939780197092e+01 1.157738301307648143e+01 1.121055791525353840e+01 1.085362889568631850e+01 1.050619373843688642e+01 1.016915603589028194e+01 9.842276217915181036e+00 9.524110545761288904e+00 9.215721979482616177e+00 8.917440016229093658e+00 8.628819768972629589e+00 8.348869201636933468e+00 8.078960488855813082e+00 7.818655252049344639e+00 7.567468544926924778e+00 7.325325183304542520e+00 7.092336455611270019e+00 6.869291017729295845e+00 6.654935408388817919e+00 6.449823103176221650e+00 6.249491397328499787e+00 6.029471348146230980e+00 5.846675776100973110e+00 5.708305920990963678e+00 5.547832862869772619e+00 5.396182018987083495e+00 5.253388733630359297e+00 5.120095646827604874e+00 4.995806481591413828e+00 4.880958972855776068e+00 4.776059170350499983e+00 4.681053253624112287e+00 4.596293803339457362e+00 4.522328776656536320e+00 4.459841943959785837e+00 4.409688065966910209e+00 4.373019672060474150e+00 4.351043065878523741e+00 4.345647528636287227e+00 4.359631071524871615e+00 4.395546771420799637e+00 4.457582214725752223e+00 4.551710266282249506e+00 4.688420035547680165e+00 4.869074370269999008e+00 5.116356368757434936e+00 5.446249649199774723e+00 5.886489403835415857e+00 6.473921285350792587e+00 7.258265049364920785e+00 8.303749422587358708e+00 9.684928132688607860e+00
6.163821379663858835e+01 6.066307168043199027e+01 5.969454211579654412e+01 5.873331268665727123e+01 5.777949452958775822e+01 5.683288004996560971e+01 5.589402996148762526e+01 5.496195740996923007e+01 5.403712561461357922e+01 5.311969146928375807e+01 5.220934925101232693e+01 5.130610492678422219e+01 5.041073448281767355e+01 4.952185146716644226e+01 4.864046229399748000e+01 4.776609728013575307e+01 4.689959744865451796e+01 4.603949689626537634e+01 4.518770762461941359e+01 4.434323419083197848e+01 4.350567514402747804e+01 4.267547117813621327e+01 4.185285248953491788e+01 4.103763931791637276e+01 4.022996666298674739e+01 3.943073129379857988e+01 3.863769204027480697e+01 3.785369599519957973e+01 3.707647634924373392e+01 3.630736312927507470e+01 3.554629707645099757e+01 3.479311570356826877e+01 3.404803402115413746e+01 3.331078629587660345e+01 3.258172009215905263e+01 3.186083582875570741e+01 3.114847169961625184e+01 3.044414197024703128e+01 2.974811435556351569e+01 2.906128700817348687e+01 2.838235662743514709e+01 2.771292921134877929e+01 2.705106733771591720e+01 2.639881325997458461e+01 2.575503141945682017e+01 2.512016027621313441e+01 2.449450045182730662e+01 2.387805144267610657e+01 2.327015750321927001e+01 2.267186153174048968e+01 2.208269990783832171e+01 2.150298987260531547e+01 2.093258780706431921e+01 2.037175547997635050e+01 1.981979701604872446e+01 1.927844736897770161e+01 1.874578882563253757e+01 1.822315081837545492e+01 1.771051050926601889e+01 1.720664253601790250e+01 1.671298064953502660e+01 1.622908519166396246e+01 1.575499740659441805e+01 1.529014675045555727e+01 1.483605307372073412e+01 1.439122844294443659e+01 1.395659071619642688e+01 1.353159579540364987e+01 1.311624362110056552e+01 1.271126564684191784e+01 1.231585927034487504e+01 1.192988915622069612e+01 1.155369945603901272e+01 1.118757665704903559e+01 1.083114486566841883e+01 1.048464329615159585e+01 1.014776441634835891e+01 9.820359388777310627e+00 9.502419199283728801e+00 9.194428386953489962e+00 8.895597690549617909e+00 8.606541653387200341e+00 8.326670824237147883e+00 8.056209536111158087e+00 7.794976580278123457e+00 7.543003262166624978e+00 7.300333810226932840e+00 7.066681145445996570e+00 6.842472343000638446e+00 6.627027007775665446e+00 6.420565235705089080e+00 6.222867344837723635e+00 6.029057754878408559e+00 5.816970984592884086e+00 5.642550474351304857e+00 5.510505230894946038e+00 5.356767888720026960e+00 5.211447552696101937e+00 5.075545310918894160e+00 4.948448165963892365e+00 4.830573482003486241e+00 4.721720289503084089e+00 4.622354544124207543e+00 4.532844541938485960e+00 4.453821706472127495e+00 4.385189259827704689e+00 4.327870244586618398e+00 4.282982297157566620e+00 4.251403262621411550e+00 4.234362589626982754e+00 4.233319679819357972e+00 4.252289805748954876e+00 4.292692838688594748e+00 4.359199976711014557e+00 4.457804803057785037e+00 4.598642064361002646e+00 4.784059579166788367e+00 5.035403379650860600e+00 5.370185080978862047e+00 5.815615167590926227e+00 6.408713087215279103e+00 7.199470999549550498e+00 8.252715025481938582e+00 9.643466068054939555e+00
6.049432565471882839e+01 5.952379207057529698e+01 5.856009131816988145e+01 5.760472077463762730e+01 5.665746030515985865e+01 5.571707551128683633e+01 5.478433961334359026e+01 5.385917188409390377e+01 5.294145863426903276e+01 5.203105260871119242e+01 5.112831014999122914e+01 5.023268392830902940e+01 4.934528381675035291e+01 4.846514351813716814e+01 4.759226626224655377e+01 4.672684531782221029e+01 4.586874215652980524e+01 4.501870751143602689e+01 4.417564058622571821e+01 4.333983643396200591e+01 4.251306173514903008e+01 4.169239531485733607e+01 4.087978230560621284e+01 4.007528702147994437e+01 3.927855242828215410e+01 3.848875122946942184e+01 3.770702133330887307e+01 3.693334763188832426e+01 3.616774785975665196e+01 3.540936742010131155e+01 3.465997048044862083e+01 3.391787889147196466e+01 3.318404955926453681e+01 3.245862985652097876e+01 3.174111928350679079e+01 3.103258643192070565e+01 3.033149897897363800e+01 2.963903306544971628e+01 2.895543395466709669e+01 2.828015633064774192e+01 2.761321913303462594e+01 2.695570117346889205e+01 2.630611700725394897e+01 2.566599794466551998e+01 2.503443404792253801e+01 2.441229308946713061e+01 2.379890069380697781e+01 2.319406278392865772e+01 2.259866122166520697e+01 2.201249647745646598e+01 2.143578505878123153e+01 2.086822277591803143e+01 2.030995299897843154e+01 1.976120386440560850e+01 1.922157511100919436e+01 1.869155980715347809e+01 1.817151731533719428e+01 1.766019283637870885e+01 1.715882678479731993e+01 1.666735941410685129e+01 1.618585144458293357e+01 1.571308370619802730e+01 1.525092894713675484e+01 1.479776624603911195e+01 1.435483225611756630e+01 1.392114153275384503e+01 1.349696200836018001e+01 1.308327197297627364e+01 1.267896943933378751e+01 1.228507012271565735e+01 1.189992002562756390e+01 1.152464728875266431e+01 1.115927460484540390e+01 1.080349628068184487e+01 1.045744614164483366e+01 1.012060453549004180e+01 9.793450968881856511e+00 9.475884394159539426e+00 9.167861802156963336e+00 8.869054896231642005e+00 8.579424161347159128e+00 8.299708756018119971e+00 8.028834173695454268e+00 7.767216540456778340e+00 7.514743568072224100e+00 7.271661926287165123e+00 7.037293932966203869e+00 6.811735317673573320e+00 6.595499141207328719e+00 6.387972506007999485e+00 6.189065691709394912e+00 5.999332789132694188e+00 5.811506547152401225e+00 5.607992129750094534e+00 5.441894491070920381e+00 5.315309426366132683e+00 5.168219773449644450e+00 5.029826836421791292e+00 4.900269415454006072e+00 4.779270606602903371e+00 4.667481205754286933e+00 4.564448853084924096e+00 4.471044745450880598e+00 4.387235474213524000e+00 4.313378634948539236e+00 4.250202210995213115e+00 4.198187572718802940e+00 4.158070038294314763e+00 4.131462832279808595e+00 4.119139709963793194e+00 4.123246615352194056e+00 4.146021762092344076e+00 4.190794297152455883e+00 4.262175588226890355e+00 4.364784102566354740e+00 4.510447480141410281e+00 4.699807944492773615e+00 4.955881848047782867e+00 5.295473378887638916e+00 5.745942876999620808e+00 6.345089145915661533e+00 7.142866195698838183e+00 8.204182160290296011e+00 9.605034780091370905e+00
5.936332879978532162e+01 5.839730563377847261e+01 5.743987982539683657e+01 5.648989143300195792e+01 5.554798081688561240e+01 5.461419016068255416e+01 5.368760750487335542e+01 5.276917163061476401e+01 5.185832233378293665e+01 5.095506417666722143e+01 5.006010946454389199e+01 4.917228238261339612e+01 4.829236756409864739e+01 4.742053247186925091e+01 4.655633684559074226e+01 4.569955201863802330e+01 4.485046714344649388e+01 4.400874770725141616e+01 4.317565347748939786e+01 4.234949343048047865e+01 4.153151233993946079e+01 4.072101139985654328e+01 3.991852692935015057e+01 3.912432867738318976e+01 3.833677197608334097e+01 3.755817827758296801e+01 3.678731972128439764e+01 3.602435192937246455e+01 3.526925570780058194e+01 3.452264052350917467e+01 3.378408299122158809e+01 3.305301970524989486e+01 3.233095969348691767e+01 3.161662148530742655e+01 3.091055078354600738e+01 3.021339519219655756e+01 2.952430081230252767e+01 2.884398152712815033e+01 2.817167638893104353e+01 2.750875015970257920e+01 2.685397528921017596e+01 2.620783550833394315e+01 2.557083262745555174e+01 2.494249795550854643e+01 2.432328139513564480e+01 2.371274412429294998e+01 2.311157837517582436e+01 2.251900780574831629e+01 2.193565252229835494e+01 2.136199383971111132e+01 2.079705252329490150e+01 2.024117551080328781e+01 1.969487427501950094e+01 1.915786332624778154e+01 1.863060719167677348e+01 1.811233614413043824e+01 1.760374498785803965e+01 1.710495257398561009e+01 1.661557042361934222e+01 1.613523694541332176e+01 1.566493123944888666e+01 1.520429091039840941e+01 1.475301876097062603e+01 1.431168094394972279e+01 1.387940603636137382e+01 1.345706028439708213e+01 1.304468563006375703e+01 1.264147590508791730e+01 1.224823467841900104e+01 1.186446537730179074e+01 1.148997042438606542e+01 1.112527988359507347e+01 1.077047869609610942e+01 1.042468503369604704e+01 1.008843748884571312e+01 9.762049616883972547e+00 9.444684672093227817e+00 9.136900680797721108e+00 8.838009413884028831e+00 8.548708731645815462e+00 8.268591172235240094e+00 7.997793839224975443e+00 7.735604398895034706e+00 7.483079180747919779e+00 7.239147705481974171e+00 7.003984197146905899e+00 6.778182481416761718e+00 6.560557564035240929e+00 6.352317497301418925e+00 6.152647297460922537e+00 5.961615618426597152e+00 5.779032862601029663e+00 5.597247581537745376e+00 5.401952430616274725e+00 5.244342257964229148e+00 5.123177165513759235e+00 4.982789179433943616e+00 4.850714425217783621e+00 4.727330318912470020e+00 4.612531908224104527e+00 4.506574516523309981e+00 4.409785289969258670e+00 4.321956947335248600e+00 4.243510584805488151e+00 4.175261627041937373e+00 4.117178892556260905e+00 4.070093297216558881e+00 4.035088370814266412e+00 4.013070650064587852e+00 4.005446873171736755e+00 4.014146886017444515e+00 4.041557024606012405e+00 4.090936453298398945e+00 4.166433155133420385e+00 4.273509710930878391e+00 4.420673495320115443e+00 4.617195717106814534e+00 4.878030689119706054e+00 5.222288042530342622e+00 5.678203063539188911e+00 6.283357565703107106e+00 7.088082496345327499e+00 8.158250987669346088e+00 9.569201784614456585e+00
5.824651934137305886e+01 5.728578407699409780e+01 5.633369697567746925e+01 5.538891843611284571e+01 5.445281750930391951e+01 5.352478650378507297e+01 5.260455591036906497e+01 5.169246885872445318e+01 5.078881024970534241e+01 4.989275702511888255e+01 4.900504764079683184e+01 4.812502514813373011e+01 4.725329052372280358e+01 4.638869945230460701e+01 4.553254549945317819e+01 4.468474625685933432e+01 4.384392492264198893e+01 4.301165955546260022e+01 4.218730200174402256e+01 4.137075985761802599e+01 4.056198475769910772e+01 3.976180954829612091e+01 3.896903891510531537e+01 3.818401321188433428e+01 3.740806925716815101e+01 3.663914764396759693e+01 3.587865942545316500e+01 3.512646288402228123e+01 3.438214376850388021e+01 3.364634070068649407e+01 3.291855225733153389e+01 3.219927370713821091e+01 3.148766124648821929e+01 3.078510155653589919e+01 3.009097992202023164e+01 2.940490494539159627e+01 2.872746487893723710e+01 2.805838615504090328e+01 2.739822404328943151e+01 2.674699247555854953e+01 2.610419632487320740e+01 2.547026053304587379e+01 2.484475441085220027e+01 2.422830034821611278e+01 2.362056846864075510e+01 2.302257045979980887e+01 2.243272562170510653e+01 2.185218358246703474e+01 2.128094747853547375e+01 2.071929009906961028e+01 2.016622391240342438e+01 1.962244257976844963e+01 1.908812307087682925e+01 1.856308547798129993e+01 1.804739429331078071e+01 1.754168776921371986e+01 1.704433549825193950e+01 1.655698996176673177e+01 1.607882452897963077e+01 1.561065955473593903e+01 1.515151134137582289e+01 1.470269071138238282e+01 1.426257145372972168e+01 1.383237921989957186e+01 1.341142747736153673e+01 1.300004984060759661e+01 1.259822744658648475e+01 1.220597571714063889e+01 1.182331478145479764e+01 1.145023786681921329e+01 1.108650065078806790e+01 1.073226809520496694e+01 1.038717594141319545e+01 1.005126178560068517e+01 9.725567691829063222e+00 9.408669579322415544e+00 9.101057527882883136e+00 8.802823565823159058e+00 8.513458800609752686e+00 8.233274333170959025e+00 7.962263274967796178e+00 7.700208092272986526e+00 7.447186728542709133e+00 7.202821829727179548e+00 6.967677797920924121e+00 6.741043725293193845e+00 6.522886171819298085e+00 6.313741851561028184e+00 6.113002248216004020e+00 5.920865397903862792e+00 5.737234049517702772e+00 5.562200456846911223e+00 5.386081302862733011e+00 5.198680610004347002e+00 5.050050531824479272e+00 4.934045300900735675e+00 4.799911728077532302e+00 4.674460392342993487e+00 4.557146606085405338e+00 4.448364777091673439e+00 4.348322179650498498e+00 4.257025463704899870e+00 4.174983190597658655e+00 4.102054102024343507e+00 4.038836503031806302e+00 3.985831550278240432e+00 3.943961142621599247e+00 3.913683992111705034e+00 3.896461259586769810e+00 3.893452096999217016e+00 3.906786170941844993e+00 3.938787767740548063e+00 3.992478205558669391e+00 4.072053203907277208e+00 4.183402319909923506e+00 4.335190361182672092e+00 4.536041543674517840e+00 4.801334343485430978e+00 5.150851849471638211e+00 5.612089160570333135e+00 6.222979138039064217e+00 7.035674793249224734e+00 8.114630707713477165e+00 9.536552449628876715e+00
5.714465161786981184e+01 5.618851670558508715e+01 5.524110370437465178e+01 5.430215489169724918e+01 5.337177946271008011e+01 5.244930946057626642e+01 5.153529626259280150e+01 5.063008436977602855e+01 4.973296203239806346e+01 4.884387808338404113e+01 4.796280534859166522e+01 4.709056210900516248e+01 4.622595459089171754e+01 4.537029031481040420e+01 4.452221623267548978e+01 4.368231983916650307e+01 4.285048977323343422e+01 4.202702385204849378e+01 4.121200898741039964e+01 4.040430878702244399e+01 3.960522187556440343e+01 3.881416559361549901e+01 3.803180317043632641e+01 3.725668989013609433e+01 3.649036832868999625e+01 3.573178263089585727e+01 3.498215760649171813e+01 3.424003838688277312e+01 3.350654821354672919e+01 3.278147172047788160e+01 3.206453494603225352e+01 3.135610064810775555e+01 3.065597359909950725e+01 2.996445589059141312e+01 2.928155853800248209e+01 2.860666234853183099e+01 2.794131131254675893e+01 2.728382245465328282e+01 2.663536447543957308e+01 2.599487736796302073e+01 2.536431848849044357e+01 2.474173620972580778e+01 2.412829890307107661e+01 2.352362565775033687e+01 2.292790900264409970e+01 2.234098896762930408e+01 2.176334200488799908e+01 2.119513818806847283e+01 2.063565151411056320e+01 2.008543666880565581e+01 1.954432043893810089e+01 1.901253957388455618e+01 1.848992520914120163e+01 1.797651901606884906e+01 1.747280430960067577e+01 1.697798101046628005e+01 1.649247247325437016e+01 1.601693779988598720e+01 1.555033155029247283e+01 1.509356098216701980e+01 1.464570992171018204e+01 1.420786952014380056e+01 1.377903469629658773e+01 1.335997318844522930e+01 1.295005131408350962e+01 1.254944917435195606e+01 1.215837187188787460e+01 1.177702745477206037e+01 1.140491495823595614e+01 1.104243640189045372e+01 1.068872991935833028e+01 1.034477850342572225e+01 1.000975716897319856e+01 9.684258758509866283e+00 9.367948273421211169e+00 9.060753164445578989e+00 8.762812186523849078e+00 8.473946336569193605e+00 8.193751173631891760e+00 7.922571461970806084e+00 7.660588616829233644e+00 7.407450638516333008e+00 7.163072612678478279e+00 6.927293020881442054e+00 6.700555213328240889e+00 6.481941279924951615e+00 6.272030100857595158e+00 6.070489208536833381e+00 5.877497051341807222e+00 5.693188873478982615e+00 5.516867564712423899e+00 5.348864003091291508e+00 5.178004740287600605e+00 4.999127878544983972e+00 4.859575397544535491e+00 4.747858112576508915e+00 4.620089651795544761e+00 4.500910270716218520e+00 4.389913878154505511e+00 4.286970868169470705e+00 4.192629266312652980e+00 4.107086931943760177e+00 4.030145502687876302e+00 3.962617474547014407e+00 3.904482356801575182e+00 3.856614498352572973e+00 3.819721002413589694e+00 3.794300547727313955e+00 3.781760989016025309e+00 3.783286010411957001e+00 3.800925836531321433e+00 3.837298077086692683e+00 3.895162769927562607e+00 3.978969789211006525e+00 4.094907686669346347e+00 4.250803512803990714e+00 4.456044498291033662e+00 4.725983898432128960e+00 5.080570730753541930e+00 5.547533587822428558e+00 6.165252304740076461e+00 6.985233566982329556e+00 8.073616254992909802e+00 9.506608636299029413e+00
5.605744233238318941e+01 5.510596572877022226e+01 5.416330297184267550e+01 5.323016632053084862e+01 5.230492797319477916e+01 5.138818485490708099e+01 5.048048235785469728e+01 4.958155797059088599e+01 4.869074251151961619e+01 4.780882181114026963e+01 4.693523730413981809e+01 4.607053453404950005e+01 4.521320710827966138e+01 4.436481537039252032e+01 4.352504389733309154e+01 4.269373820836604239e+01 4.187027526832925162e+01 4.105569931010817442e+01 4.024901261959473686e+01 3.945084068364280938e+01 3.866072353423771801e+01 3.787953114434360202e+01 3.710608106892529179e+01 3.634106814589753753e+01 3.558492203613553784e+01 3.483665676459485638e+01 3.409678592816614895e+01 3.336576923226621716e+01 3.264238077943867467e+01 3.192764217227762558e+01 3.122171949151858428e+01 3.052410031335910290e+01 2.983502863891890300e+01 2.915477065438155790e+01 2.848289564462097445e+01 2.781952278610279095e+01 2.716502800396039063e+01 2.651896713603202471e+01 2.588210273165941899e+01 2.525344173084537047e+01 2.463398454725690456e+01 2.402324579467635246e+01 2.342115269952707024e+01 2.282820202359204842e+01 2.224490161658214760e+01 2.166956548209456557e+01 2.110403993640793630e+01 2.054697463846032335e+01 1.999912226388389414e+01 1.946090049332675065e+01 1.893119901494071300e+01 1.841090043001625176e+01 1.790024361595942182e+01 1.739844252626883048e+01 1.690621524126196817e+01 1.642297982146427771e+01 1.594891568855191188e+01 1.548452724030667760e+01 1.502939989997172887e+01 1.458390891491043817e+01 1.414718005522884781e+01 1.372030980225621377e+01 1.330296561725998750e+01 1.289452032157032413e+01 1.249528888977299346e+01 1.210605999446043768e+01 1.172547517572228770e+01 1.135418050627248121e+01 1.099287062275834437e+01 1.064024366682898659e+01 1.029730569276976482e+01 9.963476503733092571e+00 9.638576917724762438e+00 9.322879160965857892e+00 9.016180999381672834e+00 8.718343763228030951e+00 8.430005836805465336e+00 8.150288133028194437e+00 7.879037070521832220e+00 7.617471689827748804e+00 7.364062298314955513e+00 7.119589830007644338e+00 6.883703530528595849e+00 6.656296859459621018e+00 6.437398866010568099e+00 6.226938622893751329e+00 6.024902961683242353e+00 5.831376669727239559e+00 5.646000294720321833e+00 5.468924019531373304e+00 5.299815776458993710e+00 5.138971305213624774e+00 4.973019551738532940e+00 4.802548493269053864e+00 4.672310255385836442e+00 4.564764436397716452e+00 4.443402752747460660e+00 4.330138693073659617e+00 4.225089127525971655e+00 4.128204756769926931e+00 4.039456267677077328e+00 3.959247367501483872e+00 3.887853860708945231e+00 3.825276581822290023e+00 3.772472936451209957e+00 3.729368870041405160e+00 3.697312987549938867e+00 3.676416905493229415e+00 3.668480361542125756e+00 3.674371856095348665e+00 3.696804902682349070e+00 3.737254931340305841e+00 3.799462670120123953e+00 3.887582836383018936e+00 4.007433258036252610e+00 4.167684490599310010e+00 4.377573522738886780e+00 4.652187813512853154e+00 5.011927869111731937e+00 5.484467863424002942e+00 6.109022851450729874e+00 6.937108859611729628e+00 8.035119112050971069e+00 9.479842132464465720e+00
5.498553119623794316e+01 5.403854319220791069e+01 5.310092411860989614e+01 5.217250201096103979e+01 5.125260484608828904e+01 5.034208632354343393e+01 4.944035012267345763e+01 4.854736591858871719e+01 4.766318957196747874e+01 4.678799823552201076e+01 4.592160372020836689e+01 4.506356269754277122e+01 4.421410339741518669e+01 4.337371042442950397e+01 4.254159250950887383e+01 4.171824539066250281e+01 4.090336528678383132e+01 4.009694695039920020e+01 3.929930851638560085e+01 3.851040701962442370e+01 3.772919189805394069e+01 3.695778525562397476e+01 3.619357358104737443e+01 3.543856137008179985e+01 3.469145935770895051e+01 3.395348103158439557e+01 3.322377202498289250e+01 3.250243797124803535e+01 3.179031700475348643e+01 3.108581156513530175e+01 3.039065641930049821e+01 2.970383625259256277e+01 2.902533747372860873e+01 2.835600296629492334e+01 2.769521328309589947e+01 2.704289868298769406e+01 2.639952802314438074e+01 2.576495321834521945e+01 2.513951609069901139e+01 2.452234321305905951e+01 2.391414391434580722e+01 2.331512496041733229e+01 2.272433159126358149e+01 2.214299761740898731e+01 2.157101681159029383e+01 2.100722060270877734e+01 2.045328605617420337e+01 1.990794501472600331e+01 1.937195174191262836e+01 1.884454186856547864e+01 1.832708254162509576e+01 1.781823924736869458e+01 1.731845614675400213e+01 1.682871703731602153e+01 1.634768349753019834e+01 1.587576046312956279e+01 1.541319877793683091e+01 1.496005443267246449e+01 1.451674311618029733e+01 1.408178790407389513e+01 1.365662101500818615e+01 1.324055792509141227e+01 1.283355569056098311e+01 1.243664775249294685e+01 1.204800450408460932e+01 1.166897186574691325e+01 1.129943034669078727e+01 1.093856661347043513e+01 1.058739997783791864e+01 1.024497065859267764e+01 9.912263203266958200e+00 9.587516348382896680e+00 9.272961194962615394e+00 8.967144271291315860e+00 8.669718875488873877e+00 8.381589915662267742e+00 8.102414420067660217e+00 7.831973208459208635e+00 7.569921817265912622e+00 7.316776617774967129e+00 7.072416022647098899e+00 6.836472897214829203e+00 6.609165442040354499e+00 6.389526862049999423e+00 6.179126224629483133e+00 5.976251472549587440e+00 5.782526359180339526e+00 5.596191183138699010e+00 5.418165061142266481e+00 5.248391623253844784e+00 5.086808282931531977e+00 4.932506455077056984e+00 4.771141438064829821e+00 4.609396327901182921e+00 4.488130785721078375e+00 4.384849703316017866e+00 4.269687757786377880e+00 4.162269355115988390e+00 4.062902730139184015e+00 3.971873477934151353e+00 3.888488302758663639e+00 3.813844232149443680e+00 3.747515490304231811e+00 3.690372182428991454e+00 3.641974818735360664e+00 3.604348758180286882e+00 3.576852750733217068e+00 3.560627544128214250e+00 3.557075756713212744e+00 3.567477292964027491e+00 3.593940052709909683e+00 3.638705285004673051e+00 3.705067387019356229e+00 3.797332735992065000e+00 3.921598207722398755e+00 4.086090638351191906e+00 4.300549102208240271e+00 4.579939872518745680e+00 4.944674753221899977e+00 5.423350379253699671e+00 6.054432663791608604e+00 6.891028716390678710e+00 7.999176943856189936e+00 9.456186026749346496e+00
5.392895446806814874e+01 5.298681776693521073e+01 5.205389806452971158e+01 5.113014143546602241e+01 5.021607910523557905e+01 4.931099298440324219e+01 4.841498217451341901e+01 4.752804640264053404e+01 4.665054805201081933e+01 4.578214733911961787e+01 4.492205517870704057e+01 4.407132141474853171e+01 4.322932176966469342e+01 4.239628415558897956e+01 4.157251550660722472e+01 4.075696931860481698e+01 3.995039997765841377e+01 3.915228585690412189e+01 3.836325332800380750e+01 3.758275730935199732e+01 3.681139027529560792e+01 3.604809283244387075e+01 3.529357501548372511e+01 3.454809560589298201e+01 3.381116828346490166e+01 3.308297423316098929e+01 3.236310540786836754e+01 3.165213640707989029e+01 3.094991291703273006e+01 3.025625440435755209e+01 2.957117832792178902e+01 2.889527341027002905e+01 2.822779650402127416e+01 2.756886162530738460e+01 2.691894618573606834e+01 2.627769609485549651e+01 2.564531048009810377e+01 2.502171882470898368e+01 2.440713815113041463e+01 2.380141245015818896e+01 2.320477696907047260e+01 2.261664136398768932e+01 2.203779513495509690e+01 2.146795897521706209e+01 2.090686665146265355e+01 2.035496158894146745e+01 1.981237260469812611e+01 1.927830944149538794e+01 1.875382842111906712e+01 1.823821548348043464e+01 1.773219845952737117e+01 1.723440515812795226e+01 1.674650859015939375e+01 1.626737232207807793e+01 1.579793123636056329e+01 1.533759558718836757e+01 1.488640079048838594e+01 1.444444256027683693e+01 1.401120676217235683e+01 1.358757642624400752e+01 1.317325093710845962e+01 1.276810178447064281e+01 1.237231494246658947e+01 1.198594188501103019e+01 1.160792021441653432e+01 1.123938553854083544e+01 1.087995014225635515e+01 1.052953532017548710e+01 1.018857065331467737e+01 9.856490024836151775e+00 9.533333578375934536e+00 9.219037025703757493e+00 8.913408952955537146e+00 8.617172503160242414e+00 8.329226385251642384e+00 8.050619678432092030e+00 7.780548006143595430e+00 7.519019749946775910e+00 7.266189973697545490e+00 7.021546962865620856e+00 6.785604965414238521e+00 6.558279412196899472e+00 6.338820489918727930e+00 6.127884169961395067e+00 5.925008560467048824e+00 5.730448997550063872e+00 5.543636526321582991e+00 5.365512513430692465e+00 5.194750753391819131e+00 5.031771646722260627e+00 4.876782317925165700e+00 4.730227931129027397e+00 4.572662387872883372e+00 4.419490088521560445e+00 4.307541760612454418e+00 4.208091963849547312e+00 4.098463574959909650e+00 3.997118271434685344e+00 3.903771305380177026e+00 3.818165845672782943e+00 3.740029625518892509e+00 3.670595116916786083e+00 3.609381545164869198e+00 3.557414189955787620e+00 3.514362425272565815e+00 3.480863482271046028e+00 3.458015000841963005e+00 3.446523203924867218e+00 3.447370272148364556e+00 3.462102135654554491e+00 3.492864074881729675e+00 3.541871298293097770e+00 3.612215519218964221e+00 3.708671451912270989e+00 3.837124993529150707e+00 4.005858355931857240e+00 4.224699871928228490e+00 4.508968132403390783e+00 4.878822687470741215e+00 5.363827940880627310e+00 6.002265138784668608e+00 6.847336201121622778e+00 7.965993087591948907e+00 9.435523205375472955e+00
5.288840236750801438e+01 5.195021934528212171e+01 5.102230602398545045e+01 5.010348087965748221e+01 4.919429102278874666e+01 4.829521902895401553e+01 4.740510694942325642e+01 4.652395982871526314e+01 4.565251614486584941e+01 4.479031639600332682e+01 4.393757788576769485e+01 4.309410259902898588e+01 4.225908142608958684e+01 4.143360365359226449e+01 4.061705005573953287e+01 3.980938478601866137e+01 3.901116248957684718e+01 3.822135732981368506e+01 3.744050307683581735e+01 3.666916388386754022e+01 3.590645257359052067e+01 3.515212609503387853e+01 3.440683200217731041e+01 3.367104728620443410e+01 3.294347511210656876e+01 3.222482335450502688e+01 3.151499982285998058e+01 3.081404610824928270e+01 3.012171309229848504e+01 2.943814130753947822e+01 2.876397446250871326e+01 2.809799282311158208e+01 2.744121246323219054e+01 2.679305733500849840e+01 2.615448194190583919e+01 2.552378867663463069e+01 2.490217843806986764e+01 2.428994763327771977e+01 2.368604433578670410e+01 2.309163468784722895e+01 2.250590149709297094e+01 2.192919744094848866e+01 2.136151499505062290e+01 2.080273558744055862e+01 2.025299677079749472e+01 1.971258556263123651e+01 1.918097656476892610e+01 1.865895055818799264e+01 1.814526593654497333e+01 1.764079908257135543e+01 1.714569584841654404e+01 1.665993119615200158e+01 1.618308706199676905e+01 1.571536106686083301e+01 1.525680921433028026e+01 1.480742414268028107e+01 1.436719479726397175e+01 1.393638155454862648e+01 1.351475968773834246e+01 1.310170313679454068e+01 1.269785437362073210e+01 1.230355404782305051e+01 1.191829158677830591e+01 1.154247278377776809e+01 1.117493551220822923e+01 1.081687789493345164e+01 1.046768057043966316e+01 1.012743898015402522e+01 9.796313116202892246e+00 9.473997477786177512e+00 9.160639319677466474e+00 8.856221694988164472e+00 8.560721936284576117e+00 8.273404693767982820e+00 7.994870726502978364e+00 7.725322559499947062e+00 7.464202258642749221e+00 7.211587997701352393e+00 6.967341909511515219e+00 6.731453171124302415e+00 6.503934967993140859e+00 6.284717696557806654e+00 6.073615812541621750e+00 5.870791678350572695e+00 5.675765187705216874e+00 5.488847326271306670e+00 5.309781590414541341e+00 5.138241121809238976e+00 4.975264485943831083e+00 4.819395511165403434e+00 4.671288565065678355e+00 4.531330481248973641e+00 4.377655206638298324e+00 4.232755125714748878e+00 4.130707177016379461e+00 4.033958367299817382e+00 3.930965479883175018e+00 3.835419914818449794e+00 3.747341928588399096e+00 3.666830230741080499e+00 3.594761177149452536e+00 3.530390155457308055e+00 3.474285968205814701e+00 3.427129452630905959e+00 3.388596634976448474e+00 3.359945498356164961e+00 3.341548470564226214e+00 3.334294119832725833e+00 3.339392072912572562e+00 3.358244147525835110e+00 3.393189440879240681e+00 3.446186091378178329e+00 3.520856950079087611e+00 3.621243517810857071e+00 3.756447324069589477e+00 3.927098062923561894e+00 4.150321583016336469e+00 4.439474055873393610e+00 4.815062740538889052e+00 5.305929587464374819e+00 5.951810686604708245e+00 6.805916535324851857e+00 7.935518738825653173e+00 9.418224585004097094e+00
5.186385898165970332e+01 5.093029450801627434e+01 5.000670185006100610e+01 4.909281265818952278e+01 4.818899348344255174e+01 4.729481606045175113e+01 4.641012132591247763e+01 4.553532344897009665e+01 4.466977788746155653e+01 4.381413990210403142e+01 4.296772042228176502e+01 4.213105638422177890e+01 4.130326036398150080e+01 4.048507511874245068e+01 3.967605115517557124e+01 3.887643070870485928e+01 3.808586055672985538e+01 3.730434704588147099e+01 3.653229686138499233e+01 3.576900832718305168e+01 3.501472161412595341e+01 3.426992063019289958e+01 3.353398619151807480e+01 3.280666444135620452e+01 3.208879826297052063e+01 3.137964125767934576e+01 3.067976518056831736e+01 2.998814599121307722e+01 2.930644042275423189e+01 2.863286698618171400e+01 2.796882522659351977e+01 2.731347382838407256e+01 2.666682833863515256e+01 2.602963038335946067e+01 2.540091000350281902e+01 2.478106497770910011e+01 2.417064442308264205e+01 2.356900382496773716e+01 2.297634058076525321e+01 2.239278508183015859e+01 2.181784201016104774e+01 2.125238609685636959e+01 2.069556223029480435e+01 2.014846126982579122e+01 1.960972618473181228e+01 1.908020267840665340e+01 1.855970168739047210e+01 1.804887078953807489e+01 1.754636238096547629e+01 1.705344048767564047e+01 1.656921416688683735e+01 1.609446128702808210e+01 1.562856083047799949e+01 1.517195181516194324e+01 1.472444265895331839e+01 1.428620906149967773e+01 1.385678958877948297e+01 1.343701492776769868e+01 1.302544305252599699e+01 1.262359785416008506e+01 1.223048343447706898e+01 1.184678045260264589e+01 1.147185245888723237e+01 1.110615743520803100e+01 1.074947510526710381e+01 1.040114158594076521e+01 1.006246551439579129e+01 9.732216882096956567e+00 9.410981181248633476e+00 9.098251633300847629e+00 8.794681199301724206e+00 8.499941662018494881e+00 8.213529322587076464e+00 7.935665666890390213e+00 7.666602381794762167e+00 7.405679235462603316e+00 7.153414993905538033e+00 6.909695343117416400e+00 6.674070451505443202e+00 6.446847751800277138e+00 6.227395718032891381e+00 6.016400551653200424e+00 5.813180528937856195e+00 5.618309592118164275e+00 5.430954537407406413e+00 5.251466709462015992e+00 5.079893969160620415e+00 4.916041203973497531e+00 4.759696256076617615e+00 4.610790862363156606e+00 4.469515259021861198e+00 4.335818541858404984e+00 4.185923441545091883e+00 4.049629338148264424e+00 3.957036476962438876e+00 3.863723539127161821e+00 3.766206350645839862e+00 3.676429388982382918e+00 3.593651878248282916e+00 3.518757783737103129e+00 3.451658281494451863e+00 3.392256136295046520e+00 3.341314846246257186e+00 3.298618600101199672e+00 3.264984401493575827e+00 3.240771663456987195e+00 3.226736051413237050e+00 3.223767497711926833e+00 3.233346091766964303e+00 3.256225198971485213e+00 3.295176756392548256e+00 3.352201388023900996e+00 3.430984080264953828e+00 3.535745974591975038e+00 3.674790329223531771e+00 3.849724431654244494e+00 4.077594313472820531e+00 4.371572647949728108e+00 4.752645840379321029e+00 5.249712852404176289e+00 5.903273909377826811e+00 6.766549014665690365e+00 7.908063945280896512e+00 9.404138958388530867e+00
5.085616629602349548e+01 4.992656375801411173e+01 4.900726408848225191e+01 4.809824554409327391e+01 4.719926216245168149e+01 4.631048128762598992e+01 4.543102988955930499e+01 4.456234553821845168e+01 4.370285580110842005e+01 4.285321447187084942e+01 4.201346720122417366e+01 4.118343674073800997e+01 4.036243725640551361e+01 3.955195698755772327e+01 3.875005292945561308e+01 3.795817067810838097e+01 3.717503788165357292e+01 3.640191858598767993e+01 3.563811283870877133e+01 3.488309692211939250e+01 3.413777652968747844e+01 3.340124050172218517e+01 3.267425788553938304e+01 3.195612698153326292e+01 3.124782849107590010e+01 3.054767468995510526e+01 2.985726954906813191e+01 2.917619478114966824e+01 2.850325485204479037e+01 2.784050060966979245e+01 2.718624490327668042e+01 2.654052967214937198e+01 2.590450553693859348e+01 2.527757808200454903e+01 2.465926673999779695e+01 2.405040211420984519e+01 2.345074032109824103e+01 2.285972984056219204e+01 2.227723513624697560e+01 2.170495242822581972e+01 2.114086820590971172e+01 2.058621346071338820e+01 2.004059943650698017e+01 1.950383519074353345e+01 1.897645581580298568e+01 1.845805145628194310e+01 1.794877488955030032e+01 1.744828398308147044e+01 1.695724651512020387e+01 1.647510865551490156e+01 1.600210330617701970e+01 1.553814074963206693e+01 1.508362842951681593e+01 1.463793973854270547e+01 1.420118787322271992e+01 1.377355340040839948e+01 1.335506736267135786e+01 1.294549484384138793e+01 1.254524874763898268e+01 1.215343485220003927e+01 1.177094710165676972e+01 1.139818769668227105e+01 1.103344491201679922e+01 1.067773986916209594e+01 1.033088130268591343e+01 9.993045610259576605e+00 9.664238231637723331e+00 9.343839370394368515e+00 9.032498580590697657e+00 8.729537527237296146e+00 8.435476733087011070e+00 8.149872921191580133e+00 7.872703076869114192e+00 7.604165794832463021e+00 7.344016769005601297e+00 7.092206385905186039e+00 6.848679899478993249e+00 6.613504064031239693e+00 6.386285922297362916e+00 6.167212827790402585e+00 5.956058564454669302e+00 5.753038653628939514e+00 5.557972838855107511e+00 5.370632039445622397e+00 5.190887250103437545e+00 5.018991494502822448e+00 4.854334849693008991e+00 4.697495221464819792e+00 4.548154468141030193e+00 4.406263391319964029e+00 4.271614448526928065e+00 4.144218659250176628e+00 3.997374360425509643e+00 3.869928889668450278e+00 3.787336216165804181e+00 3.696306768515178476e+00 3.604451675906816810e+00 3.520160067012001459e+00 3.443019190283846953e+00 3.373310012372887634e+00 3.311178308863393926e+00 3.256885972009793129e+00 3.210451666650204761e+00 3.172590419315191035e+00 3.143488865636678842e+00 3.123692802590549711e+00 3.113814936191006133e+00 3.115319063464472293e+00 3.128816464886985393e+00 3.155981415802167067e+00 3.198945360249971781e+00 3.260014332603256015e+00 3.342661461093543451e+00 3.451394463237378307e+00 3.594521860631894050e+00 3.773678379958433915e+00 4.006105008849269566e+00 4.305043791281438104e+00 4.691669199922943179e+00 5.195581538144089961e+00 5.857028260497032512e+00 6.729937550518306111e+00 7.883191884178730291e+00 9.393359400088973743e+00
4.986461289514204509e+01 4.893933133556031834e+01 4.802418661692418311e+01 4.712006564192527946e+01 4.622591676489030732e+01 4.534188530596392752e+01 4.446841112865195100e+01 4.360489349817634519e+01 4.275141841721672620e+01 4.190801163911918081e+01 4.107457479981266601e+01 4.025099669116528389e+01 3.943706439108333939e+01 3.863308980434139528e+01 3.783862891755743618e+01 3.705421020949542310e+01 3.627929757228098850e+01 3.551402394490554570e+01 3.475763704289646938e+01 3.401157210140313936e+01 3.327408976210630698e+01 3.254696869041070784e+01 3.182845732413330708e+01 3.111928887280679490e+01 3.042012873725752442e+01 2.972958134515871720e+01 2.904846199622615899e+01 2.837653395580784732e+01 2.771374566034615583e+01 2.706026444083252613e+01 2.641590476273062293e+01 2.578073102528875182e+01 2.515450470688217521e+01 2.453783063233133532e+01 2.393043833118029085e+01 2.333183425406889455e+01 2.274218266307981295e+01 2.216137474642331284e+01 2.159041635018372673e+01 2.102794313753974009e+01 2.047527779229354650e+01 1.993122611857733872e+01 1.939621839716117080e+01 1.887055767892185187e+01 1.835413395094259670e+01 1.784614268711084506e+01 1.734782775872350058e+01 1.685842048684607164e+01 1.637806558447848460e+01 1.590704173876956773e+01 1.544465521668064767e+01 1.499169088217072776e+01 1.454767680208468583e+01 1.411264084595065249e+01 1.368647358766705935e+01 1.326996236450023225e+01 1.286237907499963029e+01 1.246323471765611401e+01 1.207297848999231427e+01 1.169227675127659793e+01 1.132009862906209108e+01 1.095674544145466278e+01 1.060277670656759597e+01 1.025728263183718347e+01 9.920602661793154198e+00 9.592558001787221400e+00 9.273217392085019384e+00 8.962899207624708708e+00 8.660884626719866475e+00 8.367631041309586237e+00 8.082944304450679240e+00 7.806441462235069295e+00 7.538456471630816225e+00 7.279074546987907013e+00 7.027791841830777209e+00 6.784760891027074692e+00 6.549694343590573453e+00 6.322905940930700908e+00 6.104128600308545316e+00 5.893091496313839883e+00 5.690180193771476880e+00 5.494973466902408177e+00 5.307577513682792514e+00 5.127769410559601226e+00 4.955061614671696368e+00 4.790752196449488132e+00 4.633478136137380687e+00 4.483565841597814128e+00 4.341063633183795289e+00 4.205640013431832358e+00 4.077292010427624902e+00 3.956507910447593090e+00 3.812000526414327517e+00 3.693724384703245267e+00 3.621359752213082484e+00 3.532162192220023034e+00 3.446177567414654419e+00 3.367117775146699632e+00 3.295246140762619902e+00 3.230447772338296275e+00 3.173493034603025453e+00 3.123746130687332645e+00 3.082264719842642275e+00 3.048838211752202820e+00 3.024090600925410932e+00 3.008536042224951856e+00 3.002801301833712966e+00 3.008723902699828034e+00 3.026295914424281808e+00 3.057209487661394220e+00 3.104137547661300900e+00 3.169113154856362247e+00 3.255473366456840267e+00 3.368375156463787601e+00 3.515751541368283828e+00 3.699348927403478537e+00 3.936227660910818216e+00 4.240222600632637118e+00 4.632736904460621474e+00 5.143011813163999690e+00 5.812673170701398995e+00 6.695673180846539729e+00 7.860990124103405918e+00 9.386053156584505786e+00
4.889032622983756937e+01 4.796904725172229433e+01 4.705841892406527194e+01 4.615841927079458173e+01 4.526919469939871021e+01 4.439025815527038077e+01 4.352200080671406823e+01 4.266400514579107295e+01 4.181603603202037789e+01 4.097858388233858307e+01 4.015125903886362835e+01 3.933437858018579902e+01 3.852733664299888972e+01 3.773028833782257863e+01 3.694287313829520514e+01 3.616570984683799139e+01 3.539785468744989316e+01 3.464055263330617862e+01 3.389243243083357271e+01 3.315383113694737460e+01 3.242548305959012112e+01 3.170615115768579173e+01 3.099667674224374636e+01 3.029641187239608868e+01 2.960575315797413509e+01 2.892449712617456470e+01 2.825274501164003382e+01 2.759026772911674641e+01 2.693687739163512873e+01 2.629315756260529469e+01 2.565883219848140584e+01 2.503369421152535779e+01 2.441736033775675452e+01 2.381033570430405177e+01 2.321289616964498137e+01 2.262462992762796077e+01 2.204591353309893620e+01 2.147550577128024685e+01 2.091448720787240134e+01 2.036292824019968606e+01 1.982039164460367431e+01 1.928721779517260515e+01 1.876309336157273577e+01 1.824772761956289102e+01 1.774198292437061397e+01 1.724510078759195864e+01 1.675721014846045520e+01 1.627893631549088838e+01 1.580913529419564156e+01 1.534851729299864331e+01 1.489729630971367058e+01 1.445475012464614295e+01 1.402142224586610020e+01 1.359678334079470474e+01 1.318134825107968311e+01 1.277477205701947938e+01 1.237757615079322449e+01 1.198901992588075061e+01 1.160970357279327203e+01 1.123925847981552906e+01 1.087702770287095611e+01 1.052380210073643418e+01 1.017990738607790213e+01 9.844003394251243932e+00 9.517379926510194821e+00 9.199419847569300757e+00 8.889746509727046941e+00 8.588730050783311754e+00 8.296532466073836432e+00 8.012419089891864132e+00 7.737038052103617503e+00 7.469662587641245466e+00 7.210749626435575266e+00 6.960018567759784780e+00 6.717420821363306871e+00 6.483243986347009269e+00 6.256846105196355978e+00 6.038122774580512164e+00 5.827506193595177741e+00 5.624773796996085373e+00 5.429496281243806344e+00 5.242034728317001679e+00 5.062078144989412110e+00 4.889972144831067347e+00 4.724741202550064578e+00 4.567378638275620517e+00 4.416806323028865222e+00 4.273869973490585394e+00 4.137883776284567716e+00 4.009080323216518416e+00 3.887202089555019668e+00 3.772326507694134801e+00 3.631653972959458798e+00 3.521049445644963694e+00 3.458974922170898747e+00 3.371473265704272304e+00 3.290698536393665830e+00 3.216984949885581813e+00 3.150027190762372253e+00 3.090416702244358493e+00 3.038107053286054349e+00 2.993089785514191359e+00 2.956328863472812429e+00 2.927249105689888609e+00 2.906958116292024386e+00 2.895714061138043860e+00 2.894383645168985275e+00 2.903941414733168802e+00 2.925442408008471773e+00 2.960598062345254355e+00 3.011068236184755165e+00 3.079918951388671555e+00 3.170357521903299780e+00 3.287136560638925786e+00 3.438252771552119391e+00 3.625944067338748855e+00 3.867704458254428435e+00 4.176809720672247650e+00 4.575114622405196840e+00 5.092701189728332523e+00 5.770493149797184529e+00 6.663763496419250032e+00 7.841916026040063770e+00 9.382218794481334001e+00
4.793329356125786944e+01 4.701584547417921556e+01 4.610958755607780546e+01 4.521373047125856459e+01 4.432900817193655740e+01 4.345496426518374733e+01 4.259154801915347122e+01 4.173886648278729439e+01 4.089688312882766752e+01 4.006514596953515195e+01 3.924418809218296644e+01 3.843352233262087481e+01 3.763283736062336970e+01 3.684246866029435807e+01 3.606229832226684096e+01 3.529219376223898763e+01 3.453218697174802543e+01 3.378213859567860311e+01 3.304198242326966550e+01 3.231138778458508654e+01 3.159097679598983177e+01 3.088023464532953000e+01 3.017897760035477361e+01 2.948726188190688902e+01 2.880564919682779745e+01 2.813327755178919176e+01 2.747080000741862804e+01 2.681741505916851409e+01 2.617378474274502054e+01 2.553911859187519795e+01 2.491423194121441398e+01 2.429878428293397263e+01 2.369261486609426370e+01 2.309556175120494004e+01 2.250809508440333317e+01 2.192981550485464481e+01 2.136110275354358023e+01 2.080128884390188659e+01 2.025072913009332609e+01 1.970948117090781793e+01 1.917744881949927560e+01 1.865415008841142708e+01 1.814084387185116398e+01 1.763578577428076599e+01 1.714070845456556924e+01 1.665449788175729040e+01 1.617697585131274707e+01 1.570900899062261935e+01 1.525006128080599410e+01 1.480038296972584533e+01 1.435896687670906680e+01 1.392723273883045287e+01 1.350421231332105165e+01 1.309032530061584509e+01 1.268527280788287470e+01 1.228949927475759907e+01 1.190228820905901941e+01 1.152454366093442673e+01 1.115479445389274638e+01 1.079431778143961118e+01 1.044248995675064506e+01 1.009931947197931734e+01 9.765299254917481520e+00 9.439404396177842216e+00 9.122250472061455895e+00 8.813491871254907295e+00 8.513667036294203072e+00 8.222164961519172977e+00 7.938998137641739561e+00 7.664261771092018449e+00 7.397871418178159075e+00 7.139727044688148894e+00 6.889434517714132511e+00 6.647520121596817155e+00 6.413324352170512554e+00 6.187530145132946302e+00 5.969512540461363592e+00 5.759068485531681603e+00 5.556491346101399387e+00 5.361502264700046538e+00 5.174379796701666478e+00 4.994314906094676765e+00 4.821908521228001732e+00 4.656739217477801063e+00 4.498771612974561407e+00 4.348356282462728650e+00 4.204667283452179660e+00 4.068479297909933123e+00 3.939084768604261821e+00 3.816428407301819536e+00 3.700786021772040080e+00 3.593076490108504384e+00 3.456788707172520070e+00 3.351510799730339496e+00 3.296187531967209594e+00 3.213734236019361035e+00 3.138482205801729208e+00 3.069886670223365144e+00 3.008052623463364217e+00 2.953232379811498998e+00 2.905644040689503438e+00 2.865012122481735979e+00 2.832925583883250109e+00 2.808232593582671299e+00 2.792053823713724903e+00 2.785036606762814060e+00 2.787643660440819460e+00 2.801047142112400579e+00 2.826296272842976354e+00 2.865240952235303951e+00 2.919850029184301032e+00 2.992345092701531595e+00 3.086720817143195905e+00 3.206915470835436377e+00 3.362530151856224503e+00 3.554499649480125090e+00 3.800621156191075212e+00 4.115083033885957420e+00 4.519304260475054846e+00 5.043882502541374713e+00 5.730468387428489407e+00 6.634411586414145745e+00 7.825886842356844397e+00 9.381842656066863739e+00
4.699386373214089474e+01 4.608003248650645389e+01 4.517750611768975944e+01 4.428598747906513466e+01 4.340590241017142858e+01 4.253666104760426236e+01 4.167810484525146109e+01 4.083059748338540373e+01 3.999443713614270024e+01 3.916806367142227430e+01 3.835314566901855926e+01 3.754839074749614269e+01 3.675443975935163365e+01 3.597054384211502054e+01 3.519724330775378007e+01 3.443437506045372487e+01 3.368133303317249272e+01 3.293857987203859494e+01 3.220625699185374202e+01 3.148343857442786842e+01 3.077093966575688100e+01 3.006820212464332798e+01 2.937563285351031439e+01 2.869259907179323577e+01 2.801925671434504039e+01 2.735617465048655461e+01 2.670239678214696255e+01 2.605788277305823897e+01 2.542333221167892887e+01 2.479840694994953765e+01 2.418329697151482094e+01 2.357732653851436311e+01 2.298082117530698554e+01 2.239347483639365777e+01 2.181565667930437513e+01 2.124751147444986543e+01 2.068852452221643290e+01 2.013870477643597923e+01 1.959861797099882352e+01 1.906750088738778004e+01 1.854555077063097102e+01 1.803286063742737255e+01 1.752987865290868186e+01 1.703534753631462806e+01 1.655022297228335759e+01 1.607453769395000975e+01 1.560802226979703988e+01 1.514976565949565135e+01 1.470124593426986870e+01 1.426175230065163113e+01 1.383125683006084472e+01 1.340961110218817964e+01 1.299707363510270675e+01 1.259337793979694631e+01 1.219887510833016542e+01 1.181318567579144840e+01 1.143599150387495378e+01 1.106791858950335694e+01 1.070838923353848493e+01 1.035802742419477163e+01 1.001629638974597114e+01 9.682729023215298270e+00 9.358126495849351301e+00 9.042197090622517308e+00 8.734972690717835775e+00 8.435785955469155439e+00 8.145053671929980865e+00 7.862812830061893798e+00 7.588447632091844142e+00 7.323361190484090066e+00 7.065425158009874806e+00 6.816424530679954685e+00 6.574834182479872169e+00 6.341357009549342116e+00 6.116021842714558510e+00 5.898240962666967846e+00 5.688251885488826431e+00 5.485915790309348061e+00 5.291095491030429088e+00 5.104156571155527011e+00 4.924302434279558938e+00 4.751876809834865156e+00 4.586887277842699007e+00 4.428772267711567068e+00 4.278059015731106030e+00 4.134036353861203494e+00 3.997527010072354781e+00 3.867582605671693319e+00 3.744497672321622783e+00 3.628011945977005492e+00 3.518893469397432749e+00 3.414089431754185888e+00 3.285356290108920607e+00 3.186366922881300745e+00 3.136674930007599116e+00 3.059794057137887879e+00 2.989495182163237619e+00 2.925845622570499849e+00 2.868915326673548982e+00 2.818729106566120191e+00 2.775796226348026252e+00 2.740125293708972620e+00 2.711766909091961608e+00 2.691386545731555557e+00 2.679338591297464323e+00 2.676122847688999773e+00 2.682941131229199527e+00 2.700102546023541716e+00 2.729273419356237351e+00 2.771908455043758934e+00 2.830068309139532889e+00 2.906321915938192557e+00 3.004231500676246558e+00 3.128729816799413754e+00 3.287989421834991433e+00 3.484237298446923869e+00 3.735144878793672518e+00 4.054721223531931429e+00 4.464751443841197265e+00 4.997001640951969748e+00 5.692532575111930448e+00 6.607697817596102752e+00 7.813157082564470279e+00 9.385116030581375668e+00
4.607183443373939724e+01 4.516162388506263170e+01 4.426283335749915437e+01 4.337559145598587662e+01 4.249950970695286401e+01 4.163487399586668403e+01 4.078147689878927906e+01 3.993927167737722073e+01 3.910797169964916975e+01 3.828745510522391271e+01 3.747813751900807233e+01 3.667965092615838074e+01 3.589165948032908204e+01 3.511464685785607998e+01 3.434807327892595907e+01 3.359175753772374406e+01 3.284616671908432295e+01 3.211066953420498038e+01 3.138561757730986557e+01 3.067056119855191554e+01 2.996618560542556509e+01 2.927147277057579089e+01 2.858671368860540341e+01 2.791226994678687134e+01 2.724753972396355550e+01 2.659267773213696984e+01 2.594795679338201921e+01 2.531240676274715184e+01 2.468729313675960313e+01 2.407130513487289036e+01 2.346503204276072552e+01 2.286862733493327937e+01 2.228185660127839185e+01 2.170426617685552628e+01 2.113623990296711241e+01 2.057740383074743207e+01 2.002853998312355088e+01 1.948851321306115381e+01 1.895809787479890574e+01 1.843720134969489877e+01 1.792567749596123505e+01 1.742298404952535762e+01 1.692975983335134416e+01 1.644613275455315460e+01 1.597123693494443231e+01 1.550553390226767547e+01 1.504874316356513653e+01 1.460089973022462573e+01 1.416287554900141998e+01 1.373367790980287673e+01 1.331316341832069483e+01 1.290229032543909149e+01 1.249952157337784797e+01 1.210603501695172213e+01 1.172136638956179411e+01 1.134588753835009634e+01 1.097860416780592807e+01 1.062064052063241881e+01 1.027137039041484634e+01 9.930484086180257464e+00 9.598463520921496794e+00 9.274820021389684754e+00 8.959732128390996309e+00 8.653399925575433471e+00 8.355163033627576397e+00 8.065433601871784930e+00 7.783924917705109081e+00 7.511024557384182287e+00 7.245869618090416964e+00 6.989365368963628811e+00 6.740353282548738889e+00 6.499620855019927035e+00 6.266865337577298689e+00 6.042082980800655534e+00 5.824325409732988845e+00 5.614937594564417545e+00 5.413099882233563420e+00 5.218755722850643153e+00 5.031860671781207550e+00 4.852094728239153554e+00 4.679957049671489955e+00 4.514720948529893363e+00 4.356672695685537278e+00 4.205743457607735714e+00 4.061939265353764483e+00 3.924796198069302466e+00 3.794569117680057779e+00 3.670997418342569762e+00 3.554407732120223873e+00 3.444195636823443873e+00 3.340430771525260134e+00 3.237847813863103941e+00 3.117871433846441942e+00 3.028745925801434868e+00 2.980702811261592977e+00 2.908967697294417842e+00 2.843547922199218814e+00 2.784861206476596518e+00 2.732669549609989534e+00 2.687311505867961969e+00 2.648673114800104145e+00 2.617254451339889876e+00 2.593121627670280649e+00 2.576988815214076300e+00 2.568918802039499294e+00 2.569672430336888969e+00 2.580104593577359218e+00 2.601199014706823132e+00 2.633823312411409656e+00 2.680333279315672002e+00 2.741909128436414989e+00 2.821876457686911532e+00 2.923391855676138462e+00 3.051704565896018462e+00 3.215053661396494178e+00 3.415586850974638988e+00 3.671002163301917420e+00 3.996105280157880024e+00 4.412816061217517571e+00 4.952169359220315314e+00 5.656864066858813267e+00 6.583689439999873549e+00 7.803415720733386962e+00 9.392299585350061264e+00
4.516753785445813918e+01 4.426070925557274904e+01 4.336572993287897049e+01 4.248266514754304524e+01 4.161082822288737759e+01 4.075044538695836849e+01 3.990204277908742370e+01 3.906468196671231397e+01 3.823847778509888684e+01 3.742368734660994534e+01 3.661997920141210017e+01 3.582739543541570981e+01 3.504553582715151805e+01 3.427476781595753152e+01 3.351447571465763531e+01 3.276517659372002811e+01 3.202617084636039380e+01 3.129794247315934541e+01 3.058029203004634056e+01 2.987289556563342785e+01 2.917580936723144092e+01 2.848916914206504103e+01 2.781252966336150578e+01 2.714653758024721952e+01 2.649016690714207556e+01 2.584369655249722086e+01 2.520713260534878231e+01 2.458104064211521589e+01 2.396412077340826130e+01 2.335757174218102605e+01 2.276055354796962149e+01 2.217356035636906952e+01 2.159560614621335262e+01 2.102756223500984589e+01 2.046905143650824499e+01 1.992012814069070714e+01 1.938083602133996308e+01 1.885083186199673122e+01 1.833012851427483625e+01 1.781905974422408434e+01 1.731727632272222905e+01 1.682460280069245684e+01 1.634153273869943845e+01 1.586769384179456210e+01 1.540313193481783749e+01 1.494705415138950499e+01 1.450076002572673417e+01 1.406362960627901515e+01 1.363514765275814966e+01 1.321601679177553024e+01 1.280567633532355742e+01 1.240439732244591475e+01 1.201171492016795916e+01 1.162840122826579403e+01 1.125368400424380155e+01 1.088802118192582213e+01 1.053082641684529541e+01 1.018237792712829481e+01 9.842683701083675629e+00 9.511548073898124400e+00 9.189150769128628937e+00 8.875054491748567642e+00 8.569164031255960268e+00 8.272402438231052813e+00 7.983518968056680265e+00 7.702933630199060744e+00 7.430451455469022193e+00 7.166460727488555449e+00 6.910555313524636034e+00 6.662162670313720447e+00 6.422089119146789926e+00 6.189948621124541361e+00 5.965529474454511316e+00 5.748891774862152637e+00 5.539791635817536530e+00 5.338163544983176578e+00 5.144094655926679138e+00 4.957405870368669198e+00 4.778183685927450242e+00 4.605799019140121686e+00 4.440956748614555138e+00 4.283039239779117935e+00 4.131983736336097834e+00 3.987867620695884074e+00 3.850908225765592441e+00 3.720167468383395182e+00 3.596108155438970666e+00 3.479090920369087847e+00 3.368368992287817942e+00 3.264287391013120931e+00 3.166289882748407614e+00 3.065542280274291542e+00 2.954001132626726811e+00 2.875583021087357860e+00 2.828209984461416138e+00 2.761447808502415224e+00 2.701034790654965878e+00 2.647131437984628910e+00 2.599599761004534049e+00 2.558482900451808373e+00 2.524321229912562803e+00 2.496971903937905690e+00 2.477162935052901194e+00 2.464797866157664163e+00 2.460638888260591184e+00 2.465043878591222093e+00 2.479402414203568661e+00 2.503997246119671338e+00 2.540197250191045253e+00 2.590174511270948443e+00 2.655407047919766672e+00 2.739069419585582477e+00 2.844347986425999064e+00 2.976248192983299568e+00 3.143596299415185591e+00 3.348430312204064840e+00 3.608818901094767995e+00 3.939053196047070937e+00 4.362004538401098586e+00 4.909273170509321105e+00 5.623513875172180931e+00 6.562603475229067840e+00 7.796823663800910964e+00 9.403353440162987908e+00
4.428100973462198198e+01 4.337763253519491258e+01 4.248619705687014658e+01 4.160689373067182117e+01 4.073926603696860127e+01 3.988357469067983629e+01 3.903955429355519158e+01 3.820710473360752246e+01 3.738593631161369046e+01 3.657682165327850043e+01 3.577837081858010748e+01 3.499146074822634489e+01 3.421541000518391229e+01 3.345094242229066595e+01 3.269740034461232625e+01 3.195446367837455526e+01 3.122234804558142685e+01 3.050104090387126732e+01 2.979047549449225230e+01 2.909058885696965646e+01 2.840125211942411454e+01 2.772235888678025262e+01 2.705332490758708275e+01 2.639492059985288819e+01 2.574698116655609326e+01 2.510910328339484110e+01 2.448106722204160945e+01 2.386317734979074245e+01 2.325539444697923841e+01 2.265760492274410254e+01 2.206961878648120390e+01 2.149140626618331140e+01 2.092268501463725272e+01 2.036440588188256484e+01 1.981494321306902506e+01 1.927567415732639589e+01 1.874552590729044965e+01 1.822532422148416131e+01 1.771409918468529554e+01 1.721282073120967837e+01 1.672085892365481286e+01 1.623822924808779788e+01 1.576464355557444286e+01 1.530096454471231482e+01 1.484577416780723524e+01 1.440037809564270788e+01 1.396351005679960977e+01 1.353626558530456236e+01 1.311804878221438742e+01 1.270858013196931680e+01 1.230792862968580437e+01 1.191693600476156867e+01 1.153438455549815700e+01 1.116071241530758229e+01 1.079571340666636203e+01 1.043951379554670567e+01 1.009217790139494930e+01 9.753140713666329731e+00 9.422937722379899128e+00 9.101724379005126764e+00 8.788459425640017031e+00 8.484055380246912748e+00 8.187452500183434623e+00 7.899613014866647021e+00 7.620077471639352673e+00 7.348332493633225049e+00 7.084864098614307437e+00 6.829401606547936154e+00 6.582096067888598689e+00 6.342735192875037953e+00 6.111121309181477557e+00 5.887339061218710867e+00 5.671208328019838874e+00 5.462432442530317900e+00 5.261314420562646532e+00 5.067406872323065414e+00 4.881278628150120369e+00 4.702282431983451083e+00 4.530237614268339819e+00 4.365374029317359295e+00 4.207439232642773419e+00 4.056595425705422642e+00 3.912626104754279854e+00 3.775222368605279932e+00 3.644578581801249939e+00 3.520356563739623912e+00 3.402671816405711258e+00 3.291564248090317335e+00 3.186872378405281037e+00 3.088588171308270791e+00 2.996626820056946805e+00 2.896562682556902413e+00 2.794128409269747149e+00 2.726085504000441695e+00 2.679227916754622907e+00 2.617486759246767658e+00 2.561774106626568681e+00 2.512391674605851666e+00 2.468998867203864300e+00 2.432583014909428520e+00 2.402392415198828513e+00 2.379505913997337352e+00 2.363608278158058074e+00 2.355123983308526903e+00 2.354784461585046618e+00 2.363018789894288929e+00 2.380873259125027008e+00 2.408934163657550087e+00 2.448767379305494263e+00 2.502143794304600988e+00 2.570709801651593907e+00 2.657817757432878736e+00 2.766641571628569718e+00 2.902337134477095404e+00 3.073587215243867021e+00 3.282742949006178801e+00 3.547979094317610382e+00 3.883847966230480342e+00 4.313277010254800814e+00 4.868468132818149385e+00 5.592780614342752088e+00 6.544049499150861315e+00 7.793731912471669077e+00 9.418288576829835890e+00
4.341302385690338639e+01 4.251266938501650117e+01 4.162484360191935906e+01 4.074894783854453806e+01 3.988553870686113356e+01 3.903386329055257420e+01 3.819429859549309469e+01 3.736662327585790422e+01 3.655075872903928058e+01 3.574618471979101031e+01 3.495322616382978964e+01 3.417203324212177051e+01 3.340170485086422048e+01 3.264351642325561187e+01 3.189595109889902247e+01 3.115953121001634329e+01 3.043430816821107854e+01 2.971977882434353546e+01 2.901625542425770732e+01 2.832356633295395199e+01 2.764129764878660112e+01 2.696975664543479567e+01 2.630908001073892777e+01 2.565835250783056054e+01 2.501858962816425702e+01 2.438864446518549300e+01 2.376911128476493218e+01 2.315963099973335915e+01 2.256047040770544498e+01 2.197159940959708635e+01 2.139198633907222202e+01 2.082272969971853271e+01 2.026335253630918842e+01 1.971360397574430934e+01 1.917393439228766283e+01 1.864406798727519288e+01 1.812338748065365124e+01 1.761214065807893547e+01 1.711066522903692544e+01 1.661863232930615908e+01 1.613630869294451031e+01 1.566354982473140467e+01 1.519971294279650564e+01 1.474535570053120459e+01 1.430026774998837169e+01 1.386419403115461968e+01 1.343725305256253577e+01 1.301988619861338492e+01 1.261117318375085716e+01 1.221157734630351399e+01 1.182089363167669838e+01 1.143922676054089926e+01 1.106633482218820674e+01 1.070218095476603892e+01 1.034727916471008768e+01 1.000084792099058539e+01 9.662739777016614795e+00 9.333625048920978884e+00 9.012923756985014023e+00 8.700423504595711677e+00 8.396649558807245839e+00 8.101243819460336226e+00 7.814042692974876303e+00 7.534927060376839236e+00 7.264392110500916822e+00 7.001641205879494123e+00 6.746997906967244774e+00 6.500245097320367371e+00 6.261532412490289801e+00 6.030462176983741429e+00 5.806898097687596128e+00 5.591488256742560559e+00 5.383347199645571735e+00 5.182689480327962173e+00 4.989486387765918352e+00 4.803385397926030365e+00 4.624723296384958715e+00 4.452707292009183249e+00 4.288442889695753379e+00 4.130689042839719605e+00 3.979934674708041076e+00 3.835726537838080041e+00 3.698317026334452251e+00 3.567609707017971310e+00 3.443181885521151564e+00 3.325390014375306791e+00 3.214101104362487860e+00 3.108789708139847452e+00 3.010006234026374461e+00 2.917197464930088024e+00 2.830502394728773297e+00 2.731490906571010235e+00 2.637761855990738979e+00 2.580564022569420413e+00 2.533939719180633432e+00 2.476918128505412042e+00 2.425723533831392054e+00 2.380910270994451849e+00 2.342220304662379071e+00 2.309749495010704479e+00 2.283822835889315339e+00 2.264645754243888032e+00 2.252613757813226592e+00 2.247984771172806262e+00 2.251250278163330343e+00 2.262787515955178019e+00 2.284200760736854185e+00 2.315720560526779437e+00 2.358990455471543513e+00 2.415591556739882240e+00 2.487829832025112431e+00 2.578113318873442861e+00 2.690651094740015292e+00 2.829854764269335021e+00 3.005299417094864367e+00 3.218476456008445563e+00 3.488723114650660317e+00 3.830089544814740954e+00 4.266258602474914952e+00 4.829615546804532755e+00 5.564271244557073004e+00 6.528431090231245904e+00 7.793988979616361945e+00 9.436956722766753458e+00
4.256274151731139455e+01 4.166566337594019842e+01 4.078097570033750685e+01 3.990901539214770821e+01 3.904947476709777021e+01 3.820202268510206522e+01 3.736671634436540046e+01 3.654323801745725575e+01 3.573203281360728312e+01 3.493275287416628316e+01 3.414519523779900112e+01 3.336956281101818433e+01 3.260497533002910586e+01 3.185223294934099769e+01 3.111085259274227610e+01 3.038099659064076263e+01 2.966204149244722288e+01 2.895457084283601290e+01 2.825775602495169636e+01 2.757189223322268390e+01 2.689719709293217775e+01 2.623285322458921343e+01 2.557942137254388726e+01 2.493669036537739103e+01 2.430466831677556883e+01 2.368277159660505760e+01 2.307137420426670360e+01 2.247024513175458438e+01 2.187935885524620971e+01 2.129894569231770518e+01 2.072814713056674307e+01 2.016780288154830103e+01 1.961722330565551786e+01 1.907628752000959338e+01 1.854558980706129034e+01 1.802446597703013609e+01 1.751313408221576395e+01 1.701159241415289713e+01 1.651944405713048525e+01 1.603718813580775659e+01 1.556412388828096738e+01 1.510050286255318852e+01 1.464629085536794939e+01 1.420144358081671854e+01 1.376571093244267630e+01 1.333977238106608354e+01 1.292224693588105389e+01 1.251429459394693922e+01 1.211514226801101479e+01 1.172500931712558980e+01 1.134396330812789166e+01 1.097212287914349815e+01 1.060858880670832960e+01 1.025420883787582227e+01 9.908407846586243295e+00 9.571294613886704994e+00 9.242980137546663144e+00 8.922823350496999595e+00 8.611394427737939949e+00 8.308217697176011995e+00 8.013360847492656092e+00 7.726957918670763092e+00 7.449015550406700825e+00 7.178868987831221737e+00 6.916782260855103281e+00 6.663084243084438363e+00 6.416889680630255555e+00 6.178635033049662439e+00 5.948304387378600566e+00 5.725558712139200424e+00 5.510408350434559566e+00 5.302907565456315808e+00 5.102483333778550900e+00 4.909672515065299336e+00 4.723994323718294197e+00 4.545721393108593134e+00 4.374056498066281051e+00 4.209809420495913557e+00 4.052355399104900613e+00 3.901848480506686645e+00 3.757807502137067157e+00 3.620555769475808372e+00 3.489549903907107620e+00 3.365239406697617675e+00 3.247069370378052877e+00 3.135520392241220033e+00 3.030005170998284481e+00 2.930618691326392078e+00 2.837367438890325833e+00 2.750105895822041457e+00 2.668880057151634677e+00 2.570186016978415200e+00 2.485753239913557344e+00 2.438952907659608371e+00 2.391998155083230326e+00 2.339609394737640624e+00 2.293109365959755674e+00 2.252679603297780275e+00 2.218104668472620222e+00 2.189704769128020256e+00 2.167633031850035863e+00 2.152396613156737359e+00 2.144049932550473603e+00 2.142990224766061491e+00 2.149792099013947411e+00 2.164878041346585125e+00 2.189608518498120660e+00 2.224488120965806282e+00 2.271108070001437440e+00 2.330943628604364992e+00 2.406239633093831820e+00 2.500035525690735838e+00 2.616096283995883454e+00 2.758986388100825859e+00 2.938397836353079384e+00 3.155985769726310508e+00 3.430928366032526267e+00 3.778104319180664028e+00 4.221102225596440327e+00 4.793115693564242719e+00 5.538352321198003025e+00 6.515680865083950835e+00 7.797859794923156507e+00 9.459974544871062818e+00
4.173062531339893155e+01 4.083660290004094406e+01 3.995541919438348799e+01 3.908692066550935351e+01 3.823083381660231339e+01 3.738736909617611559e+01 3.655640012737061539e+01 3.573782980628406136e+01 3.493097428638682800e+01 3.413661984114112613e+01 3.335409940053082067e+01 3.258344965873135379e+01 3.182482036396639913e+01 3.107781682511268073e+01 3.034235072446881532e+01 2.961830032587876715e+01 2.890578492725144244e+01 2.820478428130887139e+01 2.751500781815589036e+01 2.683608336398118865e+01 2.616816480593972116e+01 2.551127798074485042e+01 2.486532133082857143e+01 2.423017302253168737e+01 2.360534429704572545e+01 2.299153100294201124e+01 2.238828704409237957e+01 2.179533386535466022e+01 2.121255166792459335e+01 2.064036209429923474e+01 2.007822062579636224e+01 1.952627683989498308e+01 1.898470577503508139e+01 1.845237776216518455e+01 1.793039458637599637e+01 1.741838072853634145e+01 1.691612608990963196e+01 1.642362268872727782e+01 1.594066747292537300e+01 1.546723789655081127e+01 1.500349077441937062e+01 1.454944129649214979e+01 1.410449295793431190e+01 1.366884696765398033e+01 1.324307766997959668e+01 1.282590647919621318e+01 1.241819445981531267e+01 1.201968145398962839e+01 1.163000380735359585e+01 1.124938875917066383e+01 1.087766918709124297e+01 1.051483209928855089e+01 1.016102579907820491e+01 9.816016555202523364e+00 9.479404235182077088e+00 9.151563236565252168e+00 8.832225541999537910e+00 8.521463702451715250e+00 8.218832335038506187e+00 7.925056873333591767e+00 7.639401490690422847e+00 7.362086935148304256e+00 7.092086656088403274e+00 6.831154179648146751e+00 6.577720790550644736e+00 6.332070679132939972e+00 6.094642819253792254e+00 5.864723774748947349e+00 5.642648735975352992e+00 5.427986356558256453e+00 5.220835824706771433e+00 5.021019922738856778e+00 4.828597646071308702e+00 4.643386233132451579e+00 4.465244945003787436e+00 4.294331071690682400e+00 4.130222266814287835e+00 3.972933883813400957e+00 3.822455332655561033e+00 3.678710760885073316e+00 3.541374534333863178e+00 3.410491422383754578e+00 3.286268515240409194e+00 3.167694850488866898e+00 3.056236465969952576e+00 2.950341954507273989e+00 2.850736306602152936e+00 2.756945163894697348e+00 2.669093638149233616e+00 2.587390794708288588e+00 2.511307961950037804e+00 2.412620883822791384e+00 2.337294201972239804e+00 2.301305326889335756e+00 2.254045013342664827e+00 2.206065457593964219e+00 2.163809030146113255e+00 2.127490875868842668e+00 2.096988465703042426e+00 2.072561760768343309e+00 2.054430201533252731e+00 2.042872871683210079e+00 2.038017924762813848e+00 2.040550131380314269e+00 2.050652374330752536e+00 2.069232267455223262e+00 2.097194154800074983e+00 2.135071044271874552e+00 2.184991792575052827e+00 2.248122640507510539e+00 2.326748533213729431e+00 2.423882179855096908e+00 2.543198226292942010e+00 2.689579550587317680e+00 2.873133967581364967e+00 3.095137552976812145e+00 3.374848778924210979e+00 3.727911706139874770e+00 4.177946751506644851e+00 4.758507670554146252e+00 5.514794562958691415e+00 6.506196049870915488e+00 7.805533923032026422e+00 9.487379351463943067e+00
4.091705706268222542e+01 4.002596027202495321e+01 3.914806296586207424e+01 3.828282518886818764e+01 3.743037740569668159e+01 3.659085964719592710e+01 3.576371511456700603e+01 3.494931908045396796e+01 3.414718932557281050e+01 3.335717550814992904e+01 3.257993073246714744e+01 3.181467949614595980e+01 3.106102405326382865e+01 3.031959955485881153e+01 2.959024021909870683e+01 2.887233418158718834e+01 2.816586466948714929e+01 2.747072575070007616e+01 2.678748072949876757e+01 2.611551422494497032e+01 2.545448874081587221e+01 2.480480429706244294e+01 2.416601907108133673e+01 2.353822152472167062e+01 2.292120953742304934e+01 2.231520202260423957e+01 2.171929922817312786e+01 2.113437358374942221e+01 2.056000455927688009e+01 1.999596682937733050e+01 1.944203857727519846e+01 1.889839545414554323e+01 1.836505490551391162e+01 1.784193269907230572e+01 1.732865446914572161e+01 1.682517363025717216e+01 1.633178287978087440e+01 1.584783504583369051e+01 1.537443330548973108e+01 1.491009850445846929e+01 1.445530904162785113e+01 1.401011739812902945e+01 1.357490797577904829e+01 1.314858274014847339e+01 1.273124332327818564e+01 1.232369862802901217e+01 1.192526521376067095e+01 1.153601032350575295e+01 1.115554954283736144e+01 1.078425066249101327e+01 1.042200359270758447e+01 1.006837077858135920e+01 9.723636899206544726e+00 9.387742027824030444e+00 9.060320168187363521e+00 8.741364023112552673e+00 8.431213716506480438e+00 8.129276779955018739e+00 7.835699929729267765e+00 7.550789103235788780e+00 7.273919707376097499e+00 7.004872568057763260e+00 6.744191865821935750e+00 6.491523649847130706e+00 6.246490101023749020e+00 6.009604843819616349e+00 5.779856271719740590e+00 5.558488077546264172e+00 5.344506665815506707e+00 5.137592253536271691e+00 4.938516885087873121e+00 4.746442703195286050e+00 4.561612849350582977e+00 4.383903179512271819e+00 4.213297743515842519e+00 4.049505132292452458e+00 3.892521123569281372e+00 3.742143979903311823e+00 3.598612838816317439e+00 3.461292180572661525e+00 3.330872994325118075e+00 3.206340119392858679e+00 3.088275018138808559e+00 2.976166717477768398e+00 2.870325055390643421e+00 2.770347320780019995e+00 2.676415421382072335e+00 2.588229808579223246e+00 2.505832499539994984e+00 2.428891355956641629e+00 2.358750269012244161e+00 2.261302215003002658e+00 2.192774248115059166e+00 2.168596442705439387e+00 2.119472360251506426e+00 2.075911714440759059e+00 2.037917210334116991e+00 2.005681118156155129e+00 1.978994260658617499e+00 1.958441519933906694e+00 1.944020478809549424e+00 1.936002507096945546e+00 1.934569482018233533e+00 1.940381587039441413e+00 1.953799033402048302e+00 1.975669124575307745e+00 2.006702384670655537e+00 2.047877245160556470e+00 2.100888093332176076e+00 2.166958872031243821e+00 2.248849170286004728e+00 2.349217304612671864e+00 2.471789015118852628e+00 2.622093500800060095e+00 2.809215907630502329e+00 3.035443976911866848e+00 3.320215135347537316e+00 3.679361531033231714e+00 4.136872634838484331e+00 4.726466319771860825e+00 5.494050964171970364e+00 6.499873555769141831e+00 7.817044281461759780e+00 9.520592240940995765e+00
4.012164173074804552e+01 3.923338900067220436e+01 3.835834002518275554e+01 3.749653470994341831e+01 3.664747745853858873e+01 3.581167388639898519e+01 3.498867372194812475e+01 3.417826641570158586e+01 3.338070546244513537e+01 3.259540505262837939e+01 3.182278278052498166e+01 3.106244588797330053e+01 3.031453733516762483e+01 2.957852500946970409e+01 2.885439428613540969e+01 2.814233164090524753e+01 2.744201613371161130e+01 2.675346512870308047e+01 2.607624986277085100e+01 2.541077093534722664e+01 2.475647231012484539e+01 2.411382946664829419e+01 2.348189555427611097e+01 2.286161245710077594e+01 2.225175024038046345e+01 2.165320735257052576e+01 2.106527734079245562e+01 2.048811002159784778e+01 1.992144733555229053e+01 1.936510601653436225e+01 1.881971400215293144e+01 1.828446557123121252e+01 1.775918902581711123e+01 1.724461792830424045e+01 1.674009518100793059e+01 1.624522518530750048e+01 1.576072508045400866e+01 1.528574941383293861e+01 1.482043981700748070e+01 1.436531195040704389e+01 1.391946971450324000e+01 1.348336189972796362e+01 1.305674892406766219e+01 1.263944379949442087e+01 1.223172053480362464e+01 1.183293702353084242e+01 1.144348475397389819e+01 1.106332919236969659e+01 1.069217889252742637e+01 1.032980158817441385e+01 9.976765298493816658e+00 9.632117307914855431e+00 9.296208900316882406e+00 8.969322759020448288e+00 8.650928286866378158e+00 8.340852184681269321e+00 8.039799336659092077e+00 7.746976539657302041e+00 7.462081758669514286e+00 7.185745710071389070e+00 6.917218151434523676e+00 6.656833155187957374e+00 6.404791623487171570e+00 6.160273929778481872e+00 5.923768324996203205e+00 5.695099624738575450e+00 5.473861128311840574e+00 5.260177433879098530e+00 5.054122654417958493e+00 4.855251548182915045e+00 4.663771222238710656e+00 4.479155934770274072e+00 4.301853490574714556e+00 4.131297790327870700e+00 3.967941824530041295e+00 3.811261127979981289e+00 3.661140031667287076e+00 3.517738715267382243e+00 3.380557775978976220e+00 3.250230626325545380e+00 3.125707654658238521e+00 3.007669327862239061e+00 2.895782485285391950e+00 2.789598843046570131e+00 2.689453091134563767e+00 2.595355867655735338e+00 2.506841014145699820e+00 2.423953209711238177e+00 2.346960350803162232e+00 2.275237467352875242e+00 2.205129359476332152e+00 2.116314019065768104e+00 2.053128683563243406e+00 2.033683402652974870e+00 1.988585170707646288e+00 1.949331890427430380e+00 1.915388594476996609e+00 1.887013248289926004e+00 1.864138701791329122e+00 1.847165956837515388e+00 1.836164500095471830e+00 1.831714011357032934e+00 1.833761335169503681e+00 1.842707570224733082e+00 1.859481254586747845e+00 1.884329663323380810e+00 1.918239860428427868e+00 1.962584429389724328e+00 2.018496071015307702e+00 2.087732286031818152e+00 2.172509126617960806e+00 2.276069276424841359e+00 2.402182148989151500e+00 2.555838578357794155e+00 2.747179918215891803e+00 2.977733811655114415e+00 3.267786781279491404e+00 3.632747414583004097e+00 4.097584508984153828e+00 4.696459924584872603e+00 5.475987398227754710e+00 6.496771008443936068e+00 7.832040121518080156e+00 9.554779219234699639e+00
3.934485877826971745e+01 3.845933736494417587e+01 3.758692359865152355e+01 3.672824047447010543e+01 3.588279890079538603e+01 3.505042930832450310e+01 3.423120669578169384e+01 3.342489158421596329e+01 3.263145675087892528e+01 3.185088984581071614e+01 3.108272864554115955e+01 3.032737939004856997e+01 2.958434779706361439e+01 2.885376758085083182e+01 2.813507408065735049e+01 2.742882232413544941e+01 2.673445505393544508e+01 2.605170369396654451e+01 2.538110787181275896e+01 2.472180435017789080e+01 2.407428332280720085e+01 2.343821913405747992e+01 2.281357955146132710e+01 2.219989820417676185e+01 2.159749598059618236e+01 2.100622219098075050e+01 2.042553200254563350e+01 1.985590109569296402e+01 1.929729497380070313e+01 1.874890715756414394e+01 1.821113981254664083e+01 1.768420270638148040e+01 1.716750751093277927e+01 1.666105152616057694e+01 1.616453710638396757e+01 1.567826356702741819e+01 1.520201521731248206e+01 1.473593535635482255e+01 1.427942770693267960e+01 1.383282528773037612e+01 1.339577353691603356e+01 1.296833558568825140e+01 1.255050930147593213e+01 1.214213625835339805e+01 1.174324573682603656e+01 1.135356164613042829e+01 1.097312285999220194e+01 1.060170621980624972e+01 1.023951284080943935e+01 9.885996193034063850e+00 9.541900769142364069e+00 9.206174539366706711e+00 8.879326493116801444e+00 8.560984595084498494e+00 8.251487739574370650e+00 7.950501184626923568e+00 7.657735236101748555e+00 7.373591468039486507e+00 7.097398439651247948e+00 6.829577449898915908e+00 6.569638619479811759e+00 6.318003663180482121e+00 6.073866735247069215e+00 5.837654865636188184e+00 5.609305655524954304e+00 5.388580269048526716e+00 5.175319697546898468e+00 4.969743336623688279e+00 4.771233708641686277e+00 4.579954265137164526e+00 4.396026084032311765e+00 4.218949867185695091e+00 4.048941925516102991e+00 3.885702352914344182e+00 3.729290453294986651e+00 3.579615605227015607e+00 3.436398283724817482e+00 3.299526950728370878e+00 3.169136238714442833e+00 3.044754039084673902e+00 2.926837061707265875e+00 2.814861138987634348e+00 2.708722988248157826e+00 2.608546002474931846e+00 2.514122818265829284e+00 2.425292223358443966e+00 2.342176775921434029e+00 2.264641651953713808e+00 2.192448833297144795e+00 2.125764782203076741e+00 2.055500409080068813e+00 1.975206556282882442e+00 1.922575858215802569e+00 1.902354697711572395e+00 1.861624928287031189e+00 1.826222830442703060e+00 1.796136558836036734e+00 1.771631626516356750e+00 1.752054358751375940e+00 1.739097293699198854e+00 1.731618055862627070e+00 1.730301695574065768e+00 1.735534582286146765e+00 1.747558991448916466e+00 1.767252965318066860e+00 1.794942666682741716e+00 1.832141916060736619e+00 1.879268392018329514e+00 1.938032243587428649e+00 2.010152107515672526e+00 2.098124816944368920e+00 2.204649723942153638e+00 2.333810027600169423e+00 2.491105154988226822e+00 2.686381758770239880e+00 2.921393434435726189e+00 3.216711529039528727e+00 3.587793200072497690e+00 4.060356630937533851e+00 4.668916103620723845e+00 5.460803535286529176e+00 6.497000532037667142e+00 7.851427856367720892e+00 9.595493833048385213e+00
3.858636782294243517e+01 3.770328364135777832e+01 3.683396943323798212e+01 3.597809472678803644e+01 3.513585258203512041e+01 3.430696219666222646e+01 3.349131613520095385e+01 3.268912101853814534e+01 3.189973491000411698e+01 3.112334237598584252e+01 3.036006192731972675e+01 2.960926342102999698e+01 2.887119521379198872e+01 2.814564395773161465e+01 2.743252899855015414e+01 2.673136921039159830e+01 2.604276649399056609e+01 2.536609872272432753e+01 2.470129593511488508e+01 2.404850243279532762e+01 2.340741776672866692e+01 2.277801242183502595e+01 2.215992202780924103e+01 2.155334401597762550e+01 2.095783826981035958e+01 2.037359643306093560e+01 1.980070824517174799e+01 1.923852130026838481e+01 1.868711551467906418e+01 1.814663082550310591e+01 1.761696331927471348e+01 1.709772558749874705e+01 1.658883517581724121e+01 1.609048790481610780e+01 1.560228732131522200e+01 1.512436873115890990e+01 1.465653976842699002e+01 1.419876129290656941e+01 1.375059400032321300e+01 1.331263104721279689e+01 1.288424009663959779e+01 1.246546081087675972e+01 1.205650753086819904e+01 1.165660134073441867e+01 1.126638514645012989e+01 1.088542957115073939e+01 1.051378326245963102e+01 1.015117181703705285e+01 9.797678380723617408e+00 9.453361543870652639e+00 9.117499753004265628e+00 8.790504389250219930e+00 8.472630161445804831e+00 8.162958685350595545e+00 7.862062443245598331e+00 7.569577258570436840e+00 7.285486757408820679e+00 7.009660151377927306e+00 6.741939313997125538e+00 6.482381975826223552e+00 6.230934564973611423e+00 5.987451754461758924e+00 5.751568265132666724e+00 5.523549743082101671e+00 5.303165695253864165e+00 5.090310354336025078e+00 4.884926285691504333e+00 4.686997034693174413e+00 4.496043818329232167e+00 4.312170704027740165e+00 4.135791190300020403e+00 3.966096839387156514e+00 3.803160561707497056e+00 3.646873847780562894e+00 3.497465202054772515e+00 3.354449193591890754e+00 3.217927543709908633e+00 3.087681444631318328e+00 2.963527973224822087e+00 2.845593714497052229e+00 2.733648720104453478e+00 2.627633919522665007e+00 2.527037272354559772e+00 2.432713947650988473e+00 2.343845537534272605e+00 2.260382493520141090e+00 2.182407446441070320e+00 2.109840611540836353e+00 2.042553984885664420e+00 1.980605178710137526e+00 1.909969311988335416e+00 1.838252926910222129e+00 1.796582915342159747e+00 1.774931234912080491e+00 1.738199591115840992e+00 1.706708198901529805e+00 1.680544244119563935e+00 1.659542658599399978e+00 1.643844301271724095e+00 1.633638247456714598e+00 1.629484770366473878e+00 1.631406847330318932e+00 1.639676939361189856e+00 1.654919723413272870e+00 1.677370913190023849e+00 1.708266381202916406e+00 1.748056337734615884e+00 1.797858399612894953e+00 1.859477393225661412e+00 1.934541301177972183e+00 2.025168543291955281e+00 2.134941312481086761e+00 2.267338278506958460e+00 2.428213619614871810e+00 2.627296251034583197e+00 2.866633982083544030e+00 3.167294312703694548e+00 3.544871977777286354e+00 4.025111626519073837e+00 4.643733502456437456e+00 5.448407993544901018e+00 6.500767166672972053e+00 7.874676711159156461e+00 9.640879941758273119e+00
3.784633011309716011e+01 3.696583541605564704e+01 3.609896594960323313e+01 3.524606416070403014e+01 3.440691340823997990e+01 3.358145381607716473e+01 3.276931000565661378e+01 3.197078051731404713e+01 3.118541101236527169e+01 3.041329730878086224e+01 2.965431723286636867e+01 2.890811242591772157e+01 2.817462597984154016e+01 2.745425887390260300e+01 2.674615748457205200e+01 2.605076158603474212e+01 2.536768460641952672e+01 2.469668415877494994e+01 2.403783899078580788e+01 2.339104540236949248e+01 2.275620250403495959e+01 2.213306048276102445e+01 2.152162457147442964e+01 2.092161225000748104e+01 2.033339207115826142e+01 1.975608932116147543e+01 1.919057760114547406e+01 1.863523564118860776e+01 1.809144267960122221e+01 1.755845420960655545e+01 1.703657302503742699e+01 1.652484852040293362e+01 1.602391573601963515e+01 1.553348424471136013e+01 1.505319004503190605e+01 1.458355966411349947e+01 1.412375577014793926e+01 1.367444839412510404e+01 1.323462790758094343e+01 1.280507037457524433e+01 1.238496931694870185e+01 1.197478281757515717e+01 1.157424455320703593e+01 1.118295032293675817e+01 1.080126107130171498e+01 1.042894636124990271e+01 1.006588367355091229e+01 9.711890443736859169e+00 9.366930341988322084e+00 9.030817948884040547e+00 8.703950504936342369e+00 8.385744157370789154e+00 8.076041654635501388e+00 7.775168674103571931e+00 7.482745382271883017e+00 7.198547008241873435e+00 6.922773974187068191e+00 6.655441050493527300e+00 6.396253793543460020e+00 6.144747972045450091e+00 5.901295744310819380e+00 5.665888825394771899e+00 5.438092261005622596e+00 5.218103588517585933e+00 5.005500158759678797e+00 4.800197223879976605e+00 4.602585946041470422e+00 4.412077059372066401e+00 4.228644257279922769e+00 4.052316767303842937e+00 3.883069995992716184e+00 3.720538886887680974e+00 3.564571518511783221e+00 3.415162857280984454e+00 3.272529675597835030e+00 3.135988483771678936e+00 3.006067591031746922e+00 2.882152527837866796e+00 2.764315141439455115e+00 2.652370180066332406e+00 2.546367729360698995e+00 2.446022174125872528e+00 2.351460635296254154e+00 2.262359721566920001e+00 2.178745042140728394e+00 2.100554521819841813e+00 2.027686662222960567e+00 1.960035862379538862e+00 1.897641941236916097e+00 1.840335301761797382e+00 1.768438242845937758e+00 1.705589224965686768e+00 1.674664242842982542e+00 1.651495956773030294e+00 1.618509986408867007e+00 1.590898569822651876e+00 1.568023673989271671e+00 1.550630643319750313e+00 1.538275238672903722e+00 1.531552865416641040e+00 1.530395561041064667e+00 1.535355120480885738e+00 1.546611208181092323e+00 1.564475053920444392e+00 1.589922829837286944e+00 1.623506481770331522e+00 1.666008546555042269e+00 1.718619793494036152e+00 1.782867086081052488e+00 1.860468128286774103e+00 1.954303492069586756e+00 2.066787178598283869e+00 2.202481329847905123e+00 2.368719556242704360e+00 2.567668693240587885e+00 2.813880532404622326e+00 3.119638314303296855e+00 3.503831212472630074e+00 3.992408891192167353e+00 4.621155820064415387e+00 5.438952437798350026e+00 6.508036961586460833e+00 7.902516613891553021e+00 9.691072210002770859e+00
3.712464802577142109e+01 3.624625233265875579e+01 3.538211879396456538e+01 3.453202227570810834e+01 3.369566526850697130e+01 3.287329845566648601e+01 3.206484442812080005e+01 3.126995241069108289e+01 3.048850859818068670e+01 2.972031025945571869e+01 2.896549685342172253e+01 2.822370610850677508e+01 2.749531917785481738e+01 2.677949389972523875e+01 2.607652210637078127e+01 2.538623438457715409e+01 2.470851624472253505e+01 2.404307126262824568e+01 2.339009033396903803e+01 2.274945258139985427e+01 2.212064032122230728e+01 2.150385790510406281e+01 2.089886243442506952e+01 2.030540483067537849e+01 1.972373127852522501e+01 1.915361535467059539e+01 1.859435234185476915e+01 1.804677682684934226e+01 1.751016681306430911e+01 1.698477920915447825e+01 1.646990209373633363e+01 1.596585747036614045e+01 1.547276098141347944e+01 1.498990136778404292e+01 1.451787598520979472e+01 1.405621021696374839e+01 1.360403163313601560e+01 1.316272041400229398e+01 1.273133087092105420e+01 1.230989498656935766e+01 1.189792868385250912e+01 1.149607709370533648e+01 1.110383503405906147e+01 1.072110467474249873e+01 1.034792146922072220e+01 9.983994677808748719e+00 9.629123126616413231e+00 9.283408264576575419e+00 8.947042673050397354e+00 8.619746857534348550e+00 8.301118699107256305e+00 7.990965270471351189e+00 7.690140707551462285e+00 7.397312109915210598e+00 7.113221075871378751e+00 6.837513252170857037e+00 6.569926414447657237e+00 6.310515831119911212e+00 6.059391173048123136e+00 5.816009355077012444e+00 5.580659360561879723e+00 5.353074786036171595e+00 5.133298961180332576e+00 4.920840290633354819e+00 4.716059256252702170e+00 4.518570795456477995e+00 4.328314810296296500e+00 4.145185879029100740e+00 3.968995251093254684e+00 3.799831436975042998e+00 3.637567642971561988e+00 3.482128732192157905e+00 3.333111630126306402e+00 3.190435046072603864e+00 3.054274930199596394e+00 2.924387167863884418e+00 2.800676388920475546e+00 2.682869736751292145e+00 2.571033437133896093e+00 2.465045236455809530e+00 2.364886038676483615e+00 2.270210024832230999e+00 2.181146524946686593e+00 2.097459672987289636e+00 2.019119841135097460e+00 1.945886425663867492e+00 1.877960126201960733e+00 1.815040101664144867e+00 1.757315710554319121e+00 1.704418060445234140e+00 1.631232216451350414e+00 1.577129710119662409e+00 1.557331742460199564e+00 1.531840343496981838e+00 1.502834814165376898e+00 1.478569313525823770e+00 1.459261966504921126e+00 1.445066454898891184e+00 1.436154584243443111e+00 1.432255071535359914e+00 1.434193541885309120e+00 1.442054877053289275e+00 1.456140822718188232e+00 1.476739534723547909e+00 1.504771877013977299e+00 1.540871154192935411e+00 1.586037259329264870e+00 1.641253800537112451e+00 1.708081478010770038e+00 1.788539250603615738e+00 1.884792276316038517e+00 2.000373318659898203e+00 2.139103208589787641e+00 2.309140723176927867e+00 2.511930643479809433e+00 2.762650481444695050e+00 3.073831584867814382e+00 3.464768609887081130e+00 3.961654158552863070e+00 4.601211303798158347e+00 5.432658250574573522e+00 6.519248272277334166e+00 7.934541770969816277e+00 9.746235319477513315e+00
3.642098860428676232e+01 3.554471426156992919e+01 3.468373791406234830e+01 3.383596938362158824e+01 3.300264067012077618e+01 3.218352926607911257e+01 3.137794786673865488e+01 3.058648783445248043e+01 2.980884115363829778e+01 2.904481694356566379e+01 2.829374159600858007e+01 2.755657519522931409e+01 2.683246826176748456e+01 2.612146110421324963e+01 2.542349223399744673e+01 2.473807506770806697e+01 2.406575087491745890e+01 2.340600452649215413e+01 2.275843435893300892e+01 2.212332490392675410e+01 2.150051503022439903e+01 2.088987984600959535e+01 2.029118816940735925e+01 1.970410885914015608e+01 1.912904582148880905e+01 1.856522533930922236e+01 1.801330060983127268e+01 1.747261392503360966e+01 1.694307735804241233e+01 1.642473965320259310e+01 1.591738609025576956e+01 1.542084589205718892e+01 1.493486506819385795e+01 1.446008155041631582e+01 1.399541042194141127e+01 1.354121098937477541e+01 1.309748194265242205e+01 1.266400331230611620e+01 1.224049560519634383e+01 1.182702213008258774e+01 1.142326538725322393e+01 1.102957602063952081e+01 1.064545448963377616e+01 1.027085680890096242e+01 9.905913352375705472e+00 9.550106943389947034e+00 9.203700708358752536e+00 8.866510133367732749e+00 8.538525549283848548e+00 8.218991969039867840e+00 7.908764239337296331e+00 7.607006372670355177e+00 7.313992021121018539e+00 7.029405959809609250e+00 6.753676482034054018e+00 6.485982728133777186e+00 6.226554622196833755e+00 5.975149795907563899e+00 5.732082061409959906e+00 5.496596501946382496e+00 5.269075545423129725e+00 5.049185260707112377e+00 4.837082643551315897e+00 4.632347167067074167e+00 4.435086866345416823e+00 4.245015777195082052e+00 4.062245025688914879e+00 3.886281686736281493e+00 3.717309602647844713e+00 3.555120789890375832e+00 3.399739616738339798e+00 3.251072222859097138e+00 3.108735955100150328e+00 2.972642640273182035e+00 2.842993641482327583e+00 2.719441694444890700e+00 2.601845770799904312e+00 2.490284473563419976e+00 2.384333928924653456e+00 2.284124975831036686e+00 2.189552576243580795e+00 2.100281214848109812e+00 2.016461668738478430e+00 1.938146306045718248e+00 1.864755534969486650e+00 1.796425833869663702e+00 1.733159404201911613e+00 1.674956092641266547e+00 1.621607229886912194e+00 1.571779449642529691e+00 1.500018187162954764e+00 1.453046544196956447e+00 1.444785479519250515e+00 1.416155280076092371e+00 1.390625904279363390e+00 1.369930384045325855e+00 1.354001098185830809e+00 1.343016229508287029e+00 1.336834850028179034e+00 1.336259572184950173e+00 1.340945503752677403e+00 1.351419117173779938e+00 1.368163421665602453e+00 1.391410246137136930e+00 1.421933561510091426e+00 1.460669120508462093e+00 1.508224600520624570e+00 1.565892477369967839e+00 1.635147591196706163e+00 1.718368379605195173e+00 1.817269023011958140e+00 1.935658263753825548e+00 2.077633644055965068e+00 2.251023030321619434e+00 2.457537763664296993e+00 2.713074748001853553e+00 3.029889893977077975e+00 3.427450528235209681e+00 3.933273614109256133e+00 4.583994717898553617e+00 5.429707541834494222e+00 6.534084445951870990e+00 7.971085854037474050e+00 9.806543801330469989e+00
3.573566847548559622e+01 3.486179710876176330e+01 3.400237391120936081e+01 3.315779287423813315e+01 3.232719184332461992e+01 3.151074611274575688e+01 3.070869266584971413e+01 2.992072997248945754e+01 2.914664871840925287e+01 2.838605614723771353e+01 2.763945038565536194e+01 2.690618054428504280e+01 2.618652299704911002e+01 2.547994874872109250e+01 2.478644447491755898e+01 2.410635071682025909e+01 2.343903177765159640e+01 2.278450693064619870e+01 2.214251200341346149e+01 2.151321171649348685e+01 2.089607225053135053e+01 2.029126743002003153e+01 1.969858661079090112e+01 1.911802818197109133e+01 1.854905522504718363e+01 1.799205756624170505e+01 1.744680408563431584e+01 1.691277215221114005e+01 1.639001594619261581e+01 1.587878467849380648e+01 1.537835665808976415e+01 1.488930549282705407e+01 1.441097066834046103e+01 1.394316034692960571e+01 1.348625681054916825e+01 1.303996328591803255e+01 1.260369198883314290e+01 1.217786621959719895e+01 1.176229368154562138e+01 1.135670077298125413e+01 1.096101533414134366e+01 1.057514075235028628e+01 1.019895310093105145e+01 9.832523025997186750e+00 9.475506377532028068e+00 9.128058919438785779e+00 8.789629515689235006e+00 8.460417745757231600e+00 8.140242649542106079e+00 7.829178452339357719e+00 7.527188505984517164e+00 7.233422626807451294e+00 6.948452126028092479e+00 6.671966156703956763e+00 6.404142202982876952e+00 6.144244574452395469e+00 5.892730919790844624e+00 5.649507098891348278e+00 5.413999254956969764e+00 5.186414593266652773e+00 4.966581956114257679e+00 4.754496750123760052e+00 4.549730288826969726e+00 4.352434011346240084e+00 4.162445797640890177e+00 3.979969127745230928e+00 3.804142663514453737e+00 3.635306022089301869e+00 3.473344138061729147e+00 3.318050683247564248e+00 3.169534089170167324e+00 3.027512954507849408e+00 2.891549673931437248e+00 2.762020212120053220e+00 2.638792252518096237e+00 2.521320143206506881e+00 2.409672455955402803e+00 2.304021266973399484e+00 2.203745078014418546e+00 2.109323228665660466e+00 2.020057540491926318e+00 1.936236296018156722e+00 1.857566430971513416e+00 1.784144058501391239e+00 1.715790771137193360e+00 1.652196383744708452e+00 1.593624368347767994e+00 1.539803073870005257e+00 1.490643836231420050e+00 1.439552439234426107e+00 1.376255970734996392e+00 1.335691853950815577e+00 1.331259379510463248e+00 1.304510561977301197e+00 1.282482110458282865e+00 1.265002901768241816e+00 1.252147641168244174e+00 1.244117286110346665e+00 1.240869588503923371e+00 1.243149865667314558e+00 1.250521492394141010e+00 1.263644386103790485e+00 1.282780411054451619e+00 1.308513155617785362e+00 1.341594802239565176e+00 1.382536353027186138e+00 1.432432349443091280e+00 1.492510545397696120e+00 1.564355816687690304e+00 1.649763765774203694e+00 1.751377510487017730e+00 1.872431493339465902e+00 2.017584257449778207e+00 2.194516824630576846e+00 2.405082315887030475e+00 2.665193402464038908e+00 2.987697763314134392e+00 3.392565170706396405e+00 3.907258171142768965e+00 4.569368836172138515e+00 5.429859677365289627e+00 6.553101152058404821e+00 8.012461575066620156e+00 9.871931270834387817e+00
3.506903020302528518e+01 3.419696751899670062e+01 3.333965948265785784e+01 3.249750092952892544e+01 3.166924822103629467e+01 3.085595886311104508e+01 3.005671727785034264e+01 2.927188573608096078e+01 2.850156267948331745e+01 2.774452749074515268e+01 2.700152687245155292e+01 2.627279086032041633e+01 2.555703794132713114e+01 2.485504059162055768e+01 2.416620242238350968e+01 2.349084768090083841e+01 2.282855121771706308e+01 2.217897593416950741e+01 2.154230619471506714e+01 2.091837629328768955e+01 2.030688429069048695e+01 1.970782494217154834e+01 1.912124907155797615e+01 1.854693255364233551e+01 1.798425412976145665e+01 1.743362404035890734e+01 1.689458178910947339e+01 1.636716366665687161e+01 1.585150411725359021e+01 1.534700462503120200e+01 1.485363289570840095e+01 1.437139725137078727e+01 1.390030890846076872e+01 1.343999677735294718e+01 1.299033023906336304e+01 1.255145157060980665e+01 1.212278077572844737e+01 1.170465305080317009e+01 1.129670695636701971e+01 1.089873181908647126e+01 1.051078400921022826e+01 1.013273334679720605e+01 9.764491796312757543e+00 9.406195107826963664e+00 9.056738444638433805e+00 8.717239304282420775e+00 8.386572057195628815e+00 8.065394119440238541e+00 7.753450968637432439e+00 7.450114488120362921e+00 7.155778805353385508e+00 6.870297728544361604e+00 6.593052344328730996e+00 6.324771427563091741e+00 6.064612137994707552e+00 5.812552061984110452e+00 5.569070737052339126e+00 5.333250746082573990e+00 5.105528549178983688e+00 4.885354350678050572e+00 4.673223989055220073e+00 4.468429026706766116e+00 4.271228855032216387e+00 4.081281075488140786e+00 3.898395847087432475e+00 3.722711959222546607e+00 3.554130198839311472e+00 3.392392680951905604e+00 3.237179498057884963e+00 3.088781137570184576e+00 2.946748639323859553e+00 2.811159546276087440e+00 2.681819188406031618e+00 2.558441959113200159e+00 2.441208969446639898e+00 2.329887525901885859e+00 2.224147458690728385e+00 2.124174563486724843e+00 2.029525408570564959e+00 1.940561400944840198e+00 1.856737438868083512e+00 1.778015340558025681e+00 1.704407896722914817e+00 1.636094444036273465e+00 1.572206642088458395e+00 1.513352195427397628e+00 1.459184042517269742e+00 1.409426013700387781e+00 1.364512206557733087e+00 1.311829222979876697e+00 1.256924268308257098e+00 1.227195943354697505e+00 1.220242204903743133e+00 1.197008920532494081e+00 1.178041973942944853e+00 1.163680175973125230e+00 1.153932998934503740e+00 1.148735521766874879e+00 1.148403838544842515e+00 1.153045669760244252e+00 1.162998824521133123e+00 1.178544182887064640e+00 1.200174810420273630e+00 1.228267997765786212e+00 1.263449334134270075e+00 1.306698625849966877e+00 1.358793576458161567e+00 1.421088194159614293e+00 1.495303494336486239e+00 1.583033101222663941e+00 1.687193602353231903e+00 1.811190392948569539e+00 1.959247640168093607e+00 2.139662259242525177e+00 2.354135448463956504e+00 2.619114426819968422e+00 2.947371338221116410e+00 3.359587746508130301e+00 3.883518968591814780e+00 4.557612157317736390e+00 5.433350650622415401e+00 6.575951560947091323e+00 8.058342012831086976e+00 9.942879059612764081e+00
3.442009151861288530e+01 3.354976342601801775e+01 3.269514160355707588e+01 3.185491770327804062e+01 3.102936227861110652e+01 3.021879202943758003e+01 2.942284102290258119e+01 2.864095711504863573e+01 2.787349409004621492e+01 2.712035211648218080e+01 2.638080168315084606e+01 2.565578754649833115e+01 2.494443275575751784e+01 2.424642343424031665e+01 2.356215362370841504e+01 2.289127596571007928e+01 2.223377671936180988e+01 2.158944963090367963e+01 2.095791040189395460e+01 2.033946178228206492e+01 1.973341567898611970e+01 1.914005221229152554e+01 1.855916748942554406e+01 1.799034319876174948e+01 1.743410048751317021e+01 1.688960302512623102e+01 1.635692878541179596e+01 1.583617782290593823e+01 1.532676960966174917e+01 1.482910278486709821e+01 1.434249177896215244e+01 1.386759501693505214e+01 1.340319947190038441e+01 1.295003603993899510e+01 1.250758553212096835e+01 1.207590946537652243e+01 1.165445781711510520e+01 1.124383500139594005e+01 1.084333440857764330e+01 1.045286820618168733e+01 1.007261375995631703e+01 9.702391121871078994e+00 9.341584932445613276e+00 8.990995743299833975e+00 8.649516532435120197e+00 8.317868794202665228e+00 7.994991816786811256e+00 7.681648968525656151e+00 7.377154550864295501e+00 7.081909533830687664e+00 6.795264142238044869e+00 6.517491702962930233e+00 6.247979063251452025e+00 5.987338484770299729e+00 5.734957796614937209e+00 5.490613169855452114e+00 5.254415712533155869e+00 5.026491657102427624e+00 4.806145075880463580e+00 4.593676898004261488e+00 4.388648923528037926e+00 4.191289737956283012e+00 4.001282097472702581e+00 3.818415137200115161e+00 3.642896425106101344e+00 3.474176702295395103e+00 3.312385472260459540e+00 3.157370159454575553e+00 3.008958768997604949e+00 2.867094445810791647e+00 2.731678439604967590e+00 2.602385908162407890e+00 2.479187491785828090e+00 2.361835163449488295e+00 2.250649583730346404e+00 2.145131292650803712e+00 2.045248902570173666e+00 1.950833825768039098e+00 1.861840735439312944e+00 1.778079599401738431e+00 1.699466070651001193e+00 1.625830981548948007e+00 1.557211428357507810e+00 1.493338560243340218e+00 1.434143521936914745e+00 1.379613066755114303e+00 1.329716988097484620e+00 1.284329869798195300e+00 1.243167377098508553e+00 1.188532183119206387e+00 1.142148706756285215e+00 1.122963439407931308e+00 1.113293956525007733e+00 1.093322912222616239e+00 1.077548653909521370e+00 1.066113304113092131e+00 1.059155900361885561e+00 1.056709389642440655e+00 1.058961185726303711e+00 1.066164405943126336e+00 1.078371678812772849e+00 1.096370783785605152e+00 1.120052247309211157e+00 1.150419938940128173e+00 1.187677219152893926e+00 1.232971258736137443e+00 1.287353084566189576e+00 1.351728894442871809e+00 1.427910119921227405e+00 1.518130707135589841e+00 1.624884217500133232e+00 1.751487447131738762e+00 1.902302860762072889e+00 2.086469164589799252e+00 2.304961424113372015e+00 2.574854775006119034e+00 2.909145380956912330e+00 3.328667098525883716e+00 3.862316428180079253e+00 4.548798739555792281e+00 5.440685210400153515e+00 6.603372998726230847e+00 8.109769033557579831e+00 1.001949188867289386e+01
3.378931182715226811e+01 3.292058069757069205e+01 3.206824728833781535e+01 3.123035517787542403e+01 3.040737152829100509e+01 2.959887147050538303e+01 2.880543545078986156e+01 2.802672208991418046e+01 2.726263268777810822e+01 2.651252753654577177e+01 2.577691545732451317e+01 2.505565965493610037e+01 2.434800804358329174e+01 2.365456368052508651e+01 2.297444480657411248e+01 2.230801634968956293e+01 2.165515877117748644e+01 2.101551027849250985e+01 2.038908268616752650e+01 1.977556490269416400e+01 1.917514601013364839e+01 1.858716261188735430e+01 1.801200049703805917e+01 1.744897183420896880e+01 1.689853485085676255e+01 1.636015331393044647e+01 1.583383580991792883e+01 1.531915287724246966e+01 1.481633375663847829e+01 1.432508799842597824e+01 1.384553483185491096e+01 1.337707147694073839e+01 1.291956302676318202e+01 1.247324708637342994e+01 1.203796677966604278e+01 1.161331407840091501e+01 1.119943838890544718e+01 1.079575955694844680e+01 1.040257943810617469e+01 1.001968300838809256e+01 9.646865417544992383e+00 9.283979625994343010e+00 8.930847939206342900e+00 8.587638394907703088e+00 8.253845030658235160e+00 7.929603332727664267e+00 7.614521293187037188e+00 7.308882317301512721e+00 7.012094478347108861e+00 6.724323455390035065e+00 6.445162690929196359e+00 6.175050316652597182e+00 5.913588802931157851e+00 5.660359733114040282e+00 5.415289786040111686e+00 5.178512391938971504e+00 4.949738389771085600e+00 4.729172716768448304e+00 4.516165850628118150e+00 4.310823033961597162e+00 4.113280179627221145e+00 3.922949668363728826e+00 3.740169662950643126e+00 3.564394054556963010e+00 3.395639101416447758e+00 3.233757429638295378e+00 3.078824749127229143e+00 2.930570842219870631e+00 2.788545476924697564e+00 2.653211792828646942e+00 2.524069140064966188e+00 2.401039664209481117e+00 2.283843231396476270e+00 2.172827742908534088e+00 2.067225345415202309e+00 1.967416945962940922e+00 1.873106633880650129e+00 1.784155983710622451e+00 1.700509310320830192e+00 1.621675815366174778e+00 1.548249827641789977e+00 1.479366827559025488e+00 1.415490446598344221e+00 1.356306662595052615e+00 1.301608903569617670e+00 1.251306707343757818e+00 1.205518367461277940e+00 1.163973840060117393e+00 1.127267380293628385e+00 1.069838199359485209e+00 1.032025476254394558e+00 1.023276509657544686e+00 1.010650601507867563e+00 9.936967362874971066e-01 9.809495853923766440e-01 9.723361775965666531e-01 9.679852485702356013e-01 9.681462056111866943e-01 9.727340909813309011e-01 9.821775764994322699e-01 9.967267188422113122e-01 1.016783830074818873e+00 1.042639557195590427e+00 1.074930843637333933e+00 1.114425518521999781e+00 1.161694133815172059e+00 1.217953704876473253e+00 1.284341536622679580e+00 1.362796126910670313e+00 1.455013366094815019e+00 1.564232995313319385e+00 1.693514444431054589e+00 1.847610618697415052e+00 2.035040169890522943e+00 2.257487297017712891e+00 2.532209495387427456e+00 2.872790597551611036e+00 3.300195355396406960e+00 3.843549457833062011e+00 4.543167214456667047e+00 5.451667329659648509e+00 6.635144923552727114e+00 8.166189254309220047e+00 1.010152995445990953e+01
3.317617702025022197e+01 3.230955453059980442e+01 3.145832279250716468e+01 3.062280800914246726e+01 2.980205827252348882e+01 2.899610353165338239e+01 2.820578259856653247e+01 2.742962322677568920e+01 2.666846708628678542e+01 2.592198102754035460e+01 2.518966795419503768e+01 2.447190934448730815e+01 2.376808886953833877e+01 2.307869102997487332e+01 2.240285938601509486e+01 2.174089799887771690e+01 2.109239110070649659e+01 2.045747206886735370e+01 1.983568639533812572e+01 1.922740532962938786e+01 1.863182798615344993e+01 1.804939527604027916e+01 1.747969225789335468e+01 1.692251053144729767e+01 1.637771438094217658e+01 1.584509924366279776e+01 1.532481424194298469e+01 1.481632352283773812e+01 1.431995868148644391e+01 1.383507471771950925e+01 1.336161126626063123e+01 1.289975809608826474e+01 1.244938945568176969e+01 1.200983990088382214e+01 1.158146027684244750e+01 1.116366901275645063e+01 1.075675103281693623e+01 1.036023628754821857e+01 9.974346360466402217e+00 9.598721949910093088e+00 9.232971021131641365e+00 8.877571735017486532e+00 8.531892892007086004e+00 8.195840097462703255e+00 7.869587300341052583e+00 7.552772469188228754e+00 7.245331926486986873e+00 6.947090467504180467e+00 6.657637425567441980e+00 6.377451193519123152e+00 6.105846483395027668e+00 5.843048417376239811e+00 5.589028189919654110e+00 5.343137549751475035e+00 5.105494979011093726e+00 4.876193959032582015e+00 4.654767523143288344e+00 4.441316405019668068e+00 4.235564593219143248e+00 4.037362760890195190e+00 3.846951091973926928e+00 3.663790998698523982e+00 3.487779287238246262e+00 3.318975957039549396e+00 3.157105308261387577e+00 3.001790594505848730e+00 2.853442892323598823e+00 2.711435201699152753e+00 2.576074779444481599e+00 2.447050974760589526e+00 2.323966899504548156e+00 2.207038530743077320e+00 2.095790029430077972e+00 1.990528186042828107e+00 1.890885935914476956e+00 1.796524011927547182e+00 1.707773824059233281e+00 1.624011885607745675e+00 1.545557443597045388e+00 1.472001848333870377e+00 1.403118587595209021e+00 1.339218592311752776e+00 1.279738784345763047e+00 1.224937024271266495e+00 1.174458820498192058e+00 1.128362487715750540e+00 1.086494537436666352e+00 1.048912054931183668e+00 1.011355080376308280e+00 9.589634614566411308e-01 9.262057568616310910e-01 9.292352257391556236e-01 9.123591317782397958e-01 8.983035838581621135e-01 8.882023803581051702e-01 8.822303390940033907e-01 8.805003725806725967e-01 8.829259621332741226e-01 8.897538307360619569e-01 9.013534315192250901e-01 9.180970764023577146e-01 9.401457741383012490e-01 9.679660749047913626e-01 1.002043769786975513e+00 1.043375601766394212e+00 1.092521711235816539e+00 1.150522506657614130e+00 1.219067170514331888e+00 1.299446567165563060e+00 1.393964239820366657e+00 1.505372517446357250e+00 1.637260297703813094e+00 1.794293763840182354e+00 1.985210463296105399e+00 2.211862823380261744e+00 2.491501775177840106e+00 2.838348291932035750e+00 3.273731664776824424e+00 3.827879919932375419e+00 4.540678219170091623e+00 5.466388085137474206e+00 6.671668788953821760e+00 8.228202709921861313e+00 1.018941162926098087e+01
3.258106179361214316e+01 3.171597669670537201e+01 3.086662250537819574e+01 3.003332536878441417e+01 2.921433312311585340e+01 2.841100655803864328e+01 2.762270405408862217e+01 2.684958506187891203e+01 2.609150321774684755e+01 2.534824544981707461e+01 2.461912685802845147e+01 2.390449800006976133e+01 2.320479688033599786e+01 2.251885160526333607e+01 2.184714498397537596e+01 2.118931755078026313e+01 2.054547245381125364e+01 1.991489287952274978e+01 1.929784135949733681e+01 1.869445696280813607e+01 1.810385849516427115e+01 1.752655503262887748e+01 1.696224808431204778e+01 1.641033903750743761e+01 1.587124354808896420e+01 1.534442685508611248e+01 1.482997190536858767e+01 1.432753527865781074e+01 1.383710680625306289e+01 1.335851001540826388e+01 1.289158478549882147e+01 1.243623318682041123e+01 1.199216236954673320e+01 1.155939035774267154e+01 1.113758102338445788e+01 1.072657990808624184e+01 1.032672948158707094e+01 9.937418987945957127e+00 9.558220700278930337e+00 9.189723736413091260e+00 8.831161497592232124e+00 8.483046985931185446e+00 8.144272275811669459e+00 7.815694702581477138e+00 7.496632082798882379e+00 7.187065039005857692e+00 6.886946323028054096e+00 6.596039222426586690e+00 6.314141076760238391e+00 6.041064671629969851e+00 5.776828006175449559e+00 5.521645179717681984e+00 5.274602843584375478e+00 5.036146824888875884e+00 4.806004674068676152e+00 4.583553561194375625e+00 4.369265854975723506e+00 4.162981642672947125e+00 3.964270961742455412e+00 3.773240149399748056e+00 3.589621748153759562e+00 3.413259712041305516e+00 3.244147499904104226e+00 3.081769358357167032e+00 2.926535203235958171e+00 2.778066976942228372e+00 2.636115222859658491e+00 2.500650718940444772e+00 2.371497252912369014e+00 2.248572031210160915e+00 2.131498918890351035e+00 2.020497864800130383e+00 1.915314777672405544e+00 1.815568742211226549e+00 1.721452199409856387e+00 1.632692094318011211e+00 1.548954632249033292e+00 1.470646256340668590e+00 1.397037857462590793e+00 1.328342636951784783e+00 1.264350146649761975e+00 1.204901513020739667e+00 1.149985584029855623e+00 1.099427304785227655e+00 1.053144701627628521e+00 1.010848030693745070e+00 9.729455698366362704e-01 9.389043296747057177e-01 8.990916347527022623e-01 8.547546903093228288e-01 8.311201890839003958e-01 8.333974143937883383e-01 8.182526382118471275e-01 8.070104198924177297e-01 7.994710907753388440e-01 7.959750304753598904e-01 7.965038307163552211e-01 8.010799637943932794e-01 8.101542091302205151e-01 8.237952926582803315e-01 8.422968695811494655e-01 8.662745004476279931e-01 8.958048761534276316e-01 9.315672097979899036e-01 9.746872067892708991e-01 1.025617027366476641e+00 1.085358274411907242e+00 1.155703387145723404e+00 1.237954038510036270e+00 1.334587848734081206e+00 1.448170513985092001e+00 1.582694708461818145e+00 1.742579361714657882e+00 1.937066674065213157e+00 2.167784358751956297e+00 2.452821569510776900e+00 2.805991807003049843e+00 3.249933554438200201e+00 3.814573107281438169e+00 4.541625079566280476e+00 5.485315624998021278e+00 6.713034468377044206e+00 8.295771537993456235e+00 1.028324207705740889e+01
3.200313795128851524e+01 3.113962371639998850e+01 3.029219012020561053e+01 2.945981711322853869e+01 2.864356840722558317e+01 2.784241395752672332e+01 2.705672750846647290e+01 2.628622027084312052e+01 2.553106432570615425e+01 2.479030951400684657e+01 2.406471779290746582e+01 2.335398817456120213e+01 2.265716712595566662e+01 2.197549730764433207e+01 2.130739366134328705e+01 2.065349584668149063e+01 2.001364520820328963e+01 1.938788226422265382e+01 1.877561389583619444e+01 1.817661217772763393e+01 1.759120027574513401e+01 1.701871917066470985e+01 1.645946901070929158e+01 1.591292070370785616e+01 1.537923567637807842e+01 1.485807807774177647e+01 1.434942927883816566e+01 1.385279201664371129e+01 1.336832338207293347e+01 1.289577649939820425e+01 1.243509793461956647e+01 1.198590179925870203e+01 1.154842204289194818e+01 1.112196632472029023e+01 1.070672132782794961e+01 1.030254337436893408e+01 9.909290307538753950e+00 9.526457289166378573e+00 9.154357835525072318e+00 8.792727638170550364e+00 8.441237272058465635e+00 8.100038544576005251e+00 7.768658884680734289e+00 7.447004825575708864e+00 7.135163234716113578e+00 6.832753532124701934e+00 6.539677791922304806e+00 6.255839614247760139e+00 5.981197757489697509e+00 5.715408529271403637e+00 5.458472315539964370e+00 5.210201651591028771e+00 4.970231862957053437e+00 4.738999015643241108e+00 4.515842562626715129e+00 4.300488093621201990e+00 4.093331243695674360e+00 3.894102084235706585e+00 3.702303186878619368e+00 3.518205970115029224e+00 3.341287541732340660e+00 3.171653281564745797e+00 3.009074007066170342e+00 2.853642812153700525e+00 2.704727786900651409e+00 2.562809939559873573e+00 2.427079259403908118e+00 2.297896943860666674e+00 2.174878054234696823e+00 2.057812562319882854e+00 1.946807413964724010e+00 1.841564948944895974e+00 1.741937587252451181e+00 1.647912150189179137e+00 1.559125513274861596e+00 1.475571444757695083e+00 1.397343602388367856e+00 1.323776134293674911e+00 1.255210585939292578e+00 1.191076921172429248e+00 1.131704190311921820e+00 1.076772705168538291e+00 1.026071551328866516e+00 9.796382770616229863e-01 9.372796202779420938e-01 8.989732184162768647e-01 8.644488120905013950e-01 8.339702067710841327e-01 7.919147243676039061e-01 7.555892165164168617e-01 7.421238224703086139e-01 7.410183483776089375e-01 7.285083396447844528e-01 7.198289083224174156e-01 7.148428089189917678e-01 7.134123052809693277e-01 7.161667798898596615e-01 7.228885118400474319e-01 7.338693109084082344e-01 7.492678669693941806e-01 7.696264407897168702e-01 7.951036646949960485e-01 8.263710488311648561e-01 8.638478080652101099e-01 9.083576186912911687e-01 9.608554998085105936e-01 1.022325074276031476e+00 1.094200265888867207e+00 1.178397099887662502e+00 1.277017243206823860e+00 1.392906987964903642e+00 1.529698493597286824e+00 1.692603406285297929e+00 1.890607889574558165e+00 2.125679435679972418e+00 2.415747851832128479e+00 2.775886336154465006e+00 3.228275598400587310e+00 3.804218320208818671e+00 4.545662563413976898e+00 5.508380717926886661e+00 6.759251952874867797e+00 8.368800497759288248e+00 1.038308247461561251e+01
3.144276881915464372e+01 3.058079832628157746e+01 2.973473785706919159e+01 2.890418827580338856e+01 2.809007868636746963e+01 2.729091793934849264e+01 2.650778022552282565e+01 2.573981194170331577e+01 2.498705818741930784e+01 2.424933861850535521e+01 2.352632005203932763e+01 2.281914704565085472e+01 2.212605447586171081e+01 2.144753477236836048e+01 2.078324368294156699e+01 2.013349241589734717e+01 1.949769038336209803e+01 1.887595930540759781e+01 1.826800841910128881e+01 1.767379178299910336e+01 1.709310099762256741e+01 1.652551319581478850e+01 1.597136193743320476e+01 1.543010037894881847e+01 1.490149393211405204e+01 1.438582078994400426e+01 1.388251337109216443e+01 1.339182404097299894e+01 1.291316585039569098e+01 1.244655632947631041e+01 1.199188730076880027e+01 1.154890800746881752e+01 1.111742241915137974e+01 1.069742950829148853e+01 1.028859607002647891e+01 9.890953727445550570e+00 9.504219844375839443e+00 9.128403201692380620e+00 8.762722567821334962e+00 8.407806199502109834e+00 8.063396176897342116e+00 7.728881639656782099e+00 7.404356696720604702e+00 7.089555404289948903e+00 6.784636093481344332e+00 6.489245084313910894e+00 6.203384901292796627e+00 5.926633387153268373e+00 5.658932682403139403e+00 5.400165587849792281e+00 5.150221911467722791e+00 4.909111346823924471e+00 4.676181900887421250e+00 4.451801405168220427e+00 4.235615122798364496e+00 4.027311348002338143e+00 3.826876319822281047e+00 3.634582603177216598e+00 3.449527781101235924e+00 3.272182776695375939e+00 3.101980835251316737e+00 2.938960784662536518e+00 2.782979874724078595e+00 2.633847686275603284e+00 2.491516768340928945e+00 2.355574828790274466e+00 2.226258266327252322e+00 2.102989449852799009e+00 1.986102903826858501e+00 1.874966573527558911e+00 1.769726952339634174e+00 1.670210306752162310e+00 1.576165141288821125e+00 1.487465718175884355e+00 1.404111120374684774e+00 1.325635601576535816e+00 1.252262410062654485e+00 1.183627911102314023e+00 1.119851663259252561e+00 1.060433843655084196e+00 1.005443211998002795e+00 9.548067508488022881e-01 9.082273577619259797e-01 8.657687293487703606e-01 8.271630226766357730e-01 7.924908425982368776e-01 7.616277201971000110e-01 7.346260950554794888e-01 6.895941625306822864e-01 6.614835827491560849e-01 6.578498406445976165e-01 6.532008385733978351e-01 6.432863451727444115e-01 6.368999380650497422e-01 6.339806454642715750e-01 6.349109015463927363e-01 6.395330069494109537e-01 6.480703022183176287e-01 6.608318352436803877e-01 6.779510166896374201e-01 6.998115782079206149e-01 7.269029326634091071e-01 7.594917544096801976e-01 7.985428856947862641e-01 8.444242627673848034e-01 8.984411925637925123e-01 9.612497241018980176e-01 1.034916094686688659e+00 1.120855703587697594e+00 1.221200554489121348e+00 1.339241959676606974e+00 1.478623616474317171e+00 1.646295639700490199e+00 1.845643264835217234e+00 2.085385618965984733e+00 2.380911576841682198e+00 2.747984349323329134e+00 3.209343325353830600e+00 3.796814833680717260e+00 4.553602439564907733e+00 5.535714438280603389e+00 6.810964692929266207e+00 8.448190559097067620e+00 1.048914478528630845e+01
3.089969002618448002e+01 3.003901736375685871e+01 2.919452165169183999e+01 2.836601275748524742e+01 2.755343736600097770e+01 2.675646552256441169e+01 2.597498452264010993e+01 2.520955382117138299e+01 2.445955248205340382e+01 2.372482689300329284e+01 2.300516789387724259e+01 2.230004563407096541e+01 2.161049837617283842e+01 2.093530468349141671e+01 2.027481340791945641e+01 1.962889078967587864e+01 1.899689674553783902e+01 1.837966183298073020e+01 1.777577322406236249e+01 1.718589294994138328e+01 1.660967677236263640e+01 1.604694842366565410e+01 1.549762230979243682e+01 1.496111442907242051e+01 1.443803342503016118e+01 1.392757940103656011e+01 1.342972791844625391e+01 1.294446585305972874e+01 1.247148651252860674e+01 1.201059058169217053e+01 1.156184417505485840e+01 1.112483705940321421e+01 1.069954813511778724e+01 1.028571029000035963e+01 9.883138245328259686e+00 9.491793100200219158e+00 9.111310337023169836e+00 8.742014458265712662e+00 8.383227157797268347e+00 8.034812840329630390e+00 7.696912356177820769e+00 7.369115992068797638e+00 7.051532141768957374e+00 6.743681216262786826e+00 6.445551405013805635e+00 6.157036362526979723e+00 5.877852127052085152e+00 5.608045042242915557e+00 5.347375388713437872e+00 5.095395816791570276e+00 4.852482928973889109e+00 4.618076773601675455e+00 4.392039571827011102e+00 4.174388516189130982e+00 3.965130907132941029e+00 3.763584322166491081e+00 3.570041865874162834e+00 3.384367394407661322e+00 3.206155743473604325e+00 3.035113072582384941e+00 2.871450432907363126e+00 2.714994651843660733e+00 2.565520880751981370e+00 2.422649863960624206e+00 2.286461486109103713e+00 2.156788011816479500e+00 2.033482264985031485e+00 1.916379261946543622e+00 1.805188646750144343e+00 1.699968170196552997e+00 1.600303151072623997e+00 1.506267357014956509e+00 1.417689305209612893e+00 1.334269582931402187e+00 1.256003602749256043e+00 1.182765057374624007e+00 1.114288251945860786e+00 1.050324412030723131e+00 9.910983512083415548e-01 9.362222808120823636e-01 8.855438075657917629e-01 8.389173231821200893e-01 7.963903593326104868e-01 7.577108629383322302e-01 7.228709916310860351e-01 6.917085545616652453e-01 6.639587490773091183e-01 6.350165730363843686e-01 5.953599434943668278e-01 5.719836431550495703e-01 5.789906282415158145e-01 5.699669074037072569e-01 5.623896261986560674e-01 5.581894882473958930e-01 5.575613259004352784e-01 5.601949563869723647e-01 5.666621131537707967e-01 5.769321155352225006e-01 5.912323401327967964e-01 6.098086986198070214e-01 6.330047354584533714e-01 6.614474316992025038e-01 6.954841213889673135e-01 7.356508714705722873e-01 7.828519639649589301e-01 8.381256686302074321e-01 9.025869020332977222e-01 9.774483028352376479e-01 1.064948345416327768e+00 1.167223824134444587e+00 1.287345244136195443e+00 1.429095333835472825e+00 1.599885894182506707e+00 1.800992571087633998e+00 2.046793268330449056e+00 2.348056078952087677e+00 2.722270379759317294e+00 3.192876214676909630e+00 3.792716222576264506e+00 4.565279135672084543e+00 5.567578614826961925e+00 6.867898742843447479e+00 8.536177474781824870e+00 1.060105363952701296e+01
3.037362178579965288e+01 2.951435305995990888e+01 2.867134910985684826e+01 2.784393644163839454e+01 2.703331070696879479e+01 2.623855259367899961e+01 2.545964316564769447e+01 2.469595469507159891e+01 2.394827927668618983e+01 2.321578400300748868e+01 2.249873788386573636e+01 2.179720976493689832e+01 2.111048258901061558e+01 2.043894175921672129e+01 1.978182840249037611e+01 1.913948945831084458e+01 1.851143020558404473e+01 1.789768519763653742e+01 1.729826442525381935e+01 1.671277786330256276e+01 1.614095500528133087e+01 1.558280805736308494e+01 1.503830004509326734e+01 1.450664793555423948e+01 1.398840725573395893e+01 1.348305455995382118e+01 1.299064493234459761e+01 1.251071295323312782e+01 1.204320366622421190e+01 1.158808761786288599e+01 1.114497616455315487e+01 1.071382309328763327e+01 1.029451789487101365e+01 9.886548220786172791e+00 9.490087682954451154e+00 9.105114479615927792e+00 8.731029275458935146e+00 8.367844385233002669e+00 8.015387353683633975e+00 7.673675590983286554e+00 7.342101974539316345e+00 7.021187633038861620e+00 6.710012709654600727e+00 6.408866179640215321e+00 6.117295915649934024e+00 5.835611184392219819e+00 5.563203390118587777e+00 5.300185580705319310e+00 5.046083977395143805e+00 4.801035213971138305e+00 4.564757942891861653e+00 4.337158719416212449e+00 4.117789495935286759e+00 3.907062966056917830e+00 3.704328756841812620e+00 3.509536856335071509e+00 3.322678726560801543e+00 3.143366338828490480e+00 2.971572297768698689e+00 2.807343188764743758e+00 2.650034600147699315e+00 2.499965019584993176e+00 2.356620378171203622e+00 2.220046668618924635e+00 2.090021875571945742e+00 1.966479585857905388e+00 1.849004663062714382e+00 1.737649654318396131e+00 1.632385074757858323e+00 1.532698584302505385e+00 1.438588424049203063e+00 1.350080517438900785e+00 1.266765396488578332e+00 1.188656016572142704e+00 1.115322405238750036e+00 1.046961566716664294e+00 9.831329188552118126e-01 9.240231041069524309e-01 8.691447663488283126e-01 8.183924951773779988e-01 7.719809610675643086e-01 7.295194250455883100e-01 6.907475230846893410e-01 6.557487612466439408e-01 6.244113209386226160e-01 5.965620693254347628e-01 5.721086005110342931e-01 5.406752654378399470e-01 5.086370773735304773e-01 4.942103295521027562e-01 5.000372319937107513e-01 4.914693694687000125e-01 4.861073001351190470e-01 4.839086707571826906e-01 4.849363144736940079e-01 4.894401778741674924e-01 4.974749836316627594e-01 5.092198849780182890e-01 5.249419044319303396e-01 5.447327167234172762e-01 5.693022055382468416e-01 5.988625159907057238e-01 6.339776203008073985e-01 6.753632692536148951e-01 7.236308281093228878e-01 7.800932951037897745e-01 8.457628259358695999e-01 9.219467361840205655e-01 1.011070793930657352e+00 1.115039319532906692e+00 1.237238412848051805e+00 1.381375986388433397e+00 1.555093602604540326e+00 1.759829145086844182e+00 2.010090674644426922e+00 2.317174614551020806e+00 2.698823263155192276e+00 3.179292746195527819e+00 3.791720996258551857e+00 4.580788203527996316e+00 5.604562945641744065e+00 6.930607980583125993e+00 8.625275030516089458e+00 1.071999551784964488e+01
2.986459375580586695e+01 2.900617013470125727e+01 2.816422852112399156e+01 2.733914260690939457e+01 2.652976666804494243e+01 2.573645275454420300e+01 2.495938262130502494e+01 2.419832503651909761e+01 2.345286303154734497e+01 2.272316938213974069e+01 2.200884612780963323e+01 2.131013115533614410e+01 2.062636481078338235e+01 1.995756686527572299e+01 1.930412776370575756e+01 1.866498624424265529e+01 1.804081758599506102e+01 1.743117234514451752e+01 1.683526534620567361e+01 1.625413338934776775e+01 1.568659546978423691e+01 1.513275139085901166e+01 1.459271298065525357e+01 1.406621606433670024e+01 1.355283197274534857e+01 1.305237845958068199e+01 1.256484234783565768e+01 1.209032258989370945e+01 1.162822542447546859e+01 1.117854407426309749e+01 1.074093836487133302e+01 1.031562291784022811e+01 9.901927810401979002e+00 9.499995662273708064e+00 9.109678592926250928e+00 8.730489199748703300e+00 8.362501607785565838e+00 8.005428981332240568e+00 7.659564366431914628e+00 7.324056324848793764e+00 6.998917422837980240e+00 6.684229006688447328e+00 6.379574894606721003e+00 6.084949617150625656e+00 5.800287950138072190e+00 5.524999078943404029e+00 5.259097006644197769e+00 5.002861549076231817e+00 4.755263659168418755e+00 4.516955103407926941e+00 4.287148876075375092e+00 4.066438546280770616e+00 3.853613000270161848e+00 3.649305364421584486e+00 3.453104882348845273e+00 3.264964047130414215e+00 3.084519243158245771e+00 2.911859013001749652e+00 2.746493053250831373e+00 2.588410133163654425e+00 2.437469426173988207e+00 2.293594848798485852e+00 2.156413707126636492e+00 2.025956607135781518e+00 1.901991236545519381e+00 1.784240080261101369e+00 1.672758276467301020e+00 1.567109296384316952e+00 1.467341709304947894e+00 1.373340409911283366e+00 1.284710259718768732e+00 1.201365732615911064e+00 1.123202908279996581e+00 1.049988948033520053e+00 9.818454791450270669e-01 9.181676391187942876e-01 8.590456364626297692e-01 8.044474598118300790e-01 7.538665286380585862e-01 7.075012756777132594e-01 6.650146141110702125e-01 6.263909534165001958e-01 5.913896425036146987e-01 5.598770513284057060e-01 5.319250530421593126e-01 5.072102370972220164e-01 4.859297763649017554e-01 4.517702792519173727e-01 4.272684314574726194e-01 4.222113199113697313e-01 4.241881625605792294e-01 4.177986248720899631e-01 4.143592617517288801e-01 4.140106848889546498e-01 4.166720316339134200e-01 4.228080482995832945e-01 4.321242348559795055e-01 4.451476784432140121e-01 4.619599650970029892e-01 4.830301131222403122e-01 5.085299778520679936e-01 5.390541996862396878e-01 5.751399461958350834e-01 6.174573829007101722e-01 6.668271450616436447e-01 7.242744660394984102e-01 7.911184315296471148e-01 8.686391683201066805e-01 9.590892551882612693e-01 1.064689241497129846e+00 1.188818810738057064e+00 1.335378042811496968e+00 1.512115016175441529e+00 1.720567169587228218e+00 1.975451788496940253e+00 2.288488544593814122e+00 2.677913901896245008e+00 3.168299553937026225e+00 3.794029441400059710e+00 4.600496237921003484e+00 5.646273229463350418e+00 6.999497236940732670e+00 8.723567472580517901e+00 1.084531267700067403e+01
2.937256767505369481e+01 2.851492632088501367e+01 2.767440308144700722e+01 2.685007306498700075e+01 2.604203006999441428e+01 2.525085622467440061e+01 2.447566921568234832e+01 2.371628354143248174e+01 2.297344993424026427e+01 2.224584391964350516e+01 2.153446685093638280e+01 2.083791566478064894e+01 2.015715432330607015e+01 1.949163140379233283e+01 1.884113932149408299e+01 1.820581972270590754e+01 1.758540982430981714e+01 1.697898278764658997e+01 1.638711442885389857e+01 1.580995988028327481e+01 1.524653061075806804e+01 1.469716788090756943e+01 1.416147844852133630e+01 1.363939605837664004e+01 1.313072411672870921e+01 1.263512488766485120e+01 1.215278823455685497e+01 1.168324614406814987e+01 1.122642192612848255e+01 1.078199669085099188e+01 1.034985508780881247e+01 9.930094079452821632e+00 9.522119622964908103e+00 9.125757780176035894e+00 8.741202080636634619e+00 8.368140252205147789e+00 8.006083683687991837e+00 7.655203928345377662e+00 7.315118615732263407e+00 6.985930920881166628e+00 6.667119001642330289e+00 6.358746925808322459e+00 6.060577500515728744e+00 5.772177657542599150e+00 5.493869835224973741e+00 5.224926621620918255e+00 4.965741223944919014e+00 4.715830517938623956e+00 4.474897987580805925e+00 4.242838567093832225e+00 4.019843777463072421e+00 3.805157010809612217e+00 3.599091875958715381e+00 3.401216050272504177e+00 3.211544359907148039e+00 3.029841587969184236e+00 2.855682538941373139e+00 2.689342857321697089e+00 2.530238351549807252e+00 2.378437993396720351e+00 2.233715502504940442e+00 2.095899020721436745e+00 1.964829001183721058e+00 1.840318242878624666e+00 1.722258701476264697e+00 1.610436432159445541e+00 1.504587680463231880e+00 1.404684112133858243e+00 1.310346923101346484e+00 1.221754860795898345e+00 1.138420575318943584e+00 1.060289374846745680e+00 9.872383230392967057e-01 9.190783158035009670e-01 8.556344376583813194e-01 7.966676398938887793e-01 7.420936417971812915e-01 6.918245157339963924e-01 6.455296524041531647e-01 6.032973527278717718e-01 5.645993767211199277e-01 5.296834997845389914e-01 4.983402572179662648e-01 4.703194892612616584e-01 4.453796620281114116e-01 4.237534519489383200e-01 4.021957379938601029e-01 3.691134325317091402e-01 3.515836831523344586e-01 3.553348092811159376e-01 3.534189978395163578e-01 3.489037503862091327e-01 3.472437456508603582e-01 3.484734775093589754e-01 3.527584422124085961e-01 3.600741393472550733e-01 3.705488705170734143e-01 3.846958364791652762e-01 4.025497505268260667e-01 4.244453845500317790e-01 4.508134403114927302e-01 4.821623126309626528e-01 5.190642201922890386e-01 5.621648495772402221e-01 6.123505330827616611e-01 6.706374608106191459e-01 7.384059256020925055e-01 8.171235483315220094e-01 9.088845382037358256e-01 1.016168141418638537e+00 1.142126491316108883e+00 1.291222378852729946e+00 1.470787421623043212e+00 1.682962896868100966e+00 1.942669553310438779e+00 2.261918865103340615e+00 2.659334559405834852e+00 3.160395362185608459e+00 3.799859593542254110e+00 4.624262908331965960e+00 5.693223787395718105e+00 7.074210835363070160e+00 8.828677566955867917e+00 1.097748766145295640e+01
2.889647674213095030e+01 2.804024695793752997e+01 2.720074847768400161e+01 2.637767168655785710e+01 2.557094270201840658e+01 2.478142671019557497e+01 2.400775406359649722e+01 2.325063848033768110e+01 2.250965336276859929e+01 2.178422699135829177e+01 2.107505577092683069e+01 2.038158539939562885e+01 1.970353275769920387e+01 1.904083807770328107e+01 1.839368713164179070e+01 1.776133096283744095e+01 1.714428770630100729e+01 1.654129429677609764e+01 1.595359748724350979e+01 1.537978214783878350e+01 1.482046572690544117e+01 1.427542889799663328e+01 1.374402126375192701e+01 1.322626324112788865e+01 1.272217205381565108e+01 1.223137241225350458e+01 1.175383093878895657e+01 1.128922045936263707e+01 1.083737854755136887e+01 1.039815140050821540e+01 9.971345772022832676e+00 9.556918473484742549e+00 9.154348369846875499e+00 8.763821014505735363e+00 8.384969082604632362e+00 8.017482650458408244e+00 7.661414467636983971e+00 7.316406198387981341e+00 6.982547841183150972e+00 6.659076622245119204e+00 6.346534258106462545e+00 6.044397751693530552e+00 5.752268901975121196e+00 5.470295451657280594e+00 5.198117249397904871e+00 4.935649638939032968e+00 4.682702273174832897e+00 4.439215533561924332e+00 4.204585204968347867e+00 3.979031794221477014e+00 3.762210272972454916e+00 3.554072477509784278e+00 3.354298397156973977e+00 3.162858035184590300e+00 2.979479723456579521e+00 2.803941061385384348e+00 2.636246367797390189e+00 2.475980886710271722e+00 2.323145894013556312e+00 2.177482097930105720e+00 2.038833720553534512e+00 1.907044000745206080e+00 1.781970302026636421e+00 1.663258177519411074e+00 1.551004297395863762e+00 1.444905383109107433e+00 1.344661741648056630e+00 1.250364271742743227e+00 1.161404196432147540e+00 1.078171112077275229e+00 9.999689809125578144e-01 9.270220155287223207e-01 8.589165833807532735e-01 7.955551046252895553e-01 7.368578069583908707e-01 6.824934888839839786e-01 6.324169954401437366e-01 5.863606042459834633e-01 5.442219908805445705e-01 5.058752304147984269e-01 4.710852443038815451e-01 4.397400685708818813e-01 4.117528404834036593e-01 3.869834769643087924e-01 3.651694670991911806e-01 3.464331415160226690e-01 3.225046032089950998e-01 2.966825647017667933e-01 2.846390298417045273e-01 2.931041971773296062e-01 2.877053536849638604e-01 2.850291508746827240e-01 2.849450172670353609e-01 2.876156903138471499e-01 2.930345927018573882e-01 3.014520432712552989e-01 3.130358623738782597e-01 3.279996210039826110e-01 3.465556232477351450e-01 3.691155003301416215e-01 3.962084218796180224e-01 4.280582694971335478e-01 4.657035599108905188e-01 5.094023348190646061e-01 5.602730905610697754e-01 6.192180435753424916e-01 6.879274945568836230e-01 7.676168345919998082e-01 8.606720737915463104e-01 9.693626248628350872e-01 1.097259000345496283e+00 1.248554784942579321e+00 1.431459650742172851e+00 1.647214516857686828e+00 1.911828912310731265e+00 2.237540334086951521e+00 2.643327232920877901e+00 3.155346607251852120e+00 3.809518729928618175e+00 4.652985948597720522e+00 5.745699747817322844e+00 7.155393881336868489e+00 8.940972197529028165e+00 1.111613291428974470e+01
2.843688362728047281e+01 2.758127782260964977e+01 2.674263845501494430e+01 2.592092001536712331e+01 2.511557240303520189e+01 2.432715202589698222e+01 2.355535299785793768e+01 2.280013214477883920e+01 2.206112695546462632e+01 2.133789755283626022e+01 2.063097780160186900e+01 1.994013837204061801e+01 1.926489720050667032e+01 1.860454387005751187e+01 1.796040478242151295e+01 1.733154350005893107e+01 1.671714227946523579e+01 1.611822560987089403e+01 1.553368207554001224e+01 1.496402598036751286e+01 1.440845007465355643e+01 1.386741689097802421e+01 1.333997838779236211e+01 1.282670093503197606e+01 1.232711976939894249e+01 1.184084211675263631e+01 1.136767451687342678e+01 1.090805395003834377e+01 1.046094306805674989e+01 1.002697497832326690e+01 9.605469743087457601e+00 9.196167592242998623e+00 8.798945722833561689e+00 8.413932290474779307e+00 8.040518549711450191e+00 7.678899854892962118e+00 7.328447146291427572e+00 6.989187851944600460e+00 6.660988222749808507e+00 6.343871162194147928e+00 6.036979700825540363e+00 5.740924404978942519e+00 5.454943817299851005e+00 5.178963048722218687e+00 4.913181110734942791e+00 4.656718054640151649e+00 4.410125789763719162e+00 4.172529291614546665e+00 3.944292648082958763e+00 3.725026100685491226e+00 3.514618356279974876e+00 3.312614370076261139e+00 3.119193254653551683e+00 2.933925545245541500e+00 2.756818785444614672e+00 2.587465701873670199e+00 2.425867112861623820e+00 2.271650185181506298e+00 2.124942686322639496e+00 1.985385952675744470e+00 1.852628386335719579e+00 1.726902402555208216e+00 1.607569729999736019e+00 1.494737256488642974e+00 1.388020944309542593e+00 1.287520827317012451e+00 1.192945373170084533e+00 1.103905201439414618e+00 1.020548210361005292e+00 9.424504740638717237e-01 8.695503794144632259e-01 8.014975221130704597e-01 7.383135209249269693e-01 6.796720248894216887e-01 6.256000414971429890e-01 5.756483099028653072e-01 5.298453164245375824e-01 4.880741021504486632e-01 4.498860658475156704e-01 4.152693005655239133e-01 3.843182749404761012e-01 3.565571446038418024e-01 3.317901003918155567e-01 3.101195418283242411e-01 2.913934723983602204e-01 2.755396822774924814e-01 2.491424214298709749e-01 2.303400881373818265e-01 2.264478381341805679e-01 2.311571103862819498e-01 2.274517994956926081e-01 2.263200299285395012e-01 2.275697778852947550e-01 2.313661924214893695e-01 2.378834789425576801e-01 2.471236334281257108e-01 2.594264708851046208e-01 2.748735884996356127e-01 2.941213172554024702e-01 3.172199885124071805e-01 3.446599635609004508e-01 3.769987918116668446e-01 4.148564163320656029e-01 4.589775215501967764e-01 5.103854119763551189e-01 5.700781219042050374e-01 6.393993742340398079e-01 7.201039707087852904e-01 8.141787509829856440e-01 9.244491863049986158e-01 1.054202212663502003e+00 1.207921321111227186e+00 1.393838914579281774e+00 1.613549267230696138e+00 1.883212525977862040e+00 2.215617981508410939e+00 2.629932048482441775e+00 3.153647343458654273e+00 3.822945711646508204e+00 4.686138507439896017e+00 5.803912735408555790e+00 7.243338202111648805e+00 9.060302642804430207e+00 1.126146114113856278e+01
2.799318452850723205e+01 2.713889438546531707e+01 2.630081685643090950e+01 2.548015677869916829e+01 2.467582698108170547e+01 2.388944727242607868e+01 2.311876930025683663e+01 2.236529667318408698e+01 2.162780127532617414e+01 2.090666044363487330e+01 2.020195849589157078e+01 1.951336152296886439e+01 1.884070812726429267e+01 1.818365277832114657e+01 1.754157841523970163e+01 1.691552470220069182e+01 1.630463112434644657e+01 1.570912621754190219e+01 1.512791341270739487e+01 1.456171765089621140e+01 1.400978211025928388e+01 1.347244693644964464e+01 1.294950073951516245e+01 1.244032376829698983e+01 1.194506713027282352e+01 1.146292278152296618e+01 1.099467079655678248e+01 1.053965085311144811e+01 1.009740830845836612e+01 9.668209036366926412e+00 9.251790224531852402e+00 8.847447285219844915e+00 8.455724357839521588e+00 8.075850903211712506e+00 7.707852316594254738e+00 7.351662765345379213e+00 7.006878073025768927e+00 6.673304811295865946e+00 6.350895911469245370e+00 6.039340289271422080e+00 5.738601886304273592e+00 5.448144334984450055e+00 5.168286849332059951e+00 4.898331110860654647e+00 4.638429599911852996e+00 4.388163238494858120e+00 4.147616387103192359e+00 3.916255311368066483e+00 3.694048953675843627e+00 3.480942004963538672e+00 3.276591103153370099e+00 3.080839871619756032e+00 2.893464536988243907e+00 2.714457083392241010e+00 2.543391279205819977e+00 2.380091556863306312e+00 2.224548694405970028e+00 2.076538007483508252e+00 1.935690519530242071e+00 1.802014803050011604e+00 1.675282948932921290e+00 1.555157695187769917e+00 1.441695607194493078e+00 1.334554584552150036e+00 1.233620359770570829e+00 1.138575660703378123e+00 1.049364540293074022e+00 9.658317652145753662e-01 8.876180735822636336e-01 8.146789994146308445e-01 7.467326300553023266e-01 6.836838804785139168e-01 6.253492078352129724e-01 5.715161926838630002e-01 5.218869736618447774e-01 4.764059046683533083e-01 4.348660921565827842e-01 3.971166700961648033e-01 3.629322248364874604e-01 3.321753442739772133e-01 3.046598136250078248e-01 2.801547175942942225e-01 2.587583489348399546e-01 2.400238804648457958e-01 2.240976445102238479e-01 2.076136642139569943e-01 1.828434543703405524e-01 1.704771125748294480e-01 1.741330299757315458e-01 1.749309540038823663e-01 1.728535128592723069e-01 1.728845341707807570e-01 1.752878584784345328e-01 1.800188613542474947e-01 1.872405532837295716e-01 1.971247976059076201e-01 2.099367495123960481e-01 2.258446589441964747e-01 2.452579424077172554e-01 2.685997017149555077e-01 2.962230421790112977e-01 3.287282220243104014e-01 3.667541357060599694e-01 4.112129840989964258e-01 4.629248370396021883e-01 5.230044728869676085e-01 5.929385237988804569e-01 6.744213926279662985e-01 7.696562688001784558e-01 8.812022840584132766e-01 1.012798749332588510e+00 1.168763809146411425e+00 1.357952903027814795e+00 1.581716032093982705e+00 1.856590045021910829e+00 2.195842601672426397e+00 2.619575353930025940e+00 3.155211633792320836e+00 3.840411181815805985e+00 4.724349226448676831e+00 5.868358034260179323e+00 7.338388533567652416e+00 9.187039253006080486e+00 1.141356202604874071e+01
2.756541492143471572e+01 2.671148786344369341e+01 2.587475041106866058e+01 2.505499679173488659e+01 2.425192608371051861e+01 2.346624696940655497e+01 2.269755134240394412e+01 2.194501398702918138e+01 2.120970266910136104e+01 2.049076033561070176e+01 1.978775898946424405e+01 1.910138746598161319e+01 1.843090390426372949e+01 1.777638879543392747e+01 1.713757384819836105e+01 1.651435902387963139e+01 1.590624014539059417e+01 1.531363073431723976e+01 1.473601131802439923e+01 1.417309443667285151e+01 1.362493346928647142e+01 1.309151687492065008e+01 1.257216740188471604e+01 1.206684238170480050e+01 1.157565129315691976e+01 1.109815542011198808e+01 1.063446960335852154e+01 1.018380540846603921e+01 9.746204934273061227e+00 9.321816073824729543e+00 8.909988701799386845e+00 8.510903118673773804e+00 8.124057051503697835e+00 7.749553501003092038e+00 7.386757850990588459e+00 7.035929460692392112e+00 6.696579067946728969e+00 6.368649696135186389e+00 6.051809283239151682e+00 5.745949386317905194e+00 5.450870080387481664e+00 5.166394520334128160e+00 4.892116299997162798e+00 4.628131363414644817e+00 4.374141522846808350e+00 4.129871652179684105e+00 3.895082078823863814e+00 3.669755546697994752e+00 3.453677012904010635e+00 3.246539617457189220e+00 3.048319055780202014e+00 2.858516007161304717e+00 2.677293680811410059e+00 2.504192460551357691e+00 2.339103861464719714e+00 2.181929754929679000e+00 2.032343668476410681e+00 1.890178192927383094e+00 1.755266044869741027e+00 1.627519770083230011e+00 1.506509288005308811e+00 1.392318585647034368e+00 1.284327748573210748e+00 1.182933358209925512e+00 1.087430658618171453e+00 9.979595180447997649e-01 9.141709922691254597e-01 8.358721155441339867e-01 7.628763867735810500e-01 6.950176434918131640e-01 6.320141751006369546e-01 5.738847610553543532e-01 5.203111990420561384e-01 4.710534486077277982e-01 4.259547023476195626e-01 3.848121226797118766e-01 3.474796323489015570e-01 3.138163950453631834e-01 2.834659827577579172e-01 2.563454899879524795e-01 2.323480834131030903e-01 2.111963709274911061e-01 1.927925246329564857e-01 1.770459973911342466e-01 1.636645380093115776e-01 1.454856341173926815e-01 1.274674688304111569e-01 1.199388561657688257e-01 1.276251728726696122e-01 1.248192200138498187e-01 1.239819574027745119e-01 1.251049897670553079e-01 1.283490686016519611e-01 1.336913022065511214e-01 1.414344381030385733e-01 1.516262280721103473e-01 1.646412132914054638e-01 1.806242809773483948e-01 2.000641165423089340e-01 2.233707339732271535e-01 2.508525218640977883e-01 2.833844426628595592e-01 3.214999576702348705e-01 3.658858254066532645e-01 4.177942069318985041e-01 4.781925700626188380e-01 5.485569687648461645e-01 6.307299864700133263e-01 7.268614895161729095e-01 8.397885624650047731e-01 9.731973023386686350e-01 1.133436189658132420e+00 1.322480015304217105e+00 1.551765323903719906e+00 1.832062249885080263e+00 2.178621397804880733e+00 2.611852805458092508e+00 3.160174053081477030e+00 3.862049239111908783e+00 4.767741843208794350e+00 5.938911192724260601e+00 7.440805429803177162e+00 9.321264773653714641e+00 1.157247450945640921e+01
2.715406150244945493e+01 2.629996261119124057e+01 2.546386951173401769e+01 2.464474574361343784e+01 2.384314615313900632e+01 2.305820025588802835e+01 2.229101796535201174e+01 2.154008572624329787e+01 2.080634958664572309e+01 2.008910552171990815e+01 1.938795610630649335e+01 1.870370510815749654e+01 1.803568048881905028e+01 1.738372425912404395e+01 1.674732388665863780e+01 1.612675687069714670e+01 1.552140473482378447e+01 1.493174493346015552e+01 1.435742457445402565e+01 1.379792465414544367e+01 1.325323376854218260e+01 1.272329449854136030e+01 1.220766530137199446e+01 1.170635945861443439e+01 1.121941655140537009e+01 1.074622125429366370e+01 1.028615570300991422e+01 9.840332661935413228e+00 9.407158746999078502e+00 8.987282140885977100e+00 8.580367128986987169e+00 8.186089771965153972e+00 7.804155886642460516e+00 7.434635837111292389e+00 7.077051457820493496e+00 6.731529944173564317e+00 6.397451608587245708e+00 6.074948111783074367e+00 5.763499796610672021e+00 5.463117627988833824e+00 5.173638213318564993e+00 4.894853321301151361e+00 4.626306482813957288e+00 4.368176629965370594e+00 4.119906337767032412e+00 3.881426716511970909e+00 3.652588293923719753e+00 3.433174432823815625e+00 3.223092501086866069e+00 3.021847937411903384e+00 2.829498961358667408e+00 2.645798078392835873e+00 2.470411311798292875e+00 2.303195525814127897e+00 2.144063997355771800e+00 1.992748907762398325e+00 1.849076505708602269e+00 1.712861346159788578e+00 1.583680288801647684e+00 1.461649915827745172e+00 1.346434896605264164e+00 1.237788192186861647e+00 1.135641424656375076e+00 1.039690010182447999e+00 9.497631365077974230e-01 8.655802987274308080e-01 7.871214160501294188e-01 7.140663646012179733e-01 6.462765027919203931e-01 5.834747226293623967e-01 5.254888905192767190e-01 4.722188834694551751e-01 4.232917676147196495e-01 3.786381418415918354e-01 3.379080392219235840e-01 3.011549489083442666e-01 2.679535564803714465e-01 2.381554134403107703e-01 2.117505838328925805e-01 1.882988066858826137e-01 1.677290441589929237e-01 1.498294813909173406e-01 1.344709007133015888e-01 1.215152386921602989e-01 1.105986850320039849e-01 9.148954578288570616e-02 7.981348233588869689e-02 7.875371778683915025e-02 8.283125679304781386e-02 8.127549144603118947e-02 8.141103337072630453e-02 8.327670276272458594e-02 8.704798008856151625e-02 9.278161875813095705e-02 1.006534757672872260e-01 1.108236913410776125e-01 1.236799605681238035e-01 1.394762272998839592e-01 1.586710592989315494e-01 1.815517743590566724e-01 2.088099823311040382e-01 2.410407659069746522e-01 2.788495088594911131e-01 3.232128731684436040e-01 3.749946010963012277e-01 4.355327546986531573e-01 5.062232005528688461e-01 5.889929876953026167e-01 6.859313387369225801e-01 8.002186936280963891e-01 9.354084564385800604e-01 1.098089329067242215e+00 1.289917108026028547e+00 1.523818981618285662e+00 1.809991461428273052e+00 2.163940861738333776e+00 2.607270018178065030e+00 3.168910724491036390e+00 3.888317600866042500e+00 4.816717764382616451e+00 6.015969058187886631e+00 7.550443717345878269e+00 9.463590408590949465e+00 1.173847800170674205e+01
2.675743003726783797e+01 2.590327978756434746e+01 2.506790608963432732e+01 2.425003147529716330e+01 2.344897676756070126e+01 2.266572055139099007e+01 2.189883993499307380e+01 2.114972066393841033e+01 2.041759901983271064e+01 1.970202895173098767e+01 1.900262968081678494e+01 1.832035252334869213e+01 1.765381496130339301e+01 1.700463914128638265e+01 1.637032973244891920e+01 1.575242423759487487e+01 1.515053710765895723e+01 1.456366122678561759e+01 1.399244466527097508e+01 1.343600687688359940e+01 1.289482206700470712e+01 1.236806681218801707e+01 1.185625863134532842e+01 1.135872055071631692e+01 1.087535393885974422e+01 1.040604484742975089e+01 9.950583947669390028e+00 9.508689928659308066e+00 9.079946095409763274e+00 8.664762348311016993e+00 8.262414516830940414e+00 7.872859975270529276e+00 7.495872735592589819e+00 7.131215665081535704e+00 6.778690385764241100e+00 6.438103938190609554e+00 6.109264772576206148e+00 5.792034341654916929e+00 5.485893604964009462e+00 5.191030026578980383e+00 4.907000407853590040e+00 4.633688808687175253e+00 4.370824799546713102e+00 4.118203409281850469e+00 3.875604616931216384e+00 3.642937153989245225e+00 3.419931846535673170e+00 3.206275896545063286e+00 3.001918606324815997e+00 2.806595283270096886e+00 2.620134335308799134e+00 2.442269563130294863e+00 2.272736886057180605e+00 2.111370396148348760e+00 1.958142545063856765e+00 1.812696554089465728e+00 1.674672959779444081e+00 1.544149023900776019e+00 1.420878147253623602e+00 1.304463224165497426e+00 1.194921741464305409e+00 1.091917240322914928e+00 9.952112161064730067e-01 9.048532581841128852e-01 8.202817202472512115e-01 7.416246025655381935e-01 6.684000446585347532e-01 6.006858958449545760e-01 5.379137221216523379e-01 4.801137374231045918e-01 4.270620692021886988e-01 3.786245316482861334e-01 3.343792224196895368e-01 2.943188347729663867e-01 2.581620336514101055e-01 2.255971472035600556e-01 1.965863849713422873e-01 1.708409606458571872e-01 1.482481072390129384e-01 1.283983259832144341e-01 1.112751575871540055e-01 9.663672206722262459e-02 8.425013871395936604e-02 7.402760273147457326e-02 6.215446829462845102e-02 4.757548774120268220e-02 4.057993072174026494e-02 4.462783289885807747e-02 4.538866379544259644e-02 4.486511898407208321e-02 4.573432700176738308e-02 4.806676635069617731e-02 5.197300456479814201e-02 5.760809482006079563e-02 6.521850658033345738e-02 7.502883324509435070e-02 8.735626113434147300e-02 1.025576100228020593e-01 1.210689876791515296e-01 1.433592129382654790e-01 1.699922156326527656e-01 2.016038495877836567e-01 2.389843190923945926e-01 2.828825938793078087e-01 3.344927131092356731e-01 3.950269005019713120e-01 4.658810437109806024e-01 5.490604708886070995e-01 6.469523017367584394e-01 7.624190885624049230e-01 8.992518075307653902e-01 1.064464301241574429e+00 1.259666943475179490e+00 1.497997837709297286e+00 1.790093705979656225e+00 2.151996655363264122e+00 2.605771420960389939e+00 3.181482241381106135e+00 3.919239405182284308e+00 4.871587147160005848e+00 6.100127159488833328e+00 7.668087510589593592e+00 9.613558383374787297e+00 1.191108381169260255e+01
2.637540421493923404e+01 2.552235928219094419e+01 2.468765551762992416e+01 2.386992479415165391e+01 2.307009580997458897e+01 2.228725985955707500e+01 2.152154288574998731e+01 2.077428354566567137e+01 2.004305138489651483e+01 1.932860216978716750e+01 1.863177834127326449e+01 1.795086038919435723e+01 1.728693056341174028e+01 1.663931551435942069e+01 1.600779421762241839e+01 1.539238492099691591e+01 1.479245213135854620e+01 1.420883026035171248e+01 1.364029498514833705e+01 1.308733297321255051e+01 1.254937360569872240e+01 1.202559192973870950e+01 1.151759729580913394e+01 1.102342185829810006e+01 1.054382694400983667e+01 1.007855873249503631e+01 9.627007414264365792e+00 9.189105295363342307e+00 8.764886204281264526e+00 8.353772687876459102e+00 7.955968992027662168e+00 7.570964772610189186e+00 7.198726086052809059e+00 6.838695336798283897e+00 6.491100612630384958e+00 6.155529871259379782e+00 5.831892411918615515e+00 5.519623194221978224e+00 5.218902131050640492e+00 4.929174816457604358e+00 4.650601209059191277e+00 4.382650937782662126e+00 4.125235795268833883e+00 3.878184845883525522e+00 3.641240415431534760e+00 3.414146777207371919e+00 3.196817024663434204e+00 2.988906183331341282e+00 2.790314797160220461e+00 2.600735170734080892e+00 2.419935676946693981e+00 2.247820802688105246e+00 2.083995921449388611e+00 1.928495175323929889e+00 1.781003324296781543e+00 1.641266544526365223e+00 1.509114712075299014e+00 1.384246741720929208e+00 1.266650099268240570e+00 1.155903894618370842e+00 1.051983593278849050e+00 9.545821666417153573e-01 8.634452949641491237e-01 7.784769798444113320e-01 6.994367893762620803e-01 6.259779806708221095e-01 5.581415692179958477e-01 4.954926390922764767e-01 4.378640717022985740e-01 3.851898043188972665e-01 3.371310083111977995e-01 2.934334224036216909e-01 2.539758155514104665e-01 2.184843715225870397e-01 1.868525308652113637e-01 1.586650724299754067e-01 1.339189610791824414e-01 1.122318413030565232e-01 9.348504096937659824e-02 7.741695799812209344e-02 6.377781803114102033e-02 5.237949131304819872e-02 4.308655126262772583e-02 3.565576405069048604e-02 2.418145678567684698e-02 1.607706054804758367e-02 1.390126335896191279e-02 1.768449661561088959e-02 1.676378171314718557e-02 1.685284003799525365e-02 1.802377156098211586e-02 2.029017175753100588e-02 2.383626639169689199e-02 2.890498982635048009e-02 3.573186202884270912e-02 4.459406016045219801e-02 5.591038905710110640e-02 7.008504809817850401e-02 8.752755728049788075e-02 1.087733158125936406e-01 1.344379444618959418e-01 1.651915098380252189e-01 2.018466650116068628e-01 2.451524989625308848e-01 2.962988418617640285e-01 3.565480079590344076e-01 4.275370085520369123e-01 5.111147478215283257e-01 6.096528601254425084e-01 7.263182870606343933e-01 8.647638377991984093e-01 1.032721288152249617e+00 1.231167943868860526e+00 1.474186934140442329e+00 1.772588451012613309e+00 2.142854056087140080e+00 2.607657882813418926e+00 3.198157534733025997e+00 3.955313144476868548e+00 4.932365559336082228e+00 6.191663318041285002e+00 7.796468379040987884e+00 9.773409402419275693e+00 1.209361875903609551e+01
2.600891991562511762e+01 2.515631742201126642e+01 2.432138245471124804e+01 2.350448802243396784e+01 2.270505463127774348e+01 2.192317896392188459e+01 2.115900406174744575e+01 2.041252712987373741e+01 1.968258734885198891e+01 1.897019052620243684e+01 1.827417412548371090e+01 1.759546769544108002e+01 1.693336617465930516e+01 1.628778455949880666e+01 1.565844956599256044e+01 1.504518821669147499e+01 1.444807149767465226e+01 1.386694476608168003e+01 1.330095564747312231e+01 1.275087370933355402e+01 1.221560537420531745e+01 1.169594910258843257e+01 1.119080580667863956e+01 1.070052731465553819e+01 1.022456873150038348e+01 9.762943556136317369e+00 9.314939559760681220e+00 8.881278182042361635e+00 8.461008844223339764e+00 8.054416711482016211e+00 7.660805359735611830e+00 7.280249701184915878e+00 6.912595764270834664e+00 6.557442954973524252e+00 6.214358428222876540e+00 5.883833017631556750e+00 5.564975006623972931e+00 5.257901853770019507e+00 4.962084924902809391e+00 4.677617263464817654e+00 4.404230805364495183e+00 4.141633291798019201e+00 3.889708489045340389e+00 3.648057701549711762e+00 3.416558925618584652e+00 3.195045462336298936e+00 2.983275600056489729e+00 2.780959954644690590e+00 2.587977162599697234e+00 2.403954841555533406e+00 2.228861780685942318e+00 2.062492359170697842e+00 1.904396374011263493e+00 1.754566791146250360e+00 1.612652729296637499e+00 1.478728798692974244e+00 1.352151321647976356e+00 1.233044556848994500e+00 1.121049660795447878e+00 1.015948662424492888e+00 9.175489525148239345e-01 8.257853740727294500e-01 7.401078780123859779e-01 6.606318754026729856e-01 5.869603129815992304e-01 5.189264980520968962e-01 4.562626615328024826e-01 3.988660532935783820e-01 3.464622410825901611e-01 2.988507477377888577e-01 2.557417972497977310e-01 2.169689060185997498e-01 1.823495586728340889e-01 1.516633272388823173e-01 1.245949023623071916e-01 1.009515105587444062e-01 8.055591787705651541e-02 6.315799007804434595e-02 4.849451459350007099e-02 3.636039228903653608e-02 2.653038912713290287e-02 1.875581703421058677e-02 1.276379623496026738e-02 7.158256430728204833e-03 1.082643583460995984e-03 0.000000000000000000e+00 1.117590834320836279e-05 4.209090778584112513e-04 3.121412859408145835e-04 4.772918359430278201e-04 1.061392456402909801e-03 2.302575734247636063e-03 4.505573774105098295e-03 7.995329184218302743e-03 1.312852668692299218e-02 2.031143673675295247e-02 2.992330305069401675e-02 4.244586920675308406e-02 5.830765883555466544e-02 7.806908109516674799e-02 1.023751498300917717e-01 1.318900342039075468e-01 1.673934932466591974e-01 2.099082262810081367e-01 2.604333351117205098e-01 3.203216368683703408e-01 3.911579454752733831e-01 4.749428160444213454e-01 5.741227925567859991e-01 6.920041411021760069e-01 8.323533692945694895e-01 1.002797665198740251e+00 1.204816218296489438e+00 1.452697092345234253e+00 1.757482247763886285e+00 2.136380529646741966e+00 2.612939530114544162e+00 3.218963861677615057e+00 3.996673990648580421e+00 4.999712373272046761e+00 6.290899787040549640e+00 7.928201586438399673e+00 9.938277814928520471e+00 1.227982955730123571e+01
2.565665756334829695e+01 2.480412925832464666e+01 2.396949945169937024e+01 2.315344684556165333e+01 2.235452880357567906e+01 2.157332010234175357e+01 2.081033305018773660e+01 2.006474976577783309e+01 1.933641298649117957e+01 1.862455957249710181e+01 1.793079960741447110e+01 1.725315760347427840e+01 1.659310159172610000e+01 1.594929487150738012e+01 1.532237801104573371e+01 1.471140817747289553e+01 1.411633130559985005e+01 1.353776871261016623e+01 1.297452215300610767e+01 1.242722194122474200e+01 1.189490098744641067e+01 1.137812104163297100e+01 1.087621995111236473e+01 1.038924569472433568e+01 9.916653968750644310e+00 9.458577476456476063e+00 9.014919539330779941e+00 8.584819507772323277e+00 8.168684655772494807e+00 7.766169190873606354e+00 7.376953198186786409e+00 7.000624781771458416e+00 6.637284530072095734e+00 6.286804845115867124e+00 5.948377540448190892e+00 5.622406947218561157e+00 5.308418503496881158e+00 5.006228667396184662e+00 4.715374162483487730e+00 4.436067895711726550e+00 4.167822590694891360e+00 3.910480264044879917e+00 3.663720443197082677e+00 3.427459613279526529e+00 3.201406126751682457e+00 2.985324768201869094e+00 2.779038326836258399e+00 2.582162731978909775e+00 2.394702716769103734e+00 2.216324997138019448e+00 2.046850090575558223e+00 1.886027380572707912e+00 1.733527951895108554e+00 1.589353968068174527e+00 1.453236681365899230e+00 1.324762897417031127e+00 1.203887960232830068e+00 1.090422998791340525e+00 9.840014472505154153e-01 8.845832152855392927e-01 7.917630212957882385e-01 7.053605923082573170e-01 6.253093346804683428e-01 5.512376058504853127e-01 4.830485043895493824e-01 4.203706633850723406e-01 3.630591044228359543e-01 3.109843769680709080e-01 2.637927694002506485e-01 2.213371679333553388e-01 1.833677780729847662e-01 1.497422789627167461e-01 1.200732288855088647e-01 9.430177869887979014e-02 7.212586649981700404e-02 5.332781416350629300e-02 3.769898717886910333e-02 2.503578312988974375e-02 1.510214931568221175e-02 7.692761850897067433e-03 2.685263479984545398e-03 9.798652975678834309e-05 0.000000000000000000e+00 0.000000000000000000e+00 0.000000000000000000e+00 0.000000000000000000e+00 0.000000000000000000e+00 0.000000000000000000e+00 0.000000000000000000e+00 0.000000000000000000e+00 0.000000000000000000e+00 0.000000000000000000e+00 0.000000000000000000e+00 0.000000000000000000e+00 2.260867056125270835e-04 3.694250499364226670e-03 1.028360718118292993e-02 2.014308995147429115e-02 3.365450893232369012e-02 5.135054689495710534e-02 7.379132206488669965e-02 1.017040076094932743e-01 1.358474953598198809e-01 1.772239847348422437e-01 2.268177377210300882e-01 2.861344082331629401e-01 3.567360687376175399e-01 4.407032325308257725e-01 5.405553269824170393e-01 6.594628843084482384e-01 8.016585627397931901e-01 9.747522447614009877e-01 1.180417571140768285e+00 1.433329030302310514e+00 1.744988507460432103e+00 2.133107917048593372e+00 2.621919845266718063e+00 3.244246484139923226e+00 4.043412722962957950e+00 5.074105048947985530e+00 6.398013285378723047e+00 8.071131603253656195e+00 1.011306770020142842e+01 1.247298549112453259e+01
2.531921092369998760e+01 2.446699299166188268e+01 2.363247035637847659e+01 2.281615268371870542e+01 2.201770945820017289e+01 2.123776983381775452e+01 2.047538414993925926e+01 1.972997948761972964e+01 1.900277617673607011e+01 1.829285831497828951e+01 1.760032932226077662e+01 1.692443886755387084e+01 1.626560519174919861e+01 1.562368034823321494e+01 1.499877207110695920e+01 1.438976576942911834e+01 1.379746855236327896e+01 1.322100588983400371e+01 1.266007207731100159e+01 1.211547998644144641e+01 1.158627942276471146e+01 1.107246203868747969e+01 1.057378555367598594e+01 1.008966800959876231e+01 9.620935820015240836e+00 9.166390292155446318e+00 8.725880279982622056e+00 8.299793812694201023e+00 7.887376852497629542e+00 7.488810558123192962e+00 7.103879267593571356e+00 6.731698405465847301e+00 6.372622071372536112e+00 6.026492117941806725e+00 5.692737060765329815e+00 5.371281399224070441e+00 5.061961658699598132e+00 4.764598967357070336e+00 4.478734408656837473e+00 4.204354019636936002e+00 3.941167623792640740e+00 3.688944146790762435e+00 3.447348416547268979e+00 3.216279466343952009e+00 2.995525635351403704e+00 2.784750233891752913e+00 2.583837077970729812e+00 2.392417977127980766e+00 2.210484670281087638e+00 2.037543638797312262e+00 1.873559402397018125e+00 1.718328091000509428e+00 1.571520187700381488e+00 1.432815501346729192e+00 1.302240290549094848e+00 1.179455271326002030e+00 1.064184400890577642e+00 9.562605825866765663e-01 8.554433087424762050e-01 7.615272774039505421e-01 6.743272598507932258e-01 5.935417741896431565e-01 5.189548323418224918e-01 4.504638257570858784e-01 3.876719712446519139e-01 3.305472113960594704e-01 2.786603585753555379e-01 2.319632360328616194e-01 1.901728856731010886e-01 1.531102526196814750e-01 1.205164946938896975e-01 9.216886051880424091e-02 6.795997517711205305e-02 4.757206628710486385e-02 3.083825102230264292e-02 1.763923440741832493e-02 7.872794794838711141e-03 1.621505334736816906e-03 0.000000000000000000e+00 0.000000000000000000e+00 0.000000000000000000e+00 0.000000000000000000e+00 0.000000000000000000e+00 0.000000000000000000e+00 0.000000000000000000e+00 0.000000000000000000e+00 0.000000000000000000e+00 0.000000000000000000e+00 0.000000000000000000e+00 0.000000000000000000e+00 0.000000000000000000e+00 0.000000000000000000e+00 0.000000000000000000e+00 0.000000000000000000e+00 0.000000000000000000e+00 0.000000000000000000e+00 0.000000000000000000e+00 4.502667784356262359e-03 1.433442992297973007e-02 2.904652665082219087e-02 4.896301205035147319e-02 7.474310660464666967e-02 1.071184270728053889e-01 1.469463900299006198e-01 1.955019515841538436e-01 2.540682464171495347e-01 3.242473388736066831e-01 4.082632432337085504e-01 5.085958160736869793e-01 6.285635617934159924e-01 7.742576784851018523e-01 9.485154573704801528e-01 1.157978855843833088e+00 1.416159692082963328e+00 1.735037613550338698e+00 2.132880697950312321e+00 2.634836596607492698e+00 3.274457614497794378e+00 4.096224364749067703e+00 5.155470600816758342e+00 6.513789270761371597e+00 8.223052324195146312e+00 1.029612334736507151e+01 1.267229820336762636e+01
2.499536842987243190e+01 2.414371130238547281e+01 2.330895859123096514e+01 2.249360000792148639e+01 2.169557662922316865e+01 2.091544044146360548e+01 2.015397384950483683e+01 1.940979097070492188e+01 1.868321735127845784e+01 1.797420249309723417e+01 1.728319882380341355e+01 1.660874386849087259e+01 1.595170144289786940e+01 1.531123079492631156e+01 1.468766374550254383e+01 1.408101444684510817e+01 1.349044948837987334e+01 1.291673773891003307e+01 1.235840216443210338e+01 1.181619564133832334e+01 1.128948890943519601e+01 1.077862130482306569e+01 1.028273912258162959e+01 9.802132416722253438e+00 9.336350017471684026e+00 8.885314720483705742e+00 8.448334315768391889e+00 8.025722262731616041e+00 7.617269295404249796e+00 7.222316078581902943e+00 6.841287728560818238e+00 6.473216444345542442e+00 6.118367325166795823e+00 5.776438226891822403e+00 5.447100662870396626e+00 5.130231337923341073e+00 4.825591263804563269e+00 4.532863971739409692e+00 4.251834142790745119e+00 3.982295338943464547e+00 3.723990668444843166e+00 3.476732454654785087e+00 3.240219000699251506e+00 3.014429792588169121e+00 2.798756677918534663e+00 2.593275882547718680e+00 2.397612283274608291e+00 2.211697139032375858e+00 2.034987298634660657e+00 1.867587906644962992e+00 1.709075846795682363e+00 1.559216461669454823e+00 1.417935669773295881e+00 1.284856726180794162e+00 1.159825682796677970e+00 1.042497253288277026e+00 9.328744779052544622e-01 8.305625997380383652e-01 7.353818890093455352e-01 6.470243641080064556e-01 5.654032636123518252e-01 4.902065539547084683e-01 4.212598489436780724e-01 3.583003007750273916e-01 3.011537277581965988e-01 2.495344033424551355e-01 2.033741986094739218e-01 1.622869004184068764e-01 1.261639423545179994e-01 9.477609190212676893e-02 6.796786131459953140e-02 4.554976672049848574e-02 2.738905837047500569e-02 1.344936838524324330e-02 3.875948002773910162e-03 0.000000000000000000e+00 0.000000000000000000e+00 0.000000000000000000e+00 0.000000000000000000e+00 0.000000000000000000e+00 0.000000000000000000e+00 0.000000000000000000e+00 0.000000000000000000e+00 0.000000000000000000e+00 0.000000000000000000e+00 0.000000000000000000e+00 0.000000000000000000e+00 0.000000000000000000e+00 0.000000000000000000e+00 0.000000000000000000e+00 0.000000000000000000e+00 0.000000000000000000e+00 0.000000000000000000e+00 0.000000000000000000e+00 0.000000000000000000e+00 0.000000000000000000e+00 0.000000000000000000e+00 0.000000000000000000e+00 1.746826432968973108e-03 1.170225545809033818e-02 2.814432269521160990e-02 5.115824408562508196e-02 8.125750650375129780e-02 1.193605274195430610e-01 1.664685503450780146e-01 2.240609058376197282e-01 2.937529954421647105e-01 3.775987164523542106e-01 4.784179789629305901e-01 5.995755857478801687e-01 7.471744986933148702e-01 9.226678623088013786e-01 1.137734746429530652e+00 1.401542476748707244e+00 1.727971419703744349e+00 2.136072088596474572e+00 2.651804754906550432e+00 3.309627809008386379e+00 4.155245532265505304e+00 5.244570191911456902e+00 6.638140479932919114e+00 8.384386168336988021e+00 1.048778732951949344e+01 1.287763633048185596e+01
2.468686445400052420e+01 2.383416499248289711e+01 2.299970090712237791e+01 2.218411800776273068e+01 2.138664123404696582e+01 2.060717725235862119e+01 1.984633229257628528e+01 1.910280041931425998e+01 1.837663745839951446e+01 1.766943562519692890e+01 1.697862180899737439e+01 1.630558863849821449e+01 1.565007585282323177e+01 1.501160456892659489e+01 1.438987307255705872e+01 1.378512462938633654e+01 1.319614723878377305e+01 1.262423545476276665e+01 1.206832468416638804e+01 1.152861008725619740e+01 1.100485168672627978e+01 1.049623181912239289e+01 1.000339595240449242e+01 9.525769569960807814e+00 9.062710777104976856e+00 8.614680426292453674e+00 8.181360005629445098e+00 7.762387504455537268e+00 7.357632821938775436e+00 6.966467031104006224e+00 6.589096535671535193e+00 6.225150470138185455e+00 5.874221849000560880e+00 5.536603437080334089e+00 5.211572703553479791e+00 4.899095111900441779e+00 4.598959350190634510e+00 4.310848817244261610e+00 4.034444799869718601e+00 3.769662134409212939e+00 3.516193963429425917e+00 3.273843682984800552e+00 3.042346672108808825e+00 2.821495522235895059e+00 2.611003982260606815e+00 2.410673560287768247e+00 2.220255716127794710e+00 2.039544691819505928e+00 1.868249962397283692e+00 1.706118030823511322e+00 1.553056683206754940e+00 1.408692488805285414e+00 1.272900626634176913e+00 1.145282548243098386e+00 1.025807032828951471e+00 9.141170620965977101e-01 8.099883487194370346e-01 7.132447642224759576e-01 6.236500113323217853e-01 5.409916430828776157e-01 4.650716006518007539e-01 3.955245800930318190e-01 3.322243610101471845e-01 2.750272277444176794e-01 2.236207416000945969e-01 1.778582585742038980e-01 1.375419164922120352e-01 1.024729225452380987e-01 7.246077679939899596e-02 4.738803728951967997e-02 2.720829264099000611e-02 1.197002458364071487e-02 2.133591709596593944e-03 0.000000000000000000e+00 0.000000000000000000e+00 0.000000000000000000e+00 0.000000000000000000e+00 0.000000000000000000e+00 0.000000000000000000e+00 0.000000000000000000e+00 0.000000000000000000e+00 0.000000000000000000e+00 0.000000000000000000e+00 0.000000000000000000e+00 0.000000000000000000e+00 0.000000000000000000e+00 0.000000000000000000e+00 0.000000000000000000e+00 0.000000000000000000e+00 0.000000000000000000e+00 0.000000000000000000e+00 0.000000000000000000e+00 0.000000000000000000e+00 0.000000000000000000e+00 0.000000000000000000e+00 0.000000000000000000e+00 0.000000000000000000e+00 0.000000000000000000e+00 0.000000000000000000e+00 9.137454433316705149e-04 1.186131329079520569e-02 3.113351000452180273e-02 5.839189980274550607e-02 9.423313095678897966e-02 1.396821571596706946e-01 1.960975620436844480e-01 2.651034531303997355e-01 3.487696936294915062e-01 4.500264519620711390e-01 5.722741513463969198e-01 7.218715244335704995e-01 9.002416245706301723e-01 1.119531582390631552e+00 1.389153931142916854e+00 1.723749610941005539e+00 2.142737999987154307e+00 2.673109487599978351e+00 3.350322311097153616e+00 4.221023190921457946e+00 5.341578664887903116e+00 6.771810610903283845e+00 8.555425267827088120e+00 1.068766137224106316e+01 1.308897332828557936e+01
2.439006653521472856e+01 2.353767873417662670e+01 2.270328777530471598e+01 2.188847955387629440e+01 2.109060330292560437e+01 2.031165059724649069e+01 1.955112085498136310e+01 1.880844952867922615e+01 1.808348394140842785e+01 1.737634645765086105e+01 1.668748026451757482e+01 1.601566085530988914e+01 1.536111058702982390e+01 1.472346456450902608e+01 1.410343514754431915e+01 1.350063672800060388e+01 1.291362360103033247e+01 1.234376499505767200e+01 1.179034055194444441e+01 1.125260559002336791e+01 1.073107750887312051e+01 1.022520746574441297e+01 9.735010199596484171e+00 9.260239595991892614e+00 8.800647470278121887e+00 8.355519317391335576e+00 7.925400399206427693e+00 7.509526455463044314e+00 7.108376164768803740e+00 6.720816521324179504e+00 6.347108529511125141e+00 5.987168607200588077e+00 5.640393143414101473e+00 5.306579309153446999e+00 4.985930041632968823e+00 4.677701087943686886e+00 4.381839354534289299e+00 4.098052166649468475e+00 3.826431461724999483e+00 3.566151572632103584e+00 3.317427361747238290e+00 3.080008571490344682e+00 2.853348846465597610e+00 2.637394716460428334e+00 2.431967700700343737e+00 2.236776871086143537e+00 2.051473291501526575e+00 1.875960698834533424e+00 1.709935683040098020e+00 1.553197447026066769e+00 1.405403792512716077e+00 1.266508225622720030e+00 1.136098092216553113e+00 1.014026968758485747e+00 9.000257128691457886e-01 7.939385224857486989e-01 6.953770474033116322e-01 6.043672374152930793e-01 5.204378961608191467e-01 4.433943027574493989e-01 3.731804666398441661e-01 3.095022659761137440e-01 2.521026172692675260e-01 2.007963475259444408e-01 1.554520371249590305e-01 1.159043349077348850e-01 8.188818772911776733e-02 5.343850710222142197e-02 3.041535046892640537e-02 1.307534950940603125e-02 1.982090346075437992e-03 0.000000000000000000e+00 0.000000000000000000e+00 0.000000000000000000e+00 0.000000000000000000e+00 0.000000000000000000e+00 0.000000000000000000e+00 0.000000000000000000e+00 0.000000000000000000e+00 0.000000000000000000e+00 0.000000000000000000e+00 0.000000000000000000e+00 0.000000000000000000e+00 0.000000000000000000e+00 0.000000000000000000e+00 0.000000000000000000e+00 0.000000000000000000e+00 0.000000000000000000e+00 0.000000000000000000e+00 0.000000000000000000e+00 0.000000000000000000e+00 0.000000000000000000e+00 0.000000000000000000e+00 0.000000000000000000e+00 0.000000000000000000e+00 0.000000000000000000e+00 0.000000000000000000e+00 0.000000000000000000e+00 0.000000000000000000e+00 0.000000000000000000e+00 1.378100545390559262e-03 1.505014257963122049e-02 3.862506026302003903e-02 7.174078641898340436e-02 1.151243550526093173e-01 1.701365061381965305e-01 2.382680227592137712e-01 3.217312235772595841e-01 4.233281256075249743e-01 5.467033845234392508e-01 6.984857384996656648e-01 8.799376958871452103e-01 1.103706423433115091e+00 1.379682562548190106e+00 1.722719245546733280e+00 2.153330002652509290e+00 2.698961557712942216e+00 3.396685377413577456e+00 4.293897187451801045e+00 5.447386976452928131e+00 6.915256628089316848e+00 8.735929015510823348e+00 1.089609760912050263e+01 1.330561637972441602e+01
2.410788364831998365e+01 2.325568020871763153e+01 2.242101057482127757e+01 2.160510554924977100e+01 2.080815375948661483e+01 2.002978223547625802e+01 1.926930216510261928e+01 1.852651882769170655e+01 1.780263160802438804e+01 1.709582988076349253e+01 1.640807103911314613e+01 1.573765432448344015e+01 1.508365080941909042e+01 1.444820554345040975e+01 1.382963418600822081e+01 1.322799900661135730e+01 1.264284916019742155e+01 1.207487124444284277e+01 1.152353663800991157e+01 1.098805111034532089e+01 1.046878944898911357e+01 9.965469383188207075e+00 9.477705931176839016e+00 9.005584469941430470e+00 8.548813869576378011e+00 8.106813645402855428e+00 7.679842217641807522e+00 7.267310460108411974e+00 6.869207113075292526e+00 6.485400824083276561e+00 6.115324582596493030e+00 5.758953478889394795e+00 5.415999009421412325e+00 5.086370357747638238e+00 4.769540782181936223e+00 4.465587052376540633e+00 4.173985858131034732e+00 3.894645730850188059e+00 3.627356797936520660e+00 3.371707609091523228e+00 3.127639398582160446e+00 2.894771627898928834e+00 2.673059751536088768e+00 2.461981309562655262e+00 2.261513683349536397e+00 2.071280976603295798e+00 1.891112888168422490e+00 1.720719960796712744e+00 1.559917578436853525e+00 1.408466308032607639e+00 1.266067431495931928e+00 1.132469292192861410e+00 1.007533221793188716e+00 8.909204565667017128e-01 7.824689360323544562e-01 6.819524593631998144e-01 5.890747427328202335e-01 5.036918883700391980e-01 4.255004862623201767e-01 3.543910069408462427e-01 2.900403716965205270e-01 2.323361554107061799e-01 1.810304880020208174e-01 1.360762125433456760e-01 9.721243379271493623e-02 6.438725006825407604e-02 3.763499702392758550e-02 1.705816015922234641e-02 3.394484793339813677e-03 0.000000000000000000e+00 0.000000000000000000e+00 0.000000000000000000e+00 0.000000000000000000e+00 0.000000000000000000e+00 0.000000000000000000e+00 0.000000000000000000e+00 0.000000000000000000e+00 0.000000000000000000e+00 0.000000000000000000e+00 0.000000000000000000e+00 0.000000000000000000e+00 0.000000000000000000e+00 0.000000000000000000e+00 0.000000000000000000e+00 0.000000000000000000e+00 0.000000000000000000e+00 0.000000000000000000e+00 0.000000000000000000e+00 0.000000000000000000e+00 0.000000000000000000e+00 0.000000000000000000e+00 0.000000000000000000e+00 0.000000000000000000e+00 0.000000000000000000e+00 0.000000000000000000e+00 0.000000000000000000e+00 0.000000000000000000e+00 0.000000000000000000e+00 0.000000000000000000e+00 0.000000000000000000e+00 0.000000000000000000e+00 3.682389648318462605e-03 2.218034983367811463e-02 5.190841024811376769e-02 9.290011614885296254e-02 1.462042838457633387e-01 2.132830127375084928e-01 2.964661849498062551e-01 3.984304944120720116e-01 5.229556430935033973e-01 6.767402025643520780e-01 8.615163863550323597e-01 1.090125312952250347e+00 1.372626410648236650e+00 1.724789489757028171e+00 2.167633585727779533e+00 2.729748416292032687e+00 3.449169719947742241e+00 4.374321356114241333e+00 5.562244900545509907e+00 7.068726973159789040e+00 8.926558760536639880e+00 1.111266197239593190e+01 1.352747952379662522e+01
